ticker,shortName,sector,industry,lastPrice,rank_overall,score_FINAL,rating,score_valuation,score_profitability,score_growth,score_financial_health,score_trailingPE,score_forwardPE,score_trailingPegRatio,score_priceToBook,score_priceToSalesTrailing12Months,score_enterpriseToEbitda,score_returnOnEquity,score_returnOnAssets,score_profitMargins,score_grossMargins,score_operatingMargins,score_ebitdaMargins,score_revenueGrowth,score_earningsGrowth,score_earningsQuarterlyGrowth,score_debtToEquity,score_currentRatio,score_quickRatio,score_freeCashflow
MU,"Micron Technology, Inc.",Technology,Semiconductors,406.1600036621094,1,8.51,⭐ Excelente,6.68,9.06,9.96,8.75,7.15,9.88,9.81,2.63,1.37,7.1,8.54,9.7,9.84,7.1,9.92,9.56,10.0,9.93,9.93,9.13,9.22,9.3,7.39
INCY,Incyte Corporation,Healthcare,Biotechnology,94.78500366210938,2,7.81,✅ Buena,7.22,7.62,8.65,7.88,8.42,7.82,9.64,4.42,4.16,7.61,7.66,8.91,8.35,6.38,6.84,6.12,9.23,8.23,8.46,9.87,9.45,9.73,2.44
NVDA,NVIDIA Corporation,Technology,Semiconductors,181.7263946533203,3,7.74,✅ Buena,3.43,9.61,9.47,9.7,2.27,5.29,8.86,0.38,0.1,0.71,9.64,9.98,9.92,8.53,9.88,9.5,9.84,9.26,9.29,9.48,9.6,9.79,9.98
FSLR,"First Solar, Inc.",Technology,Solar,199.8000030517578,4,7.48,✅ Buena,7.8,6.88,7.38,7.9,8.65,9.3,9.33,6.34,3.68,8.43,5.69,6.85,8.97,4.49,8.11,8.09,6.78,7.58,7.84,9.51,8.88,9.22,3.94
MSFT,Microsoft Corporation,Technology,Software - Infrastructure,378.7699890136719,5,7.19,✅ Buena,4.11,8.94,8.56,7.93,5.45,3.53,6.98,2.32,1.03,4.22,8.07,9.15,9.82,8.27,9.58,9.3,8.19,8.76,8.75,7.98,6.03,7.67,9.96
ALL,Allstate Corporation (The),Financial Services,Insurance - Property & Casualty,211.2449951171875,6,7.12,✅ Buena,9.09,6.08,7.43,5.07,9.96,9.26,9.48,7.03,8.75,9.81,8.48,5.98,6.06,2.92,7.57,3.64,3.83,9.38,9.36,8.45,0.34,0.86,9.09
META,"Meta Platforms, Inc.",Communication Services,Internet Content & Information,596.5250244140625,7,7.08,✅ Buena,4.73,8.85,6.77,8.79,4.86,5.13,8.07,2.42,1.53,5.27,7.75,9.37,9.05,9.44,9.2,8.95,9.07,5.55,5.49,7.44,8.82,9.47,9.83
ADBE,Adobe Inc.,Technology,Software - Application,243.35499572753906,8,7.02,✅ Buena,6.93,9.16,5.91,5.88,8.63,8.88,8.93,2.0,3.78,7.81,9.21,9.58,9.01,9.74,8.92,7.83,7.08,5.68,4.83,6.41,2.66,4.98,9.18
CF,"CF Industries Holdings, Inc.",Basic Materials,Agricultural Inputs,122.22000122070312,9,6.93,✅ Buena,5.37,7.17,7.96,7.69,8.77,5.59,0.52,4.16,5.84,8.92,6.85,8.04,7.51,4.16,8.63,8.59,8.93,7.85,6.97,7.06,9.49,9.62,5.11
PTC,PTC Inc.,Technology,Software - Application,145.6300048828125,10,6.88,✅ Buena,4.76,8.24,9.18,5.5,6.2,4.67,6.12,3.68,2.29,4.63,6.78,8.34,8.79,9.6,8.43,8.31,8.78,9.4,9.4,7.69,5.03,5.76,3.15
NEM,Newmont Corporation,Basic Materials,Gold,118.80000305175781,11,6.74,✅ Buena,5.25,8.33,5.21,8.92,7.21,7.8,2.1,4.24,2.41,8.34,6.67,8.63,9.18,7.81,9.84,9.46,8.65,3.41,3.3,9.04,8.52,8.9,9.2
TROW,"T. Rowe Price Group, Inc.",Financial Services,Asset Management,91.01499938964844,11,6.74,✅ Buena,6.68,7.37,4.43,8.91,9.58,9.06,0.31,7.19,5.79,9.44,6.05,8.06,8.77,6.06,8.05,7.81,4.33,4.54,4.41,9.69,9.87,9.94,6.21
CTSH,Cognizant Technology Solutions ,Technology,Information Technology Services,61.689998626708984,13,6.72,✅ Buena,8.13,4.89,5.65,8.24,8.84,8.46,7.71,6.93,7.91,8.99,5.09,7.94,3.98,3.24,3.98,3.46,3.62,6.84,6.62,9.44,8.27,8.83,6.31
DECK,Deckers Outdoor Corporation,Consumer Cyclical,Footwear & Accessories,106.70999908447266,14,6.68,✅ Buena,6.29,7.89,5.17,7.66,8.3,6.13,6.5,2.99,5.55,8.28,8.52,9.68,7.24,6.96,7.93,5.35,4.92,5.62,4.93,9.19,9.18,9.24,3.04
GILD,"Gilead Sciences, Inc.",Healthcare,Drug Manufacturers - General,140.53500366210938,15,6.64,✅ Buena,5.72,8.83,5.73,6.4,6.47,6.07,9.55,2.18,2.35,6.28,8.65,8.69,8.87,9.22,8.83,8.89,3.52,6.91,6.92,3.21,6.65,7.64,8.99
WDC,Western Digital Corporation,Technology,Computer Hardware,340.010009765625,16,6.62,✅ Buena,3.2,7.8,9.45,6.73,3.18,2.04,9.17,0.97,0.66,0.77,8.69,7.57,9.56,4.83,7.99,6.84,9.11,9.63,9.63,5.74,6.35,7.05,8.06
GOOG,Alphabet Inc.,Communication Services,Internet Content & Information,315.5799865722656,16,6.62,✅ Buena,2.51,8.43,7.82,9.0,3.95,2.3,3.36,1.92,0.97,1.51,8.19,9.26,9.37,7.31,7.96,7.64,8.36,7.45,7.6,9.07,8.01,9.0,9.92
INTU,Intuit Inc.,Technology,Software - Application,403.78021240234375,18,6.61,✅ Buena,4.67,7.42,8.35,6.35,4.64,5.71,7.57,2.95,2.47,2.71,6.87,8.0,7.71,9.38,4.79,6.72,8.24,8.46,8.37,7.67,5.59,2.51,8.6
GOOGL,Alphabet Inc.,Communication Services,Internet Content & Information,318.2950134277344,19,6.6,✅ Buena,2.45,8.43,7.82,9.0,3.87,2.24,3.33,1.84,0.95,1.42,8.19,9.26,9.37,7.31,7.96,7.64,8.36,7.45,7.6,9.07,8.01,9.0,9.92
AVGO,Broadcom Inc.,Technology,Semiconductors,349.4200134277344,19,6.6,✅ Buena,2.82,8.76,8.26,7.51,0.67,3.77,8.98,0.67,0.04,0.32,7.96,8.08,9.68,9.05,9.44,9.18,9.32,7.51,7.89,4.42,7.85,8.76,9.89
PYPL,"PayPal Holdings, Inc.",Financial Services,Credit Services,46.08000183105469,21,6.59,✅ Buena,8.75,5.51,6.12,5.27,9.75,9.4,8.88,6.57,8.13,9.38,7.21,4.61,6.24,4.63,4.5,3.98,3.04,8.04,7.47,6.12,5.3,0.91,7.72
RMD,ResMed Inc.,Healthcare,Medical Instruments & Supplies,233.2100067138672,22,6.58,✅ Buena,4.43,8.08,6.29,8.27,5.72,3.95,6.36,3.23,2.15,4.19,7.19,9.09,8.55,7.53,8.61,7.67,6.71,6.01,6.11,9.17,9.39,9.11,5.41
EQT,EQT Corporation,Energy,Oil & Gas E&P,59.47999954223633,22,6.58,✅ Buena,5.53,6.68,8.88,5.17,7.38,7.01,0.45,7.96,3.26,8.75,2.6,5.11,8.31,9.2,9.76,9.92,9.18,8.64,8.82,8.16,1.77,3.67,6.19
UHS,"Universal Health Services, Inc.",Healthcare,Medical Care Facilities,186.38999938964844,24,6.55,✅ Buena,8.74,4.96,7.38,4.21,9.81,9.5,6.88,7.92,9.09,9.48,6.48,7.13,3.14,5.01,2.7,2.68,6.03,8.2,8.0,5.38,3.78,5.42,2.26
PLTR,Palantir Technologies Inc.,Technology,Software - Infrastructure,146.47999572753906,25,6.44,🔶 Neutral,0.44,8.47,9.87,8.64,0.08,0.08,1.93,0.16,0.0,0.02,7.25,8.48,9.64,9.48,9.09,6.98,9.82,9.88,9.91,9.75,9.92,9.96,4.98
MNST,Monster Beverage Corporation,Consumer Defensive,Beverages - Non-Alcoholic,75.48999786376953,25,6.44,🔶 Neutral,1.9,7.83,8.67,8.72,1.95,1.06,3.6,1.96,1.11,1.2,7.36,9.52,7.99,6.7,7.89,6.96,8.29,8.87,8.87,9.93,9.56,9.7,5.62
EIX,Edison International,Utilities,Utilities - Regulated Electric,74.0989990234375,27,6.43,🔶 Neutral,6.94,6.78,9.66,1.21,9.9,7.58,1.43,7.64,7.79,8.45,7.04,3.31,8.03,7.0,8.73,8.27,9.37,9.82,9.82,1.35,1.52,1.01,0.91
VRTX,Vertex Pharmaceuticals Incorpor,Healthcare,Biotechnology,441.6400146484375,28,6.42,🔶 Neutral,2.97,7.98,7.12,8.75,4.1,3.45,3.45,2.75,0.99,2.09,6.76,8.65,9.4,6.46,9.03,8.07,6.17,7.63,7.63,9.33,9.24,9.32,7.11
LVS,Las Vegas Sands Corp.,Consumer Cyclical,Resorts & Casinos,55.290000915527344,29,6.37,🔶 Neutral,5.56,7.59,7.85,4.23,5.55,5.91,7.98,0.5,5.63,7.51,9.42,7.47,4.85,9.34,6.44,7.28,9.15,7.4,6.86,0.25,4.6,6.92,6.49
LLY,Eli Lilly and Company,Healthcare,Drug Manufacturers - General,956.7449951171875,30,6.35,🔶 Neutral,2.6,9.44,8.95,4.88,1.64,2.48,7.81,0.26,0.48,1.05,9.61,9.66,9.24,9.58,9.4,8.81,9.64,8.62,8.55,2.09,6.71,4.88,6.4
ANET,"Arista Networks, Inc.",Technology,Computer Hardware,144.13999938964844,30,6.35,🔶 Neutral,1.56,8.67,7.53,9.16,1.21,0.86,4.62,1.11,0.12,0.43,7.81,9.05,9.8,7.91,9.26,8.39,9.28,6.49,6.69,9.96,9.35,9.43,7.8
ELV,"Elevance Health, Inc.",Healthcare,Healthcare Plans,316.5198974609375,32,6.34,🔶 Neutral,8.4,2.67,7.2,6.75,9.13,7.9,7.38,7.8,9.56,9.18,4.55,4.0,1.29,2.19,0.5,1.01,6.17,7.79,7.72,5.04,6.6,8.14,7.84
LRCX,Lam Research Corporation,Technology,Semiconductor Equipment & Materials,245.75,33,6.32,🔶 Neutral,1.66,8.59,8.24,8.09,1.16,0.72,5.74,0.32,0.26,0.49,9.36,9.76,9.09,5.92,8.45,7.46,8.91,7.81,7.97,7.22,8.48,8.54,8.38
GEN,Gen Digital Inc.,Technology,Software - Infrastructure,19.094999313354492,34,6.31,🔶 Neutral,7.42,7.21,7.53,2.0,6.94,9.64,9.43,3.39,6.04,8.06,7.38,6.44,4.97,9.24,8.71,8.25,9.13,6.61,6.74,0.78,0.63,1.58,5.17
TXT,Textron Inc.,Industrials,Aerospace & Defense,91.16000366210938,35,6.3,🔶 Neutral,7.45,2.87,8.62,5.95,7.48,7.13,7.48,6.73,8.43,7.53,4.1,4.16,2.25,1.33,1.67,1.95,7.97,9.01,8.92,6.57,7.89,5.74,3.45
MKTX,"MarketAxess Holdings, Inc.",Financial Services,Capital Markets,177.68499755859375,36,6.28,🔶 Neutral,4.17,7.96,6.41,7.19,4.59,3.85,6.21,3.17,1.39,5.55,6.18,8.53,8.93,7.67,8.79,8.93,2.94,8.34,8.21,8.5,9.47,9.64,1.38
EPAM,"EPAM Systems, Inc.",Technology,Information Technology Services,134.5500030517578,36,6.28,🔶 Neutral,7.84,3.53,5.99,7.72,6.78,8.6,8.45,6.83,8.05,8.47,3.26,6.65,2.56,2.52,2.74,2.27,7.32,5.46,5.05,9.66,8.8,9.49,2.91
JNJ,Johnson & Johnson,Healthcare,Drug Manufacturers - General,239.1750030517578,38,6.27,🔶 Neutral,4.03,7.85,7.62,5.99,6.13,3.97,4.98,2.36,2.21,3.31,8.11,7.23,8.75,8.19,6.48,7.48,6.03,8.48,8.48,6.19,3.48,4.14,9.74
V,Visa Inc.,Financial Services,Credit Services,308.9700012207031,39,6.26,🔶 Neutral,2.93,9.63,6.8,6.38,4.01,2.99,5.38,1.07,0.32,2.43,9.14,9.56,9.9,9.88,9.94,9.8,7.83,6.31,6.17,6.55,4.28,4.45,9.81
ADI,"Analog Devices, Inc.",Technology,Semiconductors,346.94500732421875,40,6.25,🔶 Neutral,2.79,5.85,9.43,7.95,0.77,1.46,8.55,3.37,0.3,0.88,2.15,4.24,8.01,7.73,8.33,8.67,9.35,9.49,9.45,8.39,7.45,7.7,8.12
MKC,"McCormick & Company, Incorporat",Consumer Defensive,Packaged Foods,51.18000030517578,40,6.25,🔶 Neutral,6.56,5.65,9.28,2.77,9.79,5.69,4.21,6.89,6.88,5.59,7.17,4.59,8.05,4.04,3.46,3.76,8.19,9.86,9.86,5.78,1.68,1.08,1.59
APH,Amphenol Corporation,Technology,Electronic Components,133.6199951171875,42,6.24,🔶 Neutral,2.57,7.18,9.07,7.04,1.77,1.68,6.26,1.37,1.69,1.68,8.3,8.75,6.98,3.88,7.18,6.62,9.68,8.72,8.78,2.98,9.28,9.45,7.74
DXCM,"DexCom, Inc.",Healthcare,Medical Devices,65.66999816894531,43,6.23,🔶 Neutral,3.43,7.18,8.52,6.38,3.41,2.79,6.45,1.88,2.58,2.34,8.09,7.43,6.7,7.44,6.86,5.29,7.41,9.12,9.1,6.73,7.76,8.48,2.89
BEN,"Franklin Resources, Inc.",Financial Services,Asset Management,24.920000076293945,44,6.18,🔶 Neutral,8.26,2.5,6.72,6.97,5.74,9.18,9.67,8.97,7.81,8.3,1.14,1.6,2.62,3.82,4.19,3.78,2.91,8.82,8.71,8.52,9.81,7.91,1.53
MCO,Moody's Corporation,Financial Services,Financial Data & Stock Exchanges,452.07000732421875,45,6.17,🔶 Neutral,2.26,9.12,8.23,5.75,2.95,2.16,4.07,0.71,0.78,1.98,9.31,8.97,9.28,8.87,9.3,8.79,7.37,8.72,8.64,1.88,7.41,8.42,6.59
TEL,TE Connectivity plc,Technology,Electronic Components,223.77999877929688,45,6.17,🔶 Neutral,4.55,5.34,8.47,6.77,3.16,4.41,7.11,3.35,4.25,4.73,5.34,7.63,4.29,3.52,5.67,5.31,8.86,8.27,8.25,7.15,7.1,6.08,6.53
CPAY,"Corpay, Inc.",Technology,Software - Infrastructure,302.7900085449219,47,6.14,🔶 Neutral,6.39,7.94,6.45,3.14,6.69,8.3,8.71,3.27,3.12,6.92,7.53,5.72,8.11,9.32,9.8,9.11,8.7,5.21,5.29,1.1,3.12,2.29,6.27
CRM,"Salesforce, Inc.",Technology,Software - Application,183.19500732421875,48,6.13,🔶 Neutral,6.02,5.93,6.54,6.05,5.59,7.25,7.76,5.37,3.62,5.51,4.21,4.97,6.72,9.11,5.11,6.66,7.12,6.35,6.09,8.12,1.74,3.73,9.72
AMGN,Amgen Inc.,Healthcare,Drug Manufacturers - General,350.3800048828125,48,6.13,🔶 Neutral,3.88,8.23,8.14,4.38,5.07,5.89,3.0,0.59,2.88,5.7,9.7,6.95,7.57,8.51,7.79,8.51,5.73,9.42,9.47,0.34,4.57,4.49,8.97
QCOM,QUALCOMM Incorporated,Technology,Semiconductors,126.78500366210938,50,6.12,🔶 Neutral,6.36,6.74,3.72,8.0,4.76,7.56,9.29,2.91,5.35,7.96,6.55,9.01,4.6,6.54,7.2,6.76,3.73,3.92,3.49,5.85,8.73,8.71,9.27
ACN,Accenture plc,Technology,Information Technology Services,197.10000610351562,50,6.12,🔶 Neutral,6.65,5.35,4.92,7.8,7.9,6.81,5.86,4.12,7.34,8.13,7.12,8.28,4.02,2.98,3.24,3.34,5.61,4.62,4.48,8.41,5.68,7.49,9.44
BR,"Broadridge Financial Solutions,",Technology,Information Technology Services,162.4250030517578,52,6.09,🔶 Neutral,5.94,6.12,7.95,3.95,7.26,5.43,7.5,2.5,5.86,6.54,8.76,7.6,5.98,2.9,2.76,5.11,5.31,9.35,9.38,3.05,3.08,5.26,4.85
PGR,Progressive Corporation (The),Financial Services,Insurance - Property & Casualty,198.47999572753906,53,6.06,🔶 Neutral,6.12,5.51,7.16,5.26,9.52,7.23,0.14,4.2,8.09,9.01,8.63,6.92,5.13,1.45,4.14,3.14,7.18,7.12,7.2,8.72,0.3,1.15,9.35
GDDY,GoDaddy Inc.,Technology,Software - Infrastructure,83.82009887695312,54,6.05,🔶 Neutral,7.17,7.65,6.38,1.96,8.86,9.54,9.05,0.12,6.22,7.29,9.85,7.31,6.66,7.87,6.76,5.39,4.72,7.53,6.99,0.07,1.05,2.03,5.09
SOLV,Solventum Corporation,Healthcare,Medical Instruments & Supplies,64.85199737548828,54,6.05,🔶 Neutral,7.93,5.31,6.43,3.69,9.85,8.9,7.05,6.36,8.03,6.17,8.41,2.17,7.04,6.42,1.49,2.49,0.96,9.33,9.43,3.45,5.07,3.8,2.5
BSX,Boston Scientific Corporation,Healthcare,Medical Devices,62.439998626708984,56,6.04,🔶 Neutral,4.92,5.69,7.06,6.86,3.2,5.37,9.02,4.22,3.24,2.8,4.25,5.66,5.81,8.29,5.23,5.65,8.05,6.43,6.64,6.86,6.89,5.82,7.67
AMD,"Advanced Micro Devices, Inc.",Technology,Semiconductors,232.35000610351562,57,6.03,🔶 Neutral,2.99,3.73,9.58,9.01,0.35,2.89,9.1,2.73,0.62,0.24,1.91,2.55,4.87,6.32,4.35,3.84,9.45,9.65,9.66,9.55,9.14,8.95,8.3
PAYC,"Paycom Software, Inc.",Technology,Software - Application,122.91000366210938,57,6.03,🔶 Neutral,6.93,7.31,5.04,4.33,8.25,8.0,7.55,4.28,4.91,7.89,7.4,5.07,7.85,9.66,7.51,6.8,6.42,4.3,4.28,9.6,4.11,0.3,1.44
NTAP,"NetApp, Inc.",Technology,Software - Infrastructure,99.11000061035156,59,6.01,🔶 Neutral,6.22,7.87,5.1,4.51,7.82,7.45,7.33,0.89,5.47,7.44,9.72,7.96,6.76,8.49,6.78,5.47,3.37,6.18,5.86,1.19,6.08,7.51,4.55
CBOE,"Cboe Global Markets, Inc.",Financial Services,Financial Data & Stock Exchanges,294.2149963378906,60,6.0,🔶 Neutral,2.64,7.49,7.73,7.01,4.26,2.44,1.31,2.83,2.01,3.12,6.82,8.26,8.07,6.1,8.75,7.24,5.8,8.79,8.75,8.0,7.72,7.13,5.02
ES,Eversource Energy (D/B/A),Utilities,Utilities - Regulated Electric,70.08000183105469,60,6.0,🔶 Neutral,7.38,4.62,9.04,1.84,8.21,6.61,7.79,7.72,6.84,6.73,3.48,2.47,4.83,6.44,6.0,7.26,7.56,9.84,9.84,1.77,1.29,1.05,3.1
GRMN,Garmin Ltd.,Technology,Scientific & Technical Instruments,252.4499969482422,60,6.0,🔶 Neutral,2.53,7.3,7.26,8.01,3.91,2.06,1.74,3.21,1.93,2.19,6.29,8.4,7.97,7.14,7.53,6.26,8.15,6.81,6.76,9.82,9.54,9.41,3.19
MA,Mastercard Incorporated,Financial Services,Credit Services,508.9599914550781,63,5.99,🔶 Neutral,2.66,9.84,7.4,4.43,3.66,2.59,5.71,0.08,0.38,1.96,9.87,9.84,9.86,9.96,9.82,9.54,8.29,7.03,6.78,1.01,3.55,4.07,9.7
DVA,DaVita Inc.,Healthcare,Medical Care Facilities,151.13999938964844,64,5.96,🔶 Neutral,8.82,5.3,4.82,3.9,7.98,8.82,9.26,9.6,8.87,8.39,9.33,6.53,2.15,3.02,3.72,4.02,6.32,4.91,2.98,0.11,5.33,7.34,4.27
TPR,"Tapestry, Inc.",Consumer Cyclical,Luxury Goods,150.52000427246094,64,5.96,🔶 Neutral,3.66,7.25,8.68,4.42,0.87,3.11,9.69,0.1,3.7,3.59,9.16,9.17,2.6,9.03,7.48,5.07,7.71,9.24,9.17,0.27,6.96,6.22,5.43
LULU,lululemon athletica inc.,Consumer Cyclical,Apparel Retail,160.25999450683594,66,5.95,🔶 Neutral,7.74,7.2,2.01,6.61,9.19,7.33,8.74,4.34,7.3,9.4,8.05,9.49,5.73,6.82,6.06,5.13,1.93,2.14,1.95,7.65,8.5,6.76,3.34
WDAY,"Workday, Inc.",Technology,Software - Application,126.375,67,5.93,🔶 Neutral,5.22,3.59,8.41,6.84,1.25,8.36,9.31,3.84,4.55,1.83,2.27,3.03,2.68,8.99,2.78,2.58,7.8,8.85,8.62,6.84,5.57,7.58,7.5
SYK,Stryker Corporation,Healthcare,Medical Devices,338.9200134277344,68,5.92,🔶 Neutral,3.29,6.18,8.06,6.87,1.75,3.39,5.67,3.03,2.86,2.49,5.04,6.92,5.17,7.95,7.14,5.96,6.91,8.66,8.69,5.16,7.81,6.69,8.15
IBM,International Business Machines,Technology,Information Technology Services,244.32000732421875,68,5.92,🔶 Neutral,4.12,6.54,8.52,4.62,6.09,4.37,3.07,2.38,4.71,3.48,8.13,5.19,6.22,7.02,6.7,4.99,7.18,9.22,9.26,1.57,2.95,5.13,9.53
KLAC,KLA Corporation,Technology,Semiconductor Equipment & Materials,1665.699951171875,70,5.91,🔶 Neutral,1.55,9.17,7.04,6.97,1.27,0.78,5.12,0.2,0.14,0.62,9.59,9.78,9.58,7.55,9.18,8.49,5.02,8.09,8.16,3.25,9.09,9.03,7.65
FDS,FactSet Research Systems Inc.,Financial Services,Financial Data & Stock Exchanges,223.5,70,5.91,🔶 Neutral,6.67,7.62,3.89,5.18,8.54,7.52,6.95,4.14,4.57,7.59,7.47,8.16,8.25,6.24,7.63,7.73,4.92,3.43,3.23,5.13,6.24,7.45,2.37
ALGN,"Align Technology, Inc.",Healthcare,Medical Instruments & Supplies,178.6999969482422,72,5.87,🔶 Neutral,5.69,5.16,6.39,6.37,3.31,6.15,8.21,4.93,5.17,6.39,3.3,6.36,3.82,8.41,6.08,4.31,3.89,7.76,7.69,9.78,5.85,7.41,1.96
AMAT,"Applied Materials, Inc.",Technology,Semiconductor Equipment & Materials,385.29998779296875,72,5.87,🔶 Neutral,2.04,7.97,6.32,8.42,1.85,1.24,5.29,1.21,0.68,0.8,8.43,9.13,8.59,5.77,7.65,6.88,1.3,9.06,8.99,7.89,8.95,8.86,8.19
ORCL,Oracle Corporation,Technology,Software - Infrastructure,144.57000732421875,74,5.85,🔶 Neutral,4.21,8.0,7.78,3.19,4.68,4.39,8.17,1.33,2.05,2.6,9.18,5.88,8.37,8.09,8.13,8.29,8.86,7.05,7.38,0.67,5.78,7.58,0.11
NFLX,"Netflix, Inc.",Communication Services,Entertainment,99.05500030517578,74,5.85,🔶 Neutral,1.86,7.87,7.83,6.81,1.89,1.74,3.71,1.03,1.01,0.84,8.8,9.19,8.23,5.73,6.58,6.68,8.29,7.6,7.56,5.92,4.83,6.79,9.87
CSCO,"Cisco Systems, Inc.",Technology,Communication Equipment,82.48999786376953,76,5.83,🔶 Neutral,4.0,6.88,7.12,5.66,3.83,4.29,7.0,2.46,2.54,2.28,6.93,6.4,7.06,7.93,6.72,5.94,6.27,7.49,7.69,5.7,2.92,4.54,9.25
AOS,A.O. Smith Corporation,Industrials,Specialty Industrial Machinery,66.56500244140625,76,5.83,🔶 Neutral,6.13,6.39,4.76,6.02,7.61,5.67,6.55,3.41,6.14,7.35,7.55,9.03,5.75,4.27,4.65,4.39,1.82,6.49,6.17,9.3,6.48,5.82,1.77
JKHY,"Jack Henry & Associates, Inc.",Technology,Information Technology Services,158.44500732421875,78,5.81,🔶 Neutral,3.72,7.1,6.68,6.24,5.88,2.51,3.38,3.31,3.16,3.94,7.08,8.85,7.53,4.99,6.9,6.18,5.39,7.33,7.43,9.73,6.81,6.14,1.55
SPGI,S&P Global Inc.,Financial Services,Financial Data & Stock Exchanges,440.44000244140625,79,5.79,🔶 Neutral,3.69,7.19,6.99,5.69,3.76,3.59,5.93,3.78,1.23,2.86,4.48,6.16,8.95,8.47,8.85,8.91,5.96,7.56,7.52,7.51,2.07,4.11,8.41
REGN,"Regeneron Pharmaceuticals, Inc.",Healthcare,Biotechnology,769.6799926757812,80,5.78,🔶 Neutral,5.36,6.27,3.14,9.12,7.23,6.03,5.48,5.8,2.43,3.72,4.98,5.6,9.2,5.19,6.34,6.5,2.46,3.7,3.26,9.42,9.64,9.81,7.69
ISRG,"Intuitive Surgical, Inc.",Healthcare,Medical Instruments & Supplies,470.1549987792969,80,5.78,🔶 Neutral,1.2,7.34,7.05,9.1,0.83,0.46,3.05,1.8,0.2,0.34,5.45,7.63,8.71,8.01,7.73,7.38,8.45,6.21,6.4,9.91,9.79,9.85,6.85
PSX,Phillips 66,Energy,Oil & Gas Refining & Marketing,166.96499633789062,82,5.77,🔶 Neutral,7.63,2.54,7.22,5.2,8.15,7.64,7.67,6.3,9.44,5.78,5.15,3.23,1.49,0.91,0.66,1.09,2.07,10.0,10.0,5.2,5.4,5.19,5.0
RL,Ralph Lauren Corporation,Consumer Cyclical,Apparel Manufacturing,373.0050048828125,82,5.77,🔶 Neutral,4.31,6.57,7.04,5.38,4.93,3.21,5.5,2.16,5.57,4.26,8.0,7.7,4.51,8.37,5.47,3.28,7.18,7.1,6.8,3.72,8.23,8.2,2.28
BBY,"Best Buy Co., Inc.",Consumer Cyclical,Specialty Retail,65.19999694824219,84,5.76,🔶 Neutral,7.91,4.17,6.92,3.05,9.0,8.86,7.02,3.6,9.6,9.57,8.37,6.63,1.19,1.95,1.03,1.23,1.59,9.79,9.79,2.62,4.24,1.77,3.38
NDSN,Nordson Corporation,Industrials,Specialty Industrial Machinery,274.8351135253906,84,5.76,🔶 Neutral,3.47,6.57,7.39,6.13,3.8,2.69,4.64,3.5,2.68,3.18,5.71,6.99,6.92,6.6,6.74,6.94,5.85,8.25,8.18,5.63,8.97,8.38,2.09
ZTS,Zoetis Inc.,Healthcare,Drug Manufacturers - Specialty & Generic,119.33499908447266,86,5.73,🔶 Neutral,4.36,8.91,4.03,5.92,6.76,5.39,4.14,1.09,2.52,5.66,9.38,9.21,8.65,8.67,8.59,8.33,2.67,4.84,4.68,0.92,9.32,8.88,6.14
AON,Aon plc,Financial Services,Insurance Brokers,329.2900085449219,87,5.72,🔶 Neutral,4.44,7.22,7.29,3.79,7.07,5.63,2.57,2.24,3.64,4.99,8.99,5.56,7.67,5.53,7.91,7.06,3.04,9.56,9.59,2.04,4.26,1.15,7.52
TRV,"The Travelers Companies, Inc.",Financial Services,Insurance - Property & Casualty,299.7850036621094,88,5.7,🔶 Neutral,7.23,4.66,5.46,5.01,9.4,8.14,2.95,6.85,7.99,9.05,6.38,3.15,5.08,2.54,6.92,3.5,2.94,6.91,6.71,8.18,0.32,0.63,9.4
KEYS,Keysight Technologies Inc.,Technology,Scientific & Technical Instruments,318.57501220703125,89,5.69,🔶 Neutral,1.82,5.83,8.96,7.24,0.98,0.94,4.83,1.98,0.91,0.41,5.64,5.49,6.46,7.63,4.08,4.81,9.0,8.99,8.9,7.2,8.84,8.92,4.33
TER,"Teradyne, Inc.",Technology,Semiconductor Equipment & Materials,349.69000244140625,90,5.68,🔶 Neutral,1.24,6.88,9.31,6.31,0.27,0.38,4.79,0.73,0.16,0.17,6.27,8.1,6.58,7.04,7.77,5.41,9.66,9.17,9.08,9.37,7.43,6.39,1.47
SNA,Snap-On Incorporated,Industrials,Tools & Accessories,377.8900146484375,91,5.67,🔶 Neutral,5.0,6.72,3.81,7.67,6.92,4.65,3.79,4.77,4.06,6.06,5.99,7.86,7.32,6.14,6.82,5.84,2.72,4.42,4.37,8.77,9.75,9.83,2.54
RCL,Royal Caribbean Cruises Ltd.,Consumer Cyclical,Travel Services,284.4849853515625,91,5.67,🔶 Neutral,5.63,7.5,7.8,0.78,7.28,6.51,7.4,2.22,3.46,5.44,9.03,6.77,8.15,6.02,5.96,7.57,7.51,7.85,8.09,1.37,0.13,0.34,1.08
MPC,Marathon Petroleum Corporation,Energy,Oil & Gas Refining & Marketing,231.22999572753906,91,5.67,🔶 Neutral,7.3,3.32,6.85,4.71,7.71,7.05,8.1,4.1,9.4,7.01,7.06,4.44,1.4,0.8,1.33,1.33,1.53,9.72,9.72,2.56,5.21,4.35,7.09
FFIV,"F5, Inc.",Technology,Software - Infrastructure,308.1050109863281,94,5.65,🔶 Neutral,3.78,7.31,5.3,6.8,4.84,4.23,3.86,3.45,2.49,2.99,6.42,7.01,7.93,9.4,6.94,6.16,5.08,5.46,5.38,9.46,6.67,8.04,2.76
NDAQ,"Nasdaq, Inc.",Financial Services,Financial Data & Stock Exchanges,88.70500183105469,95,5.64,🔶 Neutral,3.22,7.55,8.08,3.82,4.12,3.35,3.5,3.88,0.89,3.08,5.11,4.91,9.48,9.96,9.6,9.4,7.56,8.39,8.34,4.71,3.32,0.65,5.8
CB,Chubb Limited,Financial Services,Insurance - Property & Casualty,328.7950134277344,96,5.59,🔶 Neutral,6.54,4.48,6.06,4.97,9.09,7.66,1.98,7.41,6.48,7.12,4.79,2.36,6.54,2.56,6.52,4.67,3.96,7.27,7.1,8.03,0.38,0.57,9.42
PHM,"PulteGroup, Inc.",Consumer Cyclical,Residential Construction,120.25050354003906,96,5.59,🔶 Neutral,8.26,5.25,0.94,7.8,9.42,8.1,7.62,7.27,8.07,9.31,5.82,8.12,5.01,2.27,4.67,3.6,0.69,1.08,1.08,8.9,9.94,6.28,5.56
BLK,"BlackRock, Inc.",Financial Services,Asset Management,1009.4500122070312,98,5.57,🔶 Neutral,4.83,5.53,4.18,8.48,4.16,5.19,7.07,5.47,2.07,4.15,3.43,2.91,7.95,5.49,8.77,7.95,9.04,1.58,1.54,8.61,8.08,8.24,8.92
NXPI,NXP Semiconductors N.V.,Technology,Semiconductors,204.9199981689453,99,5.54,🔶 Neutral,5.78,6.67,3.83,5.92,4.72,7.29,9.19,3.33,3.56,5.05,6.38,6.97,6.38,6.66,6.99,7.08,5.02,3.17,3.23,2.94,8.12,7.24,6.23
MRK,"Merck & Company, Inc.",Healthcare,Drug Manufacturers - General,122.0999984741211,99,5.54,🔶 Neutral,4.89,8.55,2.63,6.4,7.78,7.15,1.24,3.07,3.22,7.16,8.33,8.59,8.63,9.07,8.21,8.47,3.73,2.07,2.0,3.83,6.62,6.24,9.38
CHTR,"Charter Communications, Inc.",Communication Services,Telecom Services,221.69500732421875,101,5.51,🔶 Neutral,9.35,6.08,2.89,2.31,9.92,9.86,9.62,7.35,9.38,9.61,7.51,5.27,3.44,6.62,6.68,8.03,1.27,4.35,3.08,0.49,0.41,1.29,7.2
PEP,"Pepsico, Inc.",Consumer Defensive,Beverages - Non-Alcoholic,153.58999633789062,101,5.51,🔶 Neutral,4.73,6.04,7.24,3.87,4.78,5.05,5.05,1.64,6.34,5.61,8.82,7.49,3.24,6.5,3.36,3.8,4.08,8.94,8.94,0.99,2.32,3.67,9.03
AAPL,Apple Inc.,Technology,Consumer Electronics,257.62188720703125,101,5.51,🔶 Neutral,1.82,8.56,6.96,5.4,3.01,1.28,3.14,0.18,1.19,1.31,9.83,9.86,8.47,5.57,8.67,7.32,8.01,6.38,6.4,3.48,3.1,5.4,10.0
T,AT&T Inc.,Communication Services,Telecom Services,27.341800689697266,101,5.51,🔶 Neutral,7.79,5.87,3.19,4.55,9.69,7.92,5.6,7.45,7.67,8.82,6.07,3.62,6.6,7.28,4.81,7.36,2.98,3.28,3.33,2.87,2.56,3.41,9.48
FIS,Fidelity National Information S,Technology,Information Technology Services,46.81999969482422,105,5.5,🔶 Neutral,6.78,3.24,7.92,3.4,0.75,9.58,9.76,7.47,6.26,6.99,0.97,4.06,1.59,3.78,6.64,6.42,5.56,9.19,9.2,3.86,0.93,2.23,6.25
ALLE,Allegion plc,Industrials,Security & Protection Services,144.0050048828125,106,5.46,🔶 Neutral,5.04,6.86,5.07,4.85,7.05,5.79,3.4,2.81,5.25,5.81,8.22,8.32,6.26,5.25,5.77,5.27,6.13,4.47,4.53,3.43,7.68,6.94,2.05
D,"Dominion Energy, Inc.",Utilities,Utilities - Regulated Electric,62.69499969482422,106,5.46,🔶 Neutral,5.3,4.94,9.36,1.5,7.3,5.25,2.14,6.97,4.83,5.94,3.0,2.34,6.78,5.84,5.98,8.87,8.62,9.77,9.75,2.29,1.84,1.51,0.19
MDT,Medtronic plc.,Healthcare,Medical Devices,88.0,106,5.46,🔶 Neutral,5.73,4.9,3.75,7.87,5.11,6.17,5.98,6.28,5.15,5.63,2.81,4.3,5.21,7.97,5.33,5.67,5.8,2.58,2.74,6.48,8.78,8.52,8.1
LMT,Lockheed Martin Corporation,Industrials,Aerospace & Defense,629.530029296875,109,5.45,🔶 Neutral,4.24,4.69,8.36,4.59,3.93,3.73,6.57,0.61,6.9,2.62,9.51,6.67,2.43,0.78,1.91,1.87,6.03,9.61,9.61,0.81,4.09,5.89,8.58
DG,Dollar General Corporation,Consumer Defensive,Discount Stores,122.25499725341797,109,5.45,🔶 Neutral,6.64,3.39,7.69,3.42,7.44,5.65,6.33,4.91,9.11,6.52,6.12,4.28,1.57,2.8,1.27,1.45,4.28,9.52,9.54,1.79,4.43,0.49,6.7
STE,STERIS plc (Ireland),Healthcare,Medical Devices,223.76499938964844,111,5.4,🔶 Neutral,4.27,4.8,5.9,7.23,3.47,3.41,5.17,5.03,4.1,4.9,3.35,6.04,4.67,5.09,4.83,5.79,6.09,5.81,5.79,8.21,8.71,8.44,3.62
IQV,"IQVIA Holdings, Inc.",Healthcare,Diagnostics & Research,174.71499633789062,112,5.36,🔶 Neutral,6.51,4.38,6.66,3.22,6.01,7.21,8.81,3.62,7.12,4.88,6.52,4.89,3.0,3.1,3.68,3.42,6.45,6.98,6.53,1.08,1.65,3.93,6.81
A,"Agilent Technologies, Inc.",Healthcare,Diagnostics & Research,116.93000030517578,112,5.36,🔶 Neutral,4.64,6.56,4.06,6.59,4.7,4.59,7.17,3.54,3.1,3.57,6.31,7.19,6.82,6.3,6.26,6.06,4.82,3.54,3.79,6.66,8.21,8.29,3.53
EOG,"EOG Resources, Inc.",Energy,Oil & Gas E&P,137.47999572753906,114,5.35,🔶 Neutral,6.04,6.83,1.35,7.46,8.32,7.94,1.17,5.92,4.97,9.27,5.52,7.03,7.81,7.65,4.31,9.07,1.82,1.11,1.1,8.09,6.98,7.83,6.9
ADSK,"Autodesk, Inc.",Technology,Software - Application,244.1199951171875,115,5.34,🔶 Neutral,3.35,7.65,6.13,4.46,1.35,4.81,8.14,0.87,1.63,1.12,8.5,7.78,6.14,9.78,7.16,5.61,8.51,4.87,4.83,4.1,2.3,4.2,7.26
CI,The Cigna Group,Healthcare,Healthcare Plans,274.2900085449219,116,5.33,🔶 Neutral,8.87,2.5,4.07,5.15,9.17,9.28,8.6,7.49,9.68,8.9,5.06,3.66,1.07,0.74,0.74,0.99,6.49,2.89,2.61,4.98,2.27,3.93,9.22
GPN,Global Payments Inc.,Industrials,Specialty Business Services,65.44999694824219,116,5.33,🔶 Neutral,8.78,4.96,1.05,5.99,8.44,9.9,9.9,9.29,6.16,8.17,1.27,1.98,6.8,8.71,7.34,8.45,1.82,0.65,0.62,3.9,7.24,7.54,5.99
FDX,FedEx Corporation,Industrials,Integrated Freight & Logistics,370.3500061035156,118,5.31,🔶 Neutral,6.62,3.4,6.09,4.78,6.9,5.17,6.83,5.23,8.55,7.76,5.26,4.85,2.01,2.31,1.46,2.17,5.61,6.28,6.44,2.58,6.43,7.3,3.75
MAS,Masco Corporation,Industrials,Building Products & Equipment,61.9900016784668,119,5.3,🔶 Neutral,7.61,6.42,2.51,3.93,7.94,6.77,6.62,9.86,7.38,7.57,10.0,9.29,4.04,3.5,3.58,3.7,1.34,3.23,3.05,0.02,7.57,6.81,2.65
CVS,CVS Health Corporation,Healthcare,Healthcare Plans,78.38999938964844,119,5.3,🔶 Neutral,7.32,1.01,7.89,4.37,0.94,8.64,9.83,8.53,9.72,7.03,0.88,1.73,0.68,1.07,0.54,0.93,5.64,9.08,9.15,3.41,2.17,3.1,8.73
AMZN,"Amazon.com, Inc.",Consumer Cyclical,Internet Retail,221.60000610351562,121,5.28,🔶 Neutral,3.87,5.3,5.84,6.67,3.56,2.28,5.52,3.01,4.87,4.11,6.65,6.34,4.12,5.96,2.39,4.1,7.61,4.75,5.05,7.31,3.76,5.38,9.85
CMI,Cummins Inc.,Industrials,Specialty Industrial Machinery,591.8200073242188,122,5.27,🔶 Neutral,4.51,4.56,6.02,6.36,4.03,3.99,5.95,2.48,6.1,4.3,6.95,6.79,3.06,2.21,2.49,2.76,2.0,8.16,8.23,6.17,7.47,6.52,5.34
PNR,Pentair plc.,Industrials,Specialty Industrial Machinery,90.31500244140625,123,5.24,🔶 Neutral,5.43,5.95,4.02,5.57,5.78,5.55,6.76,4.26,4.49,5.03,5.73,7.54,6.2,4.51,5.45,5.51,3.62,4.25,4.23,7.17,6.84,5.53,2.41
ZBH,"Zimmer Biomet Holdings, Inc.",Healthcare,Medical Devices,93.0,124,5.23,🔶 Neutral,7.39,3.94,3.09,6.28,4.66,8.26,9.14,8.26,6.38,7.87,1.48,3.43,3.12,8.39,3.28,6.7,6.66,1.18,1.15,6.01,7.91,5.86,5.3
ADP,"Automatic Data Processing, Inc.",Technology,Software - Application,203.1999969482422,124,5.23,🔶 Neutral,4.29,6.9,5.27,4.48,7.01,4.99,2.5,1.31,4.02,5.96,9.44,4.42,7.34,5.69,6.96,6.38,4.41,5.74,5.72,5.31,3.51,0.21,7.87
CPRT,"Copart, Inc.",Industrials,Specialty Business Services,33.78499984741211,124,5.23,🔶 Neutral,3.69,7.45,2.23,8.51,6.32,3.51,0.95,4.71,1.73,5.68,5.6,8.22,9.44,5.59,8.55,8.21,1.0,2.79,3.01,9.89,9.96,9.98,4.22
DVN,Devon Energy Corporation,Energy,Oil & Gas E&P,47.349998474121094,127,5.22,🔶 Neutral,6.85,6.42,1.94,5.38,9.31,8.78,0.67,7.15,7.04,9.74,5.84,6.73,6.4,5.63,6.18,8.69,0.18,3.04,2.7,6.5,3.16,4.88,6.64
FAST,Fastenal Company,Industrials,Industrial Distribution,47.689998626708984,128,5.2,🔶 Neutral,1.33,6.91,6.0,7.89,1.52,0.74,1.52,1.23,1.95,0.97,7.94,9.8,6.08,5.21,4.97,4.73,6.78,5.29,5.93,9.28,9.77,9.26,3.25
CDNS,"Cadence Design Systems, Inc.",Technology,Software - Application,288.3500061035156,128,5.2,🔶 Neutral,1.12,7.82,5.5,7.66,0.64,0.98,2.67,1.17,0.24,0.47,6.63,8.2,7.55,9.62,8.23,7.51,4.41,6.04,6.14,6.88,9.18,9.51,5.6
TMUS,"T-Mobile US, Inc.",Communication Services,Telecom Services,201.34500122070312,130,5.19,🔶 Neutral,6.6,5.92,3.48,4.29,6.51,6.29,8.64,4.32,5.98,7.72,5.94,5.37,4.77,7.79,4.77,7.61,6.85,1.68,1.66,1.41,3.25,3.99,9.01
TMO,Thermo Fisher Scientific Inc,Healthcare,Diagnostics & Research,503.2850036621094,130,5.19,🔶 Neutral,4.06,5.08,5.18,7.04,4.24,4.09,4.52,4.48,3.58,2.77,4.46,4.87,6.02,4.55,5.71,5.33,5.02,5.29,5.23,4.78,7.78,8.02,8.21
DASH,"DoorDash, Inc.",Consumer Cyclical,Internet Retail,161.74000549316406,132,5.18,🔶 Neutral,2.65,3.04,8.86,7.07,0.58,3.03,5.57,2.4,2.9,0.22,3.33,2.57,2.47,6.18,1.13,1.65,9.54,8.42,8.6,7.94,6.12,7.1,6.94
FTNT,"Fortinet, Inc.",Technology,Software - Infrastructure,83.9800033569336,133,5.17,🔶 Neutral,1.93,8.81,5.32,5.3,2.66,1.88,3.67,0.14,1.05,1.08,9.79,8.71,8.49,9.36,8.19,7.04,7.87,4.02,3.85,4.24,4.77,6.73,5.97
BDX,"Becton, Dickinson and Company",Healthcare,Medical Instruments & Supplies,157.09500122070312,133,5.17,🔶 Neutral,6.64,3.51,5.52,4.58,4.74,7.47,7.21,7.31,5.96,7.66,1.82,3.64,2.98,5.51,3.14,5.92,2.18,7.35,7.29,4.75,3.71,1.6,7.61
DHR,Danaher Corporation,Healthcare,Diagnostics & Research,196.5,135,5.16,🔶 Neutral,3.82,4.78,4.97,7.9,1.87,2.87,6.93,5.62,2.45,2.75,1.89,3.76,5.92,7.2,6.02,6.92,3.45,5.86,5.69,7.56,7.74,8.12,8.28
VLTO,Veralto Corp,Industrials,Pollution & Treatment Controls,89.80999755859375,135,5.16,🔶 Neutral,3.42,7.29,4.9,5.42,5.36,3.67,1.6,2.3,3.82,3.81,8.24,8.38,6.48,7.4,6.2,5.25,3.11,5.83,5.9,3.95,7.15,8.16,3.28
APA,APA Corporation,Energy,Oil & Gas E&P,38.400001525878906,135,5.16,🔶 Neutral,6.79,7.5,1.39,4.49,9.65,8.18,0.74,6.4,7.57,9.83,7.15,7.45,6.42,8.17,7.81,9.38,0.08,2.19,1.98,5.52,2.09,3.5,6.44
NOW,"ServiceNow, Inc.",Technology,Software - Application,101.36499786376953,135,5.16,🔶 Neutral,3.0,5.59,6.08,6.69,0.81,3.43,7.93,2.1,1.31,0.56,5.17,5.17,5.31,9.09,4.16,4.19,8.7,4.49,4.87,8.88,3.29,5.51,8.43
VLO,Valero Energy Corporation,Energy,Oil & Gas Refining & Marketing,239.30999755859375,139,5.15,🔶 Neutral,4.9,2.15,6.76,7.27,3.39,5.85,0.93,5.13,9.2,7.23,2.32,4.81,1.03,1.05,1.25,1.27,1.3,9.7,9.7,7.24,7.07,6.65,8.0
UPS,"United Parcel Service, Inc.",Industrials,Integrated Freight & Logistics,99.80999755859375,139,5.15,🔶 Neutral,6.92,4.56,3.45,5.38,8.27,7.07,6.1,3.29,8.57,8.49,7.98,6.61,2.29,1.97,2.45,2.43,1.12,4.68,4.75,1.93,5.03,7.07,8.51
VZ,Verizon Communications Inc.,Communication Services,Telecom Services,47.275001525878906,139,5.15,🔶 Neutral,8.24,5.7,1.33,4.61,9.29,9.04,7.14,7.07,7.85,9.1,5.56,4.79,4.75,7.18,5.69,7.53,2.24,0.81,0.87,1.95,2.68,4.58,9.76
KVUE,Kenvue Inc.,Consumer Defensive,Household & Personal Products,17.200000762939453,142,5.14,🔶 Neutral,6.01,5.12,4.77,4.3,5.51,6.41,6.17,5.05,6.44,6.65,4.81,6.06,3.68,7.08,4.63,4.47,2.79,5.71,5.98,4.57,2.99,3.22,6.16
WAT,Waters Corporation,Healthcare,Diagnostics & Research,317.6000061035156,143,5.12,🔶 Neutral,3.45,7.73,4.12,5.59,3.85,3.91,6.64,2.26,0.87,1.03,7.6,8.46,7.44,7.22,8.41,7.22,4.72,3.66,3.95,6.21,7.36,7.22,1.79
ICE,Intercontinental Exchange Inc.,Financial Services,Financial Data & Stock Exchanges,167.9499969482422,143,5.12,🔶 Neutral,3.37,6.57,6.34,4.43,3.97,3.79,3.21,4.79,0.93,3.16,3.91,1.52,9.42,9.96,9.66,9.52,5.31,6.91,6.86,5.29,3.42,0.06,7.91
IR,Ingersoll Rand Inc.,Industrials,Specialty Industrial Machinery,84.12000274658203,145,5.11,🔶 Neutral,4.08,3.78,6.39,6.74,0.89,2.85,8.76,4.81,3.44,3.46,1.52,5.01,2.82,4.97,5.35,5.57,6.38,6.41,6.37,6.75,8.16,7.97,4.31
FCX,"Freeport-McMoRan, Inc.",Basic Materials,Copper,65.26499938964844,145,5.11,🔶 Neutral,3.34,4.77,5.98,7.08,1.58,4.79,1.1,3.43,4.27,6.97,4.76,6.48,3.1,3.84,3.48,7.34,1.44,8.42,8.41,7.8,8.57,5.93,5.67
REG,Regency Centers Corporation,Real Estate,REIT - Retail,77.76499938964844,145,5.11,🔶 Neutral,3.0,6.02,8.29,3.15,4.37,1.0,2.52,6.51,1.09,2.84,2.1,2.44,9.34,8.61,8.92,9.58,5.9,9.59,9.56,5.4,1.08,2.95,2.67
LH,Labcorp Holdings Inc.,Healthcare,Diagnostics & Research,274.635009765625,148,5.1,🔶 Neutral,6.28,3.19,5.46,5.27,4.62,6.37,7.45,5.66,7.42,6.32,3.39,4.93,2.27,2.45,2.41,2.88,4.08,6.13,6.28,4.87,6.2,6.35,3.97
IDXX,"IDEXX Laboratories, Inc.",Healthcare,Diagnostics & Research,593.7650146484375,149,5.08,🔶 Neutral,0.84,8.62,6.82,4.83,1.46,0.64,0.98,0.36,0.6,0.86,9.4,9.88,8.29,7.61,7.61,7.3,7.78,6.35,6.25,6.1,5.07,4.7,3.17
GEHC,GE HealthCare Technologies Inc.,Healthcare,Medical Devices,73.38999938964844,150,5.06,🔶 Neutral,6.61,4.86,3.17,5.37,7.92,6.85,5.21,4.85,7.44,7.63,6.7,5.23,3.8,4.39,3.9,3.32,4.92,2.24,2.23,3.77,5.91,6.5,5.84
TXN,Texas Instruments Incorporated,Technology,Semiconductors,208.91000366210938,150,5.06,🔶 Neutral,2.37,8.04,4.72,5.79,2.12,1.54,5.79,1.41,0.7,1.61,7.68,8.18,8.69,6.92,8.49,8.53,6.49,3.64,3.9,4.01,9.66,9.58,1.03
CME,CME Group Inc.,Financial Services,Financial Data & Stock Exchanges,303.6400146484375,150,5.06,🔶 Neutral,2.26,6.89,7.03,4.5,4.41,2.22,0.55,4.3,0.18,1.48,4.94,0.97,9.96,9.96,9.86,9.86,5.45,7.74,8.05,9.22,3.51,0.08,3.36
CTAS,Cintas Corporation,Industrials,Specialty Business Services,173.86000061035156,150,5.06,🔶 Neutral,1.71,7.46,5.58,6.43,2.35,0.92,2.17,1.13,2.13,1.35,8.71,9.33,6.62,5.98,6.38,5.55,5.9,5.4,5.4,6.08,7.93,6.12,5.58
ETN,"Eaton Corporation, PLC",Industrials,Specialty Industrial Machinery,383.79998779296875,154,5.05,🔶 Neutral,2.23,5.9,6.8,6.05,2.33,2.08,2.4,2.2,2.64,1.4,6.57,7.15,6.0,4.02,5.31,4.91,7.41,6.45,6.48,6.52,5.55,4.6,7.16
HII,"Huntington Ingalls Industries, ",Industrials,Aerospace & Defense,412.55999755859375,154,5.05,🔶 Neutral,4.95,2.6,7.62,5.04,4.55,3.33,5.0,4.87,8.11,4.24,4.23,3.54,1.99,0.97,1.23,1.67,8.01,7.3,7.54,6.37,4.41,6.67,2.78
FOX,Fox Corporation,Communication Services,Entertainment,54.04999923706055,156,5.04,🔶 Neutral,6.43,4.93,1.66,7.33,8.98,7.86,0.26,6.53,7.69,8.77,5.48,7.36,4.32,3.45,2.67,4.42,2.24,1.37,1.32,5.59,9.02,9.38,6.09
COO,"The Cooper Companies, Inc.",Healthcare,Medical Instruments & Supplies,71.55999755859375,157,5.02,🔶 Neutral,4.98,4.0,6.23,4.83,2.45,6.35,4.4,7.62,4.75,4.77,1.31,3.09,3.66,7.99,5.65,5.63,4.41,7.19,7.22,7.87,5.7,3.25,1.57
HUBB,Hubbell Inc,Industrials,Electrical Equipment & Parts,522.9349975585938,157,5.02,🔶 Neutral,2.7,6.09,6.36,5.47,3.26,2.14,2.88,2.28,3.06,2.39,7.1,7.84,6.04,3.48,5.05,5.09,7.03,5.97,6.02,5.81,7.34,6.04,2.74
PODD,Insulet Corporation,Healthcare,Medical Devices,205.76499938964844,157,5.02,🔶 Neutral,2.58,5.91,6.19,6.11,0.85,1.82,6.24,1.78,2.74,1.16,5.92,7.66,3.46,8.63,4.87,4.23,9.4,4.59,4.32,5.72,9.05,8.97,1.34
HOLX,"Hologic, Inc.",Healthcare,Medical Instruments & Supplies,,160,5.0,🔶 Neutral,4.74,5.72,2.74,7.31,3.35,5.47,5.26,4.83,3.66,6.45,3.53,6.59,5.33,7.48,6.3,7.02,2.46,2.93,2.85,6.97,9.62,9.77,3.43
ATO,Atmos Energy Corporation,Utilities,Utilities - Regulated Gas,188.49000549316406,160,5.0,🔶 Neutral,3.9,5.8,6.44,3.83,5.05,2.95,3.24,6.42,2.09,3.76,2.7,3.11,8.39,6.98,8.95,8.85,7.76,5.32,6.22,5.56,4.39,4.68,0.52
URI,"United Rentals, Inc.",Industrials,Rental & Leasing Services,758.6599731445312,160,5.0,🔶 Neutral,5.94,6.43,3.33,3.88,6.96,6.27,7.11,3.25,5.39,5.74,7.49,7.21,6.1,4.12,6.8,5.98,2.56,3.89,3.56,1.97,2.89,4.88,6.36
RVTY,"Revvity, Inc.",Healthcare,Diagnostics & Research,90.51000213623047,163,4.99,⚠️ Débil,5.73,3.32,4.97,5.99,1.5,5.83,9.24,8.36,4.43,4.97,1.01,1.43,3.08,6.52,5.42,6.44,4.28,5.86,4.71,7.04,7.19,7.72,2.16
CMCSA,Comcast Corporation,Communication Services,Telecom Services,27.815000534057617,163,4.99,⚠️ Débil,7.54,5.98,1.24,4.62,9.98,9.52,0.02,9.03,8.73,9.7,6.5,4.46,6.32,8.65,2.47,6.54,2.03,0.84,0.78,3.32,2.45,4.24,8.64
ULTA,"Ulta Beauty, Inc.",Consumer Cyclical,Specialty Retail,530.530029296875,165,4.98,⚠️ Débil,5.01,6.03,4.52,4.2,6.34,5.03,3.93,2.04,7.0,5.91,8.91,9.07,3.54,4.91,2.82,2.64,6.98,3.33,3.05,4.73,6.14,1.54,3.77
OKE,"ONEOK, Inc.",Energy,Oil & Gas Midstream,86.16999816894531,165,4.98,⚠️ Débil,6.24,4.42,6.15,2.32,8.0,6.39,3.31,6.04,7.46,6.69,5.19,5.33,3.78,2.74,4.33,4.55,9.32,3.96,5.0,2.4,1.43,2.54,2.93
PANW,"Palo Alto Networks, Inc.",Technology,Software - Infrastructure,173.39999389648438,165,4.98,⚠️ Débil,0.85,4.95,8.49,6.83,0.31,0.36,2.31,1.29,0.34,0.09,5.41,2.89,5.19,8.77,3.82,2.8,7.9,8.79,8.82,9.62,3.67,5.95,7.35
DGX,Quest Diagnostics Incorporated,Healthcare,Diagnostics & Research,197.02999877929688,168,4.97,⚠️ Débil,5.72,4.27,5.41,4.17,5.99,4.93,5.64,5.07,6.78,6.34,4.96,5.84,3.34,3.16,3.3,3.86,4.92,5.62,5.75,4.06,3.65,5.06,4.09
ABNB,"Airbnb, Inc.",Consumer Cyclical,Travel Services,133.3300018310547,168,4.97,⚠️ Débil,3.2,6.81,3.63,7.0,2.91,2.4,7.24,1.74,2.03,1.18,7.73,6.55,7.48,9.56,2.09,4.27,7.08,1.82,1.72,8.27,5.95,5.23,7.93
ROK,"Rockwell Automation, Inc.",Industrials,Specialty Industrial Machinery,389.0249938964844,170,4.96,⚠️ Débil,2.09,5.83,8.23,4.07,1.48,1.14,3.88,1.39,2.92,1.46,6.91,7.27,4.43,5.75,4.53,4.51,7.03,8.89,8.85,3.7,4.7,3.67,4.18
UNP,Union Pacific Corporation,Industrials,Railroads,248.27999877929688,170,4.96,⚠️ Débil,3.8,8.25,3.79,4.03,6.49,4.27,2.21,2.14,2.31,5.33,8.58,7.52,8.91,6.76,9.07,8.97,1.69,4.95,4.9,1.86,2.59,4.03,8.08
FOXA,Fox Corporation,Communication Services,Entertainment,59.97999954223633,170,4.96,⚠️ Débil,6.17,4.93,1.66,7.33,8.59,7.49,0.24,6.16,7.61,8.37,5.48,7.36,4.32,3.45,2.67,4.42,2.24,1.37,1.32,5.59,9.02,9.38,6.09
KMI,"Kinder Morgan, Inc.",Energy,Oil & Gas Midstream,32.685001373291016,173,4.94,⚠️ Débil,3.74,5.32,8.12,2.27,5.38,2.63,1.12,6.2,3.52,4.54,3.05,3.68,6.74,5.9,7.75,8.17,7.41,8.5,8.51,3.63,1.16,2.06,1.9
IEX,IDEX Corporation,Industrials,Specialty Industrial Machinery,197.88499450683594,174,4.89,⚠️ Débil,3.83,5.31,4.27,6.74,3.6,2.77,4.93,4.4,3.54,3.83,4.16,6.1,5.65,5.15,5.63,5.77,3.3,4.82,4.75,6.95,9.18,9.07,2.2
ROP,"Roper Technologies, Inc.",Technology,Software - Application,361.7099914550781,174,4.89,⚠️ Débil,5.2,5.55,4.28,4.36,4.91,5.57,5.62,7.01,2.98,4.84,2.17,3.82,7.28,8.33,7.46,7.91,6.27,3.12,3.3,7.0,0.76,2.09,6.62
MET,"MetLife, Inc.",Financial Services,Insurance - Life,73.77999877929688,174,4.89,⚠️ Débil,8.47,1.95,4.16,4.11,8.09,9.62,9.6,7.52,9.13,5.08,3.93,0.34,1.79,2.01,0.93,1.43,9.21,1.44,1.43,1.28,7.83,8.63,0.17
DIS,Walt Disney Company (The),Communication Services,Entertainment,98.44999694824219,174,4.89,⚠️ Débil,6.46,4.16,3.59,5.06,8.48,6.75,2.33,7.76,7.06,7.25,3.95,4.02,4.99,3.9,3.74,4.06,3.86,3.46,3.45,7.42,1.37,2.93,7.63
DHI,"D.R. Horton, Inc.",Consumer Cyclical,Residential Construction,143.9499969482422,174,4.89,⚠️ Débil,7.9,4.03,1.29,5.93,8.96,7.41,7.36,7.43,8.21,8.04,4.59,6.81,3.74,1.91,2.57,2.33,0.4,1.89,1.63,8.74,9.89,3.0,0.95
EXPE,"Expedia Group, Inc.",Consumer Cyclical,Travel Services,239.625,179,4.88,⚠️ Débil,6.11,6.14,3.47,3.24,5.22,8.2,8.52,0.51,6.72,6.37,9.06,5.45,3.28,9.76,3.78,2.84,6.91,1.66,1.59,1.05,1.54,3.35,7.46
AMCR,Amcor plc,Consumer Cyclical,Packaging & Containers,41.775001525878906,180,4.84,⚠️ Débil,7.43,2.17,5.6,3.35,3.45,8.74,9.36,7.66,8.49,6.95,2.12,3.41,1.4,1.55,1.79,2.62,9.8,1.54,5.43,2.67,5.49,3.61,1.83
UBER,"Uber Technologies, Inc.",Technology,Software - Application,73.22989654541016,180,4.84,⚠️ Débil,4.22,5.88,3.06,6.71,8.13,4.97,0.83,3.13,5.53,1.38,8.56,5.82,7.22,4.21,2.88,2.11,8.59,0.09,0.09,7.29,4.46,6.04,8.81
EBAY,eBay Inc.,Consumer Cyclical,Internet Retail,96.04000091552734,182,4.83,⚠️ Débil,4.32,7.1,4.1,3.69,5.97,6.25,3.29,1.82,4.0,3.44,8.67,6.75,6.88,8.57,4.02,5.17,7.92,2.17,1.89,2.2,4.16,6.28,2.95
GD,General Dynamics Corporation,Industrials,Aerospace & Defense,349.635986328125,182,4.83,⚠️ Débil,4.64,3.79,4.57,6.76,5.95,3.89,2.62,4.38,7.14,4.17,5.79,5.68,2.96,1.19,2.25,2.09,5.31,4.17,4.17,7.49,6.33,4.94,7.78
GE,GE Aerospace,Industrials,Aerospace & Defense,310.29998779296875,184,4.82,⚠️ Débil,1.15,6.0,8.05,4.82,2.06,0.66,0.71,0.83,1.65,0.95,8.93,4.4,7.16,2.94,5.17,4.95,8.29,7.88,7.97,3.16,3.63,4.16,8.53
MGM,MGM Resorts International,Consumer Cyclical,Resorts & Casinos,37.59000015258789,184,4.82,⚠️ Débil,5.26,2.83,7.6,3.15,1.23,5.35,7.86,4.02,9.26,3.78,5.0,1.25,0.87,5.11,1.53,2.35,4.33,9.47,9.22,0.22,5.11,6.62,1.94
MSI,"Motorola Solutions, Inc.",Technology,Communication Equipment,447.3999938964844,186,4.8,⚠️ Débil,2.05,7.81,5.89,3.78,2.56,2.1,2.9,0.3,2.11,1.72,9.68,8.42,6.94,6.16,7.3,6.6,7.26,5.16,5.13,0.7,3.59,5.17,6.55
UAL,"United Airlines Holdings, Inc.",Industrials,Airlines,98.41000366210938,187,4.79,⚠️ Débil,7.29,3.86,4.55,2.49,9.63,9.6,0.48,6.61,9.34,9.53,7.0,3.8,2.19,3.28,1.93,2.29,3.57,5.09,5.08,1.52,1.22,3.06,4.46
NOC,Northrop Grumman Corporation,Industrials,Aerospace & Defense,689.9099731445312,187,4.79,⚠️ Débil,3.48,4.77,6.11,5.15,5.43,2.46,0.64,2.93,6.18,4.02,7.3,6.14,3.76,1.65,4.21,2.98,6.21,6.11,6.0,3.36,4.2,6.18,7.41
IT,"Gartner, Inc.",Technology,Information Technology Services,152.6300048828125,187,4.79,⚠️ Débil,6.88,6.86,1.71,2.92,8.05,8.16,8.4,0.22,7.32,8.26,9.55,7.41,4.23,8.23,4.99,4.08,2.35,1.44,1.28,0.16,3.27,5.44,3.88
GLW,Corning Incorporated,Technology,Electronic Components,159.99000549316406,190,4.78,⚠️ Débil,1.69,4.43,8.91,4.71,0.42,0.48,5.36,1.43,1.15,0.58,5.02,4.73,3.84,3.6,4.23,4.97,8.62,9.1,9.03,4.82,6.75,4.75,2.52
ITW,Illinois Tool Works Inc.,Industrials,Specialty Industrial Machinery,267.8475036621094,191,4.76,⚠️ Débil,2.86,7.82,4.36,4.26,4.8,2.75,2.45,0.48,3.04,3.33,9.57,9.47,7.18,5.03,7.08,6.3,3.24,4.98,4.93,0.9,4.98,5.33,6.72
ROST,"Ross Stores, Inc.",Consumer Cyclical,Apparel Retail,222.10000610351562,191,4.76,⚠️ Débil,2.36,5.42,6.23,5.7,2.81,1.32,1.64,1.47,5.19,2.06,8.26,8.24,3.58,3.04,2.84,2.54,7.18,5.77,5.64,4.35,6.73,6.37,5.75
GWW,"W.W. Grainger, Inc.",Industrials,Industrial Distribution,1138.1800537109375,193,4.75,⚠️ Débil,3.2,6.19,3.64,6.68,3.12,2.32,4.17,1.15,5.37,3.03,8.97,9.6,3.62,4.31,3.56,3.0,3.41,3.87,3.62,5.45,9.07,8.34,4.42
COST,Costco Wholesale Corporation,Consumer Defensive,Discount Stores,1024.0899658203125,194,4.74,⚠️ Débil,1.65,3.96,8.51,5.64,1.06,0.32,0.6,0.4,7.51,0.69,7.62,7.29,1.35,0.99,0.78,1.05,8.82,8.36,8.32,6.23,3.84,2.91,8.9
ABT,Abbott Laboratories,Healthcare,Medical Devices,103.44000244140625,194,4.74,⚠️ Débil,4.78,5.71,1.35,7.69,4.3,5.01,6.05,4.57,3.8,4.52,4.42,6.12,5.94,6.84,5.84,5.88,3.37,0.25,0.25,8.34,6.69,6.59,8.77
PEG,Public Service Enterprise Group,Utilities,Utilities - Regulated Electric,82.30000305175781,194,4.74,⚠️ Débil,5.03,4.7,6.57,2.07,7.03,4.71,2.76,6.0,4.73,5.2,4.36,2.81,6.56,3.4,4.69,7.59,8.4,5.53,5.64,2.53,1.99,2.62,1.16
PPL,PPL Corporation,Utilities,Utilities - Regulated Electric,38.97999954223633,197,4.73,⚠️ Débil,5.46,4.09,6.44,2.29,5.14,4.19,6.0,6.95,4.99,6.02,2.23,2.3,5.25,4.95,4.93,7.85,2.56,8.53,8.53,2.76,2.34,3.54,0.69
HSIC,"Henry Schein, Inc.",Healthcare,Medical Distribution,75.17500305175781,198,4.72,⚠️ Débil,6.45,2.38,5.5,4.08,5.8,6.97,5.4,5.6,9.03,6.22,2.47,3.96,1.37,2.88,1.15,1.47,5.25,5.94,5.26,5.18,6.01,3.06,1.64
TRMB,Trimble Inc.,Technology,Scientific & Technical Instruments,67.29000091552734,198,4.72,⚠️ Débil,3.31,4.52,6.42,4.97,2.16,5.11,1.33,5.56,3.36,2.52,1.97,3.7,4.53,8.55,6.12,4.85,1.47,9.15,9.01,8.36,4.07,4.56,2.13
TJX,"TJX Companies, Inc. (The)",Consumer Cyclical,Apparel Retail,160.0050048828125,200,4.71,⚠️ Débil,2.29,5.74,6.75,4.5,2.97,1.16,1.5,0.85,5.45,2.13,9.23,8.83,3.42,2.84,3.1,2.47,5.67,7.27,7.4,2.74,4.54,2.7,8.04
DTE,DTE Energy Company,Utilities,Utilities - Regulated Electric,148.44500732421875,200,4.71,⚠️ Débil,5.26,3.41,7.94,1.49,6.36,4.53,3.74,5.86,6.8,4.37,3.99,2.17,3.5,2.66,3.92,4.87,9.28,7.14,7.31,1.39,2.03,2.18,0.54
HRL,Hormel Foods Corporation,Consumer Defensive,Packaged Foods,21.514999389648438,200,4.71,⚠️ Débil,6.92,2.18,2.68,7.08,5.32,6.69,6.07,8.1,8.51,8.15,1.61,4.12,1.71,1.21,2.6,1.75,1.2,3.36,3.62,9.64,8.86,7.85,1.62
SWKS,"Skyworks Solutions, Inc.",Technology,Semiconductors,56.439998626708984,203,4.7,⚠️ Débil,6.93,3.34,1.05,7.61,6.15,7.62,5.55,8.2,6.54,8.6,1.76,3.17,3.7,4.57,3.52,4.93,1.16,1.04,0.92,8.81,8.65,8.4,4.48
AME,"AMETEK, Inc.",Industrials,Specialty Industrial Machinery,229.7100067138672,204,4.69,⚠️ Débil,2.25,6.03,5.61,5.53,2.41,1.6,2.36,3.47,1.71,2.02,4.89,6.87,7.36,3.66,7.24,6.9,7.56,4.54,4.57,8.68,3.88,3.18,5.28
WST,"West Pharmaceutical Services, I",Healthcare,Medical Instruments & Supplies,264.69500732421875,205,4.67,⚠️ Débil,1.87,5.91,4.65,7.34,1.93,1.04,1.69,2.79,2.17,1.89,5.54,7.92,6.3,3.58,5.88,5.59,5.17,4.3,4.44,9.35,9.3,9.19,1.49
SLB,SLB Limited,Energy,Oil & Gas Equipment & Services,51.970001220703125,205,4.67,⚠️ Débil,5.74,4.22,2.41,6.44,6.05,5.51,4.76,5.21,6.42,7.31,4.72,6.22,3.6,1.51,3.96,4.49,3.73,1.64,1.77,7.13,5.61,5.69,7.03
SYY,Sysco Corporation,Consumer Defensive,Food Distribution,74.55999755859375,205,4.67,⚠️ Débil,6.44,4.44,3.45,3.82,6.72,5.95,7.9,1.05,9.48,7.46,9.53,7.17,1.09,1.41,0.82,1.13,2.67,3.99,3.75,0.36,5.38,4.32,6.01
PG,Procter & Gamble Company (The),Consumer Defensive,Household & Personal Products,144.39999389648438,208,4.64,⚠️ Débil,3.69,7.26,2.93,4.91,6.22,3.63,1.07,2.61,3.94,5.23,7.83,8.14,7.2,6.04,6.99,6.32,2.13,3.33,3.4,5.49,1.5,2.47,9.57
XYL,Xylem Inc.,Industrials,Specialty Industrial Machinery,128.5500030517578,209,4.63,⚠️ Débil,4.06,3.75,4.5,6.74,3.04,3.05,4.69,5.52,4.59,3.89,2.38,4.56,4.0,4.19,3.94,4.25,4.49,4.45,4.55,8.79,6.94,7.16,3.73
EW,Edwards Lifesciences Corporatio,Healthcare,Medical Devices,82.6449966430664,210,4.62,⚠️ Débil,2.3,6.16,2.84,8.39,1.43,2.0,3.64,3.58,1.35,1.44,3.28,6.71,6.68,9.15,6.42,6.48,7.51,0.3,0.36,9.53,9.58,9.68,4.78
KMB,Kimberly-Clark Corporation,Consumer Defensive,Household & Personal Products,96.10030364990234,210,4.62,⚠️ Débil,5.4,6.2,4.31,1.84,6.88,7.11,3.98,0.63,6.86,6.84,9.74,7.72,4.71,3.92,3.04,3.82,1.69,5.62,5.84,0.54,1.62,1.64,3.79
COP,ConocoPhillips,Energy,Oil & Gas E&P,124.18499755859375,210,4.62,⚠️ Débil,5.28,5.32,1.05,7.22,6.99,4.85,0.88,6.1,6.02,9.16,4.18,5.94,5.35,5.43,4.06,7.99,0.61,1.2,1.38,7.53,5.42,6.84,8.94
PCG,Pacific Gas & Electric Co.,Utilities,Utilities - Regulated Electric,18.184999465942383,213,4.58,⚠️ Débil,8.24,3.7,3.37,1.72,8.19,8.42,8.62,8.61,7.48,7.83,2.25,1.66,3.9,4.35,5.73,7.97,2.51,3.61,4.11,1.73,3.06,1.69,0.39
CPB,The Campbell's Company,Consumer Defensive,Packaged Foods,20.825000762939453,213,4.58,⚠️ Débil,8.93,3.62,1.79,2.75,9.33,8.84,9.07,8.0,9.18,9.08,4.7,5.13,2.17,2.6,2.72,3.26,0.85,2.26,2.34,1.75,3.4,2.38,3.58
PKG,Packaging Corporation of Americ,Consumer Cyclical,Packaging & Containers,210.05499267578125,215,4.57,⚠️ Débil,5.37,4.5,2.74,5.76,5.2,4.87,5.33,3.98,6.56,7.08,5.62,7.11,3.18,1.87,3.18,4.35,6.38,0.74,0.82,3.88,9.41,9.05,1.75
WM,"Waste Management, Inc.",Industrials,Waste Management,229.16000366210938,215,4.57,⚠️ Débil,2.91,5.79,6.29,3.4,2.74,2.12,2.93,1.86,4.19,4.43,7.64,6.0,4.08,4.47,5.39,6.56,4.92,6.98,7.08,1.12,2.47,4.79,5.95
WSM,"Williams-Sonoma, Inc.",Consumer Cyclical,Specialty Retail,188.22999572753906,215,4.57,⚠️ Débil,4.33,7.08,2.26,4.68,6.3,4.11,2.81,1.54,5.61,6.09,9.1,9.43,5.63,5.39,5.51,4.33,0.88,3.12,2.87,5.36,6.05,3.27,3.6
NI,NiSource Inc,Utilities,Utilities - Regulated Gas,47.75,215,4.57,⚠️ Débil,4.36,4.79,6.87,1.73,5.18,2.91,3.1,5.96,4.63,5.35,2.64,2.75,5.67,6.0,7.1,8.37,8.55,5.68,6.31,2.65,1.41,1.94,0.78
WMB,"Williams Companies, Inc. (The)",Energy,Oil & Gas Midstream,72.43499755859375,219,4.56,⚠️ Débil,2.26,7.0,7.6,1.15,2.79,1.2,2.69,2.44,1.55,3.23,6.01,4.67,7.87,7.69,9.15,9.28,5.8,8.56,8.57,1.59,0.78,1.12,1.01
XEL,Xcel Energy Inc.,Utilities,Utilities - Regulated Electric,80.83000183105469,219,4.56,⚠️ Débil,4.82,4.17,7.13,1.44,5.47,4.51,3.19,6.48,4.65,5.18,2.75,1.62,5.59,5.35,4.27,8.11,7.74,6.73,6.9,2.24,1.46,1.71,0.24
EFX,"Equifax, Inc.",Industrials,Consulting Services,185.9199981689453,221,4.55,⚠️ Débil,4.74,5.31,4.97,2.79,2.6,4.45,8.33,3.52,4.12,5.12,4.66,5.74,4.14,6.8,4.71,6.78,6.09,4.35,4.37,3.27,1.03,2.68,4.05
NEE,"NextEra Energy, Inc.",Utilities,Utilities - Regulated Electric,93.72000122070312,221,4.55,⚠️ Débil,3.31,5.35,7.79,1.38,4.22,2.93,3.76,4.44,1.67,2.17,2.36,1.86,8.33,7.71,6.56,9.05,8.7,7.17,7.45,2.42,0.97,1.87,0.15
LUV,Southwest Airlines Company,Industrials,Airlines,40.619998931884766,223,4.52,⚠️ Débil,6.86,1.1,6.9,2.3,1.14,9.08,9.86,5.64,8.95,6.56,1.24,0.48,0.93,1.89,1.07,1.19,5.12,8.56,7.03,5.0,0.74,1.98,0.88
TECH,Bio-Techne Corp,Healthcare,Biotechnology,54.755001068115234,224,4.51,⚠️ Débil,3.15,4.28,4.08,7.39,0.25,1.9,8.9,3.74,1.75,1.14,1.09,6.02,2.41,8.03,5.21,5.9,1.76,5.24,5.45,8.97,9.73,9.56,1.42
GEV,GE Vernova Inc.,Industrials,Specialty Industrial Machinery,938.7741088867188,225,4.5,⚠️ Débil,0.99,4.08,7.52,6.49,1.08,0.5,1.4,0.55,1.99,0.11,8.78,1.58,5.03,1.69,1.65,1.51,3.11,9.91,9.89,9.39,3.19,3.67,8.56
XOM,Exxon Mobil Corporation,Energy,Oil & Gas Integrated,154.91000366210938,225,4.5,⚠️ Débil,5.52,3.5,2.19,7.12,5.68,5.33,3.81,5.88,6.74,6.6,3.67,4.69,3.3,2.86,2.02,3.54,1.49,2.68,2.43,8.83,4.64,4.73,9.46
MMM,3M Company,Industrials,Conglomerates,148.19000244140625,225,4.5,⚠️ Débil,4.87,6.2,2.09,4.84,5.03,5.41,6.31,0.95,5.21,5.98,9.46,6.69,5.23,4.37,2.9,5.05,2.24,2.0,2.02,0.94,7.32,7.43,4.96
MPWR,"Monolithic Power Systems, Inc.",Technology,Semiconductors,1290.8349609375,228,4.48,⚠️ Débil,1.13,7.13,3.17,7.85,0.29,0.28,4.36,0.81,0.06,0.15,6.14,8.57,7.91,6.58,7.04,6.1,8.75,0.16,0.16,9.98,9.83,9.87,1.68
ZBRA,Zebra Technologies Corporation,Technology,Communication Equipment,222.5449981689453,229,4.46,⚠️ Débil,6.7,4.27,2.78,3.46,4.43,7.76,9.5,4.99,6.68,6.13,3.86,5.78,2.88,5.67,3.66,3.52,6.57,0.76,0.74,4.96,3.04,2.83,2.61
KR,Kroger Company (The),Consumer Defensive,Grocery Stores,70.5,229,4.46,⚠️ Débil,5.39,2.94,6.14,2.89,1.41,7.09,4.9,3.09,9.64,8.0,4.83,5.43,0.74,2.05,0.72,1.16,2.03,8.59,8.07,0.65,1.99,1.22,7.82
JCI,Johnson Controls International ,Industrials,Building Products & Equipment,139.24000549316406,231,4.44,⚠️ Débil,2.47,4.44,6.48,4.87,1.33,1.96,2.83,2.55,4.41,2.04,4.31,4.95,5.71,3.7,3.54,3.2,4.72,7.66,7.17,5.11,3.21,3.67,7.22
TT,Trane Technologies plc,Industrials,Building Products & Equipment,448.8900146484375,231,4.44,⚠️ Débil,2.39,6.21,4.06,5.78,2.72,1.42,3.52,1.45,3.14,1.66,8.35,8.51,5.53,3.62,3.84,3.9,4.08,4.09,3.99,5.94,5.17,5.57,6.38
ECL,Ecolab Inc.,Basic Materials,Specialty Chemicals,270.2900085449219,233,4.43,⚠️ Débil,2.17,5.87,5.57,4.58,2.29,1.22,2.79,1.49,3.08,2.26,6.74,6.83,5.15,5.13,5.03,5.15,3.57,6.64,6.67,3.97,3.99,4.77,5.78
DOV,Dover Corporation,Industrials,Specialty Industrial Machinery,215.97999572753906,234,4.42,⚠️ Débil,4.25,5.26,2.23,6.37,4.49,4.01,4.45,4.08,4.33,4.0,5.13,6.38,5.44,4.43,4.75,4.77,5.85,0.28,0.28,6.91,7.55,7.62,3.56
CLX,Clorox Company (The),Consumer Defensive,Household & Personal Products,106.6449966430664,234,4.42,⚠️ Débil,6.49,6.44,2.03,1.77,7.57,5.45,3.55,9.92,6.96,6.43,9.96,8.36,4.21,5.05,3.34,3.48,1.65,2.29,2.18,0.0,1.56,1.79,4.07
EMR,Emerson Electric Company,Industrials,Specialty Industrial Machinery,144.18499755859375,236,4.41,⚠️ Débil,3.77,5.25,4.17,4.63,2.54,3.47,5.07,4.0,3.32,4.6,2.92,6.08,4.95,6.36,6.6,7.0,3.24,4.72,4.61,5.43,2.15,3.12,7.37
AVY,Avery Dennison Corporation,Consumer Cyclical,Packaging & Containers,174.4550018310547,236,4.41,⚠️ Débil,5.59,4.87,3.64,3.05,6.86,5.61,4.1,2.85,7.71,6.9,7.7,7.07,2.9,2.43,2.94,2.92,3.16,4.06,3.7,1.91,4.37,3.86,2.46
CMG,"Chipotle Mexican Grill, Inc.",Consumer Cyclical,Restaurants,34.099998474121094,236,4.41,⚠️ Débil,3.01,6.49,4.14,4.25,3.78,1.94,4.19,1.01,4.08,2.58,9.01,8.99,5.08,4.41,3.7,3.96,3.62,4.62,4.21,1.84,5.13,6.96,4.12
ED,"Consolidated Edison, Inc.",Utilities,Utilities - Regulated Electric,112.74500274658203,236,4.41,⚠️ Débil,5.55,4.21,4.27,3.11,6.82,4.75,2.29,7.6,6.12,7.2,2.49,2.53,4.6,6.4,4.61,7.44,5.9,3.09,3.75,3.0,3.44,5.33,1.12
KO,Coca-Cola Company (The),Consumer Defensive,Beverages - Non-Alcoholic,76.80500030517578,236,4.41,⚠️ Débil,2.44,7.95,3.83,3.68,4.95,2.65,1.02,1.66,1.83,1.91,8.86,7.57,8.53,7.57,6.66,7.12,2.41,4.54,4.64,2.6,6.38,5.72,0.62
COR,"Cencora, Inc.",Healthcare,Medical Distribution,322.8800048828125,241,4.39,⚠️ Débil,5.21,3.31,5.37,3.3,2.0,5.21,8.67,0.24,9.78,5.31,9.76,2.67,0.7,0.5,0.44,0.76,3.96,6.06,6.22,0.52,2.71,2.49,7.89
APTV,Aptiv PLC,Consumer Cyclical,Auto Parts,60.81999969482422,242,4.38,⚠️ Débil,7.19,2.21,1.97,5.87,0.48,8.94,8.83,8.34,8.83,9.63,0.77,5.58,0.76,1.57,2.29,2.86,3.73,1.06,0.99,4.28,7.38,7.36,5.06
CMS,CMS Energy Corporation,Utilities,Utilities - Regulated Electric,78.2300033569336,243,4.34,⚠️ Débil,4.59,4.38,5.91,1.97,6.03,4.05,1.79,5.58,5.71,5.25,3.53,2.42,4.91,4.67,5.9,7.4,7.26,4.93,5.47,1.61,3.14,2.78,0.56
WRB,W.R. Berkley Corporation,Financial Services,Insurance - Property & Casualty,66.8949966430664,244,4.32,⚠️ Débil,5.81,4.59,2.0,4.63,8.34,6.57,0.36,5.7,7.26,8.09,6.24,3.13,4.65,4.93,4.12,3.22,2.13,1.94,1.93,7.96,0.49,0.89,7.76
CAT,"Caterpillar, Inc.",Industrials,Farm & Heavy Construction Machinery,767.4000244140625,245,4.29,⚠️ Débil,2.05,5.85,4.62,5.3,1.73,1.26,3.95,0.93,2.78,1.1,8.88,6.89,5.29,2.47,4.0,4.21,8.36,2.64,2.55,1.46,6.28,5.59,8.71
GIS,"General Mills, Inc.",Consumer Defensive,Packaged Foods,36.619998931884766,245,4.29,⚠️ Débil,6.42,4.98,2.43,2.56,9.71,7.74,0.29,4.5,8.45,9.35,6.89,5.09,4.63,3.06,5.09,3.44,2.35,2.35,2.61,1.32,0.86,1.2,6.83
STZ,"Constellation Brands, Inc.",Consumer Defensive,Beverages - Brewers,151.6199951171875,247,4.28,⚠️ Débil,4.97,6.14,1.61,4.24,5.41,7.27,0.62,4.61,5.73,7.55,4.85,7.33,4.55,6.26,8.47,7.71,0.37,2.33,2.21,2.71,5.72,1.92,6.47
LIN,Linde plc,Basic Materials,Specialty Chemicals,495.7699890136719,248,4.26,⚠️ Débil,2.5,6.64,3.3,5.11,2.77,1.84,2.98,2.77,1.89,2.88,5.86,6.46,7.42,5.79,7.4,7.87,4.21,2.86,2.76,5.27,2.43,4.18,8.36
LII,"Lennox International, Inc.",Industrials,Building Products & Equipment,477.92999267578125,249,4.25,⚠️ Débil,4.92,6.95,1.48,3.31,6.38,4.47,6.74,1.19,5.09,4.58,9.48,9.45,6.12,3.18,5.27,4.65,0.25,2.21,2.07,2.26,6.79,2.76,1.51
CSGP,"CoStar Group, Inc.",Real Estate,Real Estate Services,39.76499938964844,250,4.22,⚠️ Débil,3.96,1.94,4.37,7.26,0.0,2.61,9.93,6.79,2.84,0.13,0.62,0.12,0.62,9.26,1.19,1.25,9.18,1.73,1.84,9.15,9.11,9.54,1.31
EXPD,Expeditors International of Was,Industrials,Integrated Freight & Logistics,145.78500366210938,251,4.2,⚠️ Débil,3.55,4.89,2.0,7.04,5.16,2.55,1.14,2.08,7.2,3.87,8.15,8.93,2.7,1.09,1.87,1.77,1.07,2.6,2.39,8.65,7.59,8.67,3.23
PH,Parker-Hannifin Corporation,Industrials,Specialty Industrial Machinery,971.739990234375,252,4.19,⚠️ Débil,1.79,6.39,4.0,5.26,2.49,1.12,1.21,2.02,2.33,1.7,7.23,7.68,6.52,3.96,5.92,5.53,6.03,2.97,2.82,5.47,4.81,3.29,7.05
TGT,Target Corporation,Consumer Defensive,Discount Stores,121.52999877929688,252,4.19,⚠️ Débil,6.18,3.67,2.75,3.64,8.36,6.33,1.45,4.63,9.36,8.54,7.02,5.05,1.55,2.35,1.01,1.41,1.44,3.39,3.53,2.8,2.87,1.48,7.13
UNH,UnitedHealth Group Incorporated,Healthcare,Healthcare Plans,305.9599914550781,254,4.18,⚠️ Débil,6.44,2.36,2.56,5.1,5.65,5.73,7.83,5.27,9.15,4.32,4.29,3.39,1.23,1.43,0.4,1.07,7.26,0.02,0.02,4.53,1.9,4.28,9.66
RTX,RTX Corporation,Industrials,Aerospace & Defense,203.6699981689453,255,4.16,⚠️ Débil,2.63,2.93,5.95,5.75,1.7,1.34,2.12,3.86,5.23,2.32,3.58,3.33,2.8,1.67,2.57,3.02,7.12,5.14,5.52,6.32,3.46,3.89,8.84
SW,Smurfit WestRock plc,Consumer Cyclical,Packaging & Containers,42.029998779296875,256,4.14,⚠️ Débil,7.55,1.63,1.64,5.29,3.28,6.83,9.74,8.73,8.97,9.23,1.07,2.47,1.11,1.61,1.29,2.74,1.9,1.5,1.49,4.55,6.46,4.66,5.5
LW,"Lamb Weston Holdings, Inc.",Consumer Defensive,Packaged Foods,41.279998779296875,257,4.13,⚠️ Débil,7.38,3.83,1.26,3.23,7.11,6.59,8.69,4.95,8.65,8.65,5.67,5.9,1.91,1.77,2.52,3.38,2.61,0.53,0.55,1.3,6.41,3.18,2.39
MLM,"Martin Marietta Materials, Inc.",Basic Materials,Building Materials,624.1900024414062,257,4.13,⚠️ Débil,2.33,4.92,4.31,5.61,2.14,1.56,1.76,4.36,2.19,2.56,3.2,4.77,6.96,2.82,6.32,7.18,5.73,3.48,3.62,6.28,9.51,5.69,0.86
AKAM,"Akamai Technologies, Inc.",Technology,Software - Infrastructure,115.62000274658203,257,4.13,⚠️ Débil,4.49,4.1,2.62,5.53,2.18,5.75,6.43,4.69,3.84,3.35,2.66,3.05,4.06,7.16,3.26,6.14,5.12,1.27,1.28,3.18,8.63,9.16,2.35
TSCO,Tractor Supply Company,Consumer Cyclical,Specialty Retail,45.0,260,4.1,⚠️ Débil,4.83,5.19,3.5,2.38,6.11,4.03,4.38,1.9,7.65,4.92,8.95,7.39,2.64,3.68,1.71,2.19,2.87,3.82,3.85,1.23,5.74,0.24,2.11
EVRG,"Evergy, Inc.",Utilities,Utilities - Regulated Electric,83.08000183105469,260,4.1,⚠️ Débil,5.16,4.44,4.86,1.11,5.93,4.31,3.12,7.17,5.13,6.49,2.42,2.08,5.79,6.28,4.59,8.63,4.63,4.7,5.33,2.31,0.7,0.17,0.82
NKE,"Nike, Inc.",Consumer Cyclical,Footwear & Accessories,43.33000183105469,262,4.08,⚠️ Débil,5.02,3.7,1.58,6.28,4.18,2.67,7.74,3.64,7.95,3.63,5.3,4.99,1.97,4.53,1.46,1.57,1.86,1.41,1.47,4.62,8.29,7.67,5.15
AJG,Arthur J. Gallagher & Co.,Financial Services,Insurance Brokers,221.16000366210938,262,4.08,⚠️ Débil,4.89,3.15,4.02,4.08,2.08,5.99,8.02,5.94,3.4,2.67,1.8,1.49,4.39,4.77,2.37,5.69,9.52,0.97,1.18,6.39,3.81,0.68,4.29
ODFL,"Old Dominion Freight Line, Inc.",Industrials,Trucking,208.16000366210938,262,4.08,⚠️ Débil,1.55,6.98,2.02,6.84,1.56,0.8,2.38,1.68,1.33,1.53,6.97,9.31,7.02,4.29,6.4,6.86,0.74,2.76,2.64,9.71,6.28,7.76,3.21
AEE,Ameren Corporation,Utilities,Utilities - Regulated Electric,112.11000061035156,265,4.07,⚠️ Débil,4.63,5.08,4.52,1.43,6.42,3.93,2.05,6.24,4.21,5.85,3.76,2.28,6.5,5.88,6.62,8.41,0.48,6.57,6.83,2.35,1.31,1.24,0.6
DUK,Duke Energy Corporation (Holdin,Utilities,Utilities - Regulated Electric,131.13999938964844,265,4.07,⚠️ Débil,5.01,4.95,4.47,1.08,6.44,4.25,2.07,6.77,5.11,6.71,2.96,2.0,6.17,6.22,7.36,9.03,5.45,3.82,4.07,2.02,0.82,0.74,0.5
EXR,Extra Space Storage Inc,Real Estate,REIT - Industrial,138.58999633789062,265,4.07,⚠️ Débil,2.51,5.99,5.03,2.8,3.72,1.1,0.57,6.44,1.13,2.92,1.85,2.73,8.67,8.95,9.38,9.72,3.45,6.15,5.55,3.79,1.68,0.42,4.66
CSX,CSX Corporation,Industrials,Railroads,41.79499816894531,268,4.06,⚠️ Débil,3.16,6.9,3.22,2.92,4.45,3.55,1.38,2.89,2.56,4.63,6.72,6.28,7.46,5.31,8.17,8.55,1.62,4.12,4.05,2.33,2.05,3.58,3.99
ROL,"Rollins, Inc.",Consumer Cyclical,Personal Services,54.76499938964844,269,4.05,⚠️ Débil,1.02,6.99,5.81,2.73,1.19,0.54,1.05,0.75,1.79,0.82,8.45,9.23,5.69,6.34,4.57,4.83,6.27,5.46,5.69,4.89,1.01,2.23,2.24
CNP,"CenterPoint Energy, Inc (Holdin",Utilities,Utilities - Regulated Electric,43.369998931884766,269,4.05,⚠️ Débil,4.46,4.15,5.54,1.45,4.47,3.15,3.69,5.76,5.29,5.42,2.9,2.1,4.25,5.29,5.79,7.79,6.62,4.78,5.17,1.48,2.64,1.31,0.32
JBHT,"J.B. Hunt Transport Services, I",Industrials,Integrated Freight & Logistics,225.19500732421875,271,4.03,⚠️ Débil,3.55,3.59,4.88,4.23,2.31,1.76,3.43,2.87,7.16,5.48,5.24,6.18,2.03,1.53,1.77,2.31,1.41,6.98,6.46,6.93,2.11,4.37,3.02
TYL,"Tyler Technologies, Inc.",Technology,Software - Application,330.489990234375,272,4.01,⚠️ Débil,2.83,3.96,4.33,5.42,1.39,2.38,5.14,4.18,2.27,0.75,2.55,3.72,5.47,5.45,3.02,3.68,4.49,4.19,4.3,8.99,3.73,6.41,2.03
PLD,"Prologis, Inc.",Real Estate,REIT - Industrial,137.66000366210938,273,4.0,⚠️ Débil,1.58,5.92,4.49,4.62,2.02,0.42,0.05,6.06,0.36,1.25,1.63,1.7,9.62,8.97,9.22,9.82,3.19,4.87,5.55,6.03,0.99,2.38,8.34
NSC,Norfolk Southern Corporation,Industrials,Railroads,292.9599914550781,274,3.99,⚠️ Débil,3.4,6.73,2.22,3.64,5.82,2.81,1.0,3.76,2.66,5.1,6.16,5.62,8.09,5.37,7.87,8.61,1.38,2.64,2.7,3.12,2.23,3.89,5.47
AEP,American Electric Power Company,Utilities,Utilities - Regulated Electric,134.33999633789062,274,3.99,⚠️ Débil,4.74,5.12,4.29,1.07,6.67,3.81,2.02,6.18,4.85,5.87,4.27,2.51,6.36,5.61,6.24,8.13,7.46,2.51,2.67,2.22,0.59,0.94,0.28
DRI,"Darden Restaurants, Inc.",Consumer Cyclical,Restaurants,194.4250030517578,276,3.98,⚠️ Débil,5.08,5.09,3.85,1.09,6.61,4.95,4.86,1.56,7.24,4.71,9.12,6.51,3.22,1.81,3.0,2.9,4.28,3.61,3.62,0.74,0.41,0.44,2.72
ON,ON Semiconductor Corporation,Technology,Semiconductors,67.76000213623047,277,3.95,⚠️ Débil,4.66,3.11,0.69,7.99,0.06,5.09,9.79,4.53,3.38,4.86,0.73,4.83,1.01,4.1,5.07,6.4,0.25,0.94,0.9,7.4,9.7,9.6,5.69
AWK,"American Water Works Company, I",Utilities,Utilities - Regulated Water,133.9149932861328,277,3.95,⚠️ Débil,4.1,5.82,4.18,1.12,5.53,3.31,2.64,6.02,2.94,4.56,3.37,2.93,7.77,7.51,8.03,9.13,4.21,4.15,4.17,2.38,0.61,0.72,0.43
RSG,"Republic Services, Inc.",Industrials,Waste Management,216.19000244140625,279,3.94,⚠️ Débil,2.76,5.62,4.12,3.38,3.33,1.38,1.67,3.15,3.88,4.28,5.97,5.86,5.11,4.89,5.15,6.82,2.35,5.0,5.15,3.07,1.2,3.14,6.12
PCAR,PACCAR Inc.,Industrials,Farm & Heavy Construction Machinery,123.45999908447266,279,3.94,⚠️ Débil,5.08,3.08,0.94,7.08,4.39,4.35,7.26,4.67,6.24,2.47,4.4,4.04,3.02,1.11,1.95,2.07,0.11,1.34,1.45,4.48,8.35,9.09,7.33
SHW,Sherwin-Williams Company (The),Basic Materials,Specialty Chemicals,335.04998779296875,281,3.93,⚠️ Débil,2.49,6.28,4.15,2.88,2.99,2.02,2.26,0.79,4.51,2.37,9.25,7.74,4.16,5.81,3.42,3.74,4.08,4.22,4.14,0.85,2.36,2.26,6.34
ENPH,"Enphase Energy, Inc.",Technology,Solar,32.90999984741211,281,3.93,⚠️ Débil,5.94,3.66,0.97,4.94,4.82,7.31,8.5,4.04,5.43,3.96,5.88,2.26,4.49,2.72,1.35,2.96,0.3,1.31,1.36,3.14,8.19,8.2,1.25
SNPS,"Synopsys, Inc.",Technology,Software - Infrastructure,411.9200134277344,283,3.92,⚠️ Débil,2.1,3.87,3.59,7.15,0.79,2.18,2.48,5.72,0.85,0.26,1.46,1.29,5.57,9.46,3.12,4.04,9.78,0.23,0.3,7.71,5.85,7.38,7.59
NRG,"NRG Energy, Inc.",Utilities,Utilities - Independent Power Producers,159.91000366210938,284,3.91,⚠️ Débil,4.69,3.8,2.75,4.31,1.81,6.43,6.48,0.34,8.35,4.45,8.73,4.32,1.27,1.59,0.85,1.73,7.64,0.12,0.14,0.2,7.03,6.98,4.4
LNT,Alliant Energy Corporation,Utilities,Utilities - Regulated Electric,72.48999786376953,285,3.88,⚠️ Débil,4.21,4.77,4.28,1.79,5.7,3.69,2.74,5.74,3.5,3.98,3.73,1.92,7.0,5.33,4.29,8.23,5.96,3.25,3.53,2.06,1.94,2.57,0.67
CVX,Chevron Corporation,Energy,Oil & Gas Integrated,191.02999877929688,285,3.88,⚠️ Débil,4.53,2.94,1.54,7.03,4.05,4.07,1.19,6.69,6.6,6.75,1.93,3.29,2.39,4.75,1.99,4.12,0.51,1.8,2.46,8.63,4.68,4.43,9.55
AMT,American Tower Corporation (REI,Real Estate,REIT - Specialty,176.0,287,3.85,⚠️ Débil,2.4,7.62,2.78,2.66,3.06,1.86,4.12,0.57,1.43,2.9,7.34,4.65,8.13,8.83,9.42,9.68,5.17,1.47,1.52,0.63,0.45,1.46,8.25
BKR,Baker Hughes Company,Energy,Oil & Gas Equipment & Services,63.165000915527344,287,3.85,⚠️ Débil,4.18,3.91,1.79,5.84,5.26,2.73,1.62,4.75,6.28,6.0,4.87,5.31,3.56,2.03,2.92,3.16,1.88,1.75,1.75,7.74,5.8,4.64,4.57
CHD,"Church & Dwight Company, Inc.",Consumer Defensive,Household & Personal Products,93.79499816894531,289,3.84,⚠️ Débil,3.05,5.5,2.33,4.82,3.53,2.34,1.95,3.19,4.37,3.55,5.75,7.05,4.57,5.23,4.85,4.69,3.16,1.97,1.79,6.3,3.9,3.99,4.61
CBRE,CBRE Group Inc,Real Estate,Real Estate Services,142.8000030517578,290,3.83,⚠️ Débil,5.19,2.23,4.07,3.48,2.25,5.23,8.43,3.56,8.47,2.0,4.64,2.14,1.31,1.49,0.38,1.16,6.98,2.56,2.43,3.39,4.14,5.63,1.21
PWR,"Quanta Services, Inc.",Industrials,Engineering & Construction,576.5349731445312,291,3.78,⚠️ Débil,2.23,2.7,5.91,4.8,0.46,0.62,4.48,1.76,5.31,0.6,4.33,4.26,1.61,1.17,1.11,1.61,8.53,4.4,4.61,5.22,4.46,6.47,3.3
VMC,Vulcan Materials Company (Holdi,Basic Materials,Building Materials,292.94500732421875,292,3.77,⚠️ Débil,2.48,4.74,2.57,6.01,2.39,1.36,1.9,3.7,3.02,3.38,4.44,5.47,5.49,2.29,4.55,6.36,2.79,2.42,2.49,6.43,8.92,7.1,1.7
EXC,Exelon Corporation,Utilities,Utilities - Regulated Electric,49.17499923706055,292,3.77,⚠️ Débil,5.66,4.07,2.52,2.1,7.36,5.31,1.83,7.39,6.58,6.62,3.07,2.04,4.35,4.87,5.86,7.14,1.56,2.89,3.2,2.0,2.76,3.44,0.47
HD,"Home Depot, Inc. (The)",Consumer Cyclical,Home Improvement Retail,336.0216979980469,294,3.72,⚠️ Débil,3.64,5.79,1.91,3.53,5.49,3.27,1.88,0.42,6.66,4.47,9.81,8.73,3.16,3.12,2.19,2.7,0.93,2.38,2.49,0.47,3.86,0.76,9.07
DE,Deere & Company,Industrials,Farm & Heavy Construction Machinery,606.25,294,3.72,⚠️ Débil,3.09,4.17,2.05,6.21,2.7,1.62,4.81,2.69,4.53,1.81,6.22,3.49,3.86,2.25,4.47,3.56,0.28,3.04,2.94,0.76,8.46,9.14,8.17
PSA,Public Storage,Real Estate,REIT - Industrial,289.17999267578125,296,3.71,⚠️ Débil,1.75,8.0,2.42,2.9,3.22,1.3,0.9,1.62,0.76,3.1,6.03,6.42,9.7,8.91,9.52,9.84,2.87,2.07,2.3,3.3,0.21,0.59,6.96
ADM,Archer-Daniels-Midland Company,Consumer Defensive,Farm Products,70.33000183105469,297,3.65,⚠️ Débil,6.52,0.94,1.38,5.56,3.37,6.21,8.0,8.18,9.5,3.51,1.22,1.09,0.89,0.64,0.56,0.91,0.11,2.03,2.1,7.38,5.89,1.03,6.68
CHRW,"C.H. Robinson Worldwide, Inc.",Industrials,Integrated Freight & Logistics,170.69500732421875,298,3.63,⚠️ Débil,3.08,4.19,2.24,5.49,2.52,2.2,2.6,1.5,8.23,1.57,7.88,7.9,1.63,0.68,1.05,1.11,0.67,3.04,3.15,4.84,6.55,8.27,2.97
TSN,"Tyson Foods, Inc.",Consumer Defensive,Farm Products,64.2699966430664,299,3.6,⚠️ Débil,6.22,0.85,1.57,5.63,0.23,6.05,7.64,8.67,9.52,7.05,0.71,1.39,0.66,0.6,0.7,1.03,3.83,0.35,0.36,7.11,6.58,3.38,4.7
WEC,"WEC Energy Group, Inc.",Utilities,Utilities - Regulated Electric,116.4800033569336,300,3.55,⚠️ Débil,4.2,4.74,3.39,1.31,5.28,3.87,2.55,5.49,4.04,4.34,3.82,2.24,6.28,4.79,5.75,7.89,6.78,1.52,1.61,2.15,0.91,1.64,0.45
SO,Southern Company (The),Utilities,Utilities - Regulated Electric,96.4000015258789,301,3.53,⚠️ Débil,4.22,4.64,3.48,1.19,5.09,3.75,2.19,5.17,4.14,6.15,3.63,2.65,5.9,5.71,2.96,8.71,6.38,1.91,1.91,1.68,1.24,1.41,0.37
HSY,The Hershey Company,Consumer Defensive,Confectioners,207.9600067138672,302,3.48,⚠️ Débil,3.43,4.48,2.1,4.05,1.29,3.07,7.29,1.94,4.31,1.63,6.09,6.32,2.76,3.22,3.5,3.12,4.82,0.6,0.67,2.89,4.89,2.97,5.45
DLR,"Digital Realty Trust, Inc.",Real Estate,REIT - Specialty,184.98500061035156,302,3.48,⚠️ Débil,1.31,4.22,3.46,5.83,1.1,0.24,0.17,5.41,0.72,0.9,1.42,0.73,7.69,6.56,3.4,8.57,8.22,0.78,1.01,4.51,5.46,7.54,6.42
EMN,Eastman Chemical Company,Basic Materials,Specialty Chemicals,73.88500213623047,304,3.46,⚠️ Débil,6.66,2.41,0.35,3.86,7.34,7.88,1.29,8.32,8.53,8.32,2.19,3.52,2.13,1.79,1.57,3.1,0.18,0.44,0.46,4.33,5.93,3.31,1.66
MDLZ,"Mondelez International, Inc.",Consumer Defensive,Confectioners,57.994998931884766,305,3.45,⚠️ Débil,4.84,2.45,2.53,3.79,3.68,4.89,4.95,5.35,6.92,2.97,2.73,2.59,2.33,2.37,2.02,2.25,6.13,0.58,0.6,4.3,0.95,1.34,7.97
HON,Honeywell International Inc.,Industrials,Conglomerates,231.42250061035156,306,3.4,⚠️ Débil,3.1,5.36,0.58,4.92,2.89,3.49,3.62,1.58,3.98,2.65,7.27,5.64,4.93,3.8,3.76,4.79,1.07,0.32,0.32,1.17,5.44,5.65,8.32
KMX,CarMax Inc,Consumer Cyclical,Auto & Truck Dealerships,45.31999969482422,307,3.36,⚠️ Débil,7.47,1.21,0.86,3.0,8.38,4.91,9.12,8.95,9.74,1.85,2.04,1.11,0.95,0.93,0.58,0.95,0.63,1.01,0.94,0.87,7.95,0.53,2.56
ETR,Entergy Corporation,Utilities,Utilities - Regulated Electric,114.79000091552734,308,3.35,⚠️ Débil,3.64,4.59,3.26,1.46,3.89,2.36,2.86,5.01,3.74,5.01,3.45,2.22,5.51,5.65,5.01,8.35,5.39,1.97,2.28,1.82,1.6,2.15,0.34
VST,Vistra Corp.,Utilities,Utilities - Independent Power Producers,158.17999267578125,309,3.28,⚠️ Débil,4.22,3.86,3.29,1.12,0.62,6.49,6.71,0.69,5.33,5.46,5.77,2.95,2.07,3.08,3.08,6.46,7.61,0.88,1.06,0.72,1.86,0.99,0.97
WMT,Walmart Inc.,Consumer Defensive,Discount Stores,125.3499984741211,310,3.21,⚠️ Débil,2.12,3.72,2.81,4.69,1.37,0.56,0.79,1.7,7.93,1.33,6.61,6.26,1.43,2.11,0.89,1.21,4.08,2.12,2.14,5.83,1.92,0.7,9.29
EA,Electronic Arts Inc.,Communication Services,Electronic Gaming & Multimedia,204.0050048828125,311,3.12,⚠️ Débil,2.2,4.3,0.95,5.75,0.56,2.71,4.6,2.06,1.81,0.52,3.11,4.51,3.52,9.18,1.85,3.58,1.97,0.41,0.39,7.62,2.78,5.36,6.79
SRE,DBA Sempra,Utilities,Utilities - Diversified,97.51499938964844,312,3.07,⚠️ Débil,3.86,3.88,1.28,3.09,2.47,4.63,3.48,6.75,3.18,2.54,1.39,1.15,5.41,4.59,7.28,8.01,1.78,0.99,1.03,4.39,6.77,0.3,0.06
CARR,Carrier Global Corporation,Industrials,Building Products & Equipment,58.209999084472656,313,3.0,⚠️ Débil,4.68,2.67,0.29,4.28,2.68,4.21,6.52,4.51,6.32,3.74,3.56,3.01,2.49,2.23,0.62,2.82,0.71,0.07,0.07,4.17,4.92,3.84,4.14
WY,Weyerhaeuser Company,Real Estate,REIT - Specialty,24.899999618530273,314,2.6,🔴 Evitar,3.24,1.09,2.11,4.15,1.0,0.76,4.31,7.09,5.94,0.73,1.03,0.4,1.93,1.15,0.1,1.81,0.37,2.95,3.17,6.14,5.36,3.46,1.1
TSLA,"Tesla, Inc.",Consumer Cyclical,Auto Manufacturers,347.5199890136719,315,2.36,🔴 Evitar,0.36,1.43,0.79,8.47,0.02,0.02,0.69,0.99,0.4,0.04,1.35,1.35,1.69,1.31,0.97,1.91,1.16,0.55,0.64,8.95,8.33,8.5,8.02
NVDX,T-Rex 2X Long NVIDIA Daily Targ,,,15.069499969482422,316,,Sin datos,,,,,2.1,,,,,,,,,,,,,,,,,,
NVDQ,T-Rex 2X Inverse NVIDIA Daily T,,,16.1299991607666,316,,Sin datos,,,,,,,,,,,,,,,,,,,,,,,
EWZ,iShares MSCI Brazil ETF,,,39.609901428222656,316,,Sin datos,,,,,8.92,,,8.91,,,,,,,,,,,,,,,
LQD,iShares iBoxx $ Investment Grad,,,109.6449966430664,316,,Sin datos,,,,,2.93,,,9.23,,,,,,,,,,,,,,,
IBIT,iShares Bitcoin Trust ETF,,,40.415000915527344,316,,Sin datos,,,,,,,,,,,,,,,,,,,,,,,
XLF,State Street Financial Select S,,,51.125,316,,Sin datos,,,,,7.67,,,8.04,,,,,,,,,,,,,,,
AMDL,GraniteShares 2x Long AMD Daily,,,15.835000038146973,316,,Sin datos,,,,,,,,,,,,,,,,,,,,,,,
FXI,iShares China Large-Cap ETF,,,36.4197998046875,316,,Sin datos,,,,,9.56,,,9.17,,,,,,,,,,,,,,,
TLT,iShares 20+ Year Treasury Bond ,,,86.9800033569336,316,,Sin datos,,,,,,9.98,,9.33,,,,,,,,,,,,,,,
MSTZ,T-Rex 2X Inverse MSTR Daily Tar,,,11.369999885559082,316,,Sin datos,,,,,,,,,,,,,,,,,,,,,,,
QQQ,"Invesco QQQ Trust, Series 1",,,605.9400024414062,316,,Sin datos,,,,,3.24,,,7.56,,,,,,,,,,,,,,,
HYG,iShares iBoxx $ High Yield Corp,,,80.23500061035156,316,,Sin datos,,,,,9.36,0.0,,9.11,,,,,,,,,,,,,,,
MSTU,T-Rex 2X Long MSTR Daily Target,,,4.470699787139893,316,,Sin datos,,,,,9.94,,,,,,,,,,,,,,,,,,
SPXS,Direxion Daily S&P 500 Bear 3X ,,,36.13990020751953,316,,Sin datos,,,,,,,,,,,,,,,,,,,,,,,
SPY,State Street SPDR S&P 500 ETF T,,,675.010009765625,316,,Sin datos,,,,,4.57,,,7.88,,,,,,,,,,,,,,,
TSLZ,T-Rex 2X Inverse Tesla Daily Ta,,,17.954999923706055,316,,Sin datos,,,,,,,,,,,,,,,,,,,,,,,
ARE,Alexandria Real Estate Equities,Real Estate,REIT - Office,45.255001068115234,316,,Sin datos,,3.07,,6.34,,9.94,,9.35,5.92,6.67,0.34,0.67,0.06,8.35,6.22,9.62,0.77,,,5.65,6.89,8.06,5.26
ALB,Albemarle Corporation,Basic Materials,Specialty Chemicals,176.9600067138672,316,,Sin datos,,0.66,,6.5,,3.37,6.81,5.43,3.76,0.67,0.38,0.26,0.2,1.01,0.64,2.56,8.05,,,7.83,8.4,7.93,1.88
APD,"Air Products and Chemicals, Inc",Basic Materials,Specialty Chemicals,290.8699951171875,316,,Sin datos,,1.46,5.04,4.01,,3.19,0.5,3.8,2.8,0.06,0.49,0.08,0.46,2.96,6.54,1.31,4.21,5.4,5.6,3.54,6.38,6.43,0.26
AFL,AFLAC Incorporated,Financial Services,Insurance - Life,112.17500305175781,316,,Sin datos,,5.28,1.28,6.55,7.86,6.23,,6.87,4.67,6.26,4.51,1.82,7.61,5.47,8.37,6.08,0.34,1.84,1.7,7.35,3.95,6.16,8.49
AES,The AES Corporation,Utilities,Utilities - Diversified,14.414999961853027,316,,Sin datos,,2.36,2.25,1.21,9.38,9.78,,5.82,8.69,5.83,0.79,1.84,2.72,1.39,4.25,6.22,3.52,1.58,1.56,0.96,1.79,1.87,0.41
TSLQ,Tradr 2X Short TSLA Daily ETF,,,27.799999237060547,316,,Sin datos,,,,,0.69,,,,,,,,,,,,,,,,,,
TAP,Molson Coors Beverage Company,Consumer Defensive,Beverages - Brewers,44.060001373291016,316,,Sin datos,,2.23,2.02,3.05,,9.16,0.86,9.21,8.85,9.55,0.19,3.9,0.12,4.14,3.2,4.37,1.25,2.53,2.32,6.05,0.84,1.51,2.87
MOH,Molina Healthcare Inc,Healthcare,Healthcare Plans,145.4250030517578,316,,Sin datos,7.41,1.77,,4.93,7.88,5.07,6.38,7.21,9.82,9.85,3.61,2.4,0.8,0.76,0.3,0.82,4.92,,,3.68,7.22,8.65,1.19
MHK,"Mohawk Industries, Inc.",Consumer Cyclical,"Furnishings, Fixtures & Appliances",102.0199966430664,316,,Sin datos,,1.85,1.41,6.5,7.69,8.92,,9.25,9.28,9.67,1.2,2.77,1.51,2.15,1.55,2.21,2.41,0.9,0.85,8.14,8.38,6.55,2.63
MRNA,"Moderna, Inc.",Healthcare,Biotechnology,51.689998626708984,316,,Sin datos,,0.03,,7.22,,9.92,,6.12,0.74,9.94,0.06,0.02,0.02,0.02,0.02,0.02,0.05,,,9.1,9.43,9.75,0.71
MAA,Mid-America Apartment Communiti,Real Estate,REIT - Residential,126.15499877929688,316,,Sin datos,,5.25,1.0,2.18,2.87,0.9,,5.68,1.87,4.09,2.06,2.61,7.4,7.12,7.42,9.24,1.97,0.46,0.48,3.92,0.04,0.11,3.9
MCHP,Microchip Technology Incorporat,Technology,Semiconductors,70.77999877929688,316,,Sin datos,,2.16,,5.62,,1.44,8.48,2.97,1.17,0.37,0.54,0.71,0.5,6.68,3.06,4.75,7.97,,,4.44,8.31,6.01,4.03
MTD,"Mettler-Toledo International, I",Healthcare,Diagnostics & Research,1320.594970703125,316,,Sin datos,3.48,,5.93,,3.43,1.7,2.43,9.98,1.97,1.74,,9.72,7.73,7.26,7.85,6.58,5.51,6.24,6.05,,4.5,4.3,2.82
MCK,McKesson Corporation,Healthcare,Medical Distribution,868.8900146484375,316,,Sin datos,6.48,,7.59,,4.97,3.71,7.6,9.88,9.66,2.95,,3.98,0.82,0.48,0.52,0.74,6.91,7.9,8.02,,2.41,2.38,9.14
MCD,McDonald's Corporation,Consumer Cyclical,Restaurants,304.385009765625,316,,Sin datos,4.02,,5.55,,4.89,3.01,2.24,9.96,1.27,3.14,,8.87,9.26,6.94,9.46,9.15,6.27,5.12,5.23,,2.92,4.62,8.79
NWS,News Corporation,Communication Services,Entertainment,28.594999313354492,316,,Sin datos,,3.9,3.25,7.51,2.22,2.42,,7.23,7.08,5.14,1.71,3.46,5.38,6.87,4.38,2.4,3.96,2.82,2.91,8.06,7.63,8.58,5.89
NWSA,News Corporation,Communication Services,Entertainment,24.834999084472656,316,,Sin datos,,3.9,3.25,7.51,3.14,3.57,,7.86,7.4,6.41,1.71,3.46,5.38,6.87,4.38,2.4,3.96,2.82,2.91,8.06,7.63,8.58,5.89
MSCI,MSCI Inc.,Financial Services,Financial Data & Stock Exchanges,562.5150146484375,316,,Sin datos,3.33,,4.63,,2.43,1.8,4.24,9.58,0.44,1.27,,9.62,9.78,9.5,9.78,9.34,6.57,3.77,3.38,,2.51,5.21,4.76
MOS,Mosaic Company (The),Basic Materials,Agricultural Inputs,26.235000610351562,316,,Sin datos,8.12,1.74,,4.22,8.17,8.06,5.88,9.27,8.99,9.59,1.29,2.06,1.87,1.25,0.68,3.72,4.08,,,7.33,5.51,1.96,0.99
MS,Morgan Stanley,Financial Services,Capital Markets,175.1199951171875,316,,Sin datos,,5.49,6.67,,7.73,6.45,4.29,5.54,3.96,,5.21,0.85,8.19,9.64,8.89,0.39,6.71,6.71,6.57,0.58,8.14,8.78,
MTCH,"Match Group, Inc.",Communication Services,Internet Content & Information,32.77000045776367,316,,Sin datos,8.76,,5.97,,8.71,9.32,9.71,9.76,6.36,7.91,,8.79,6.64,8.73,7.71,6.64,2.3,8.06,7.8,,6.16,7.95,3.64
MMC,,,,,316,,Sin datos,,,,,,,,,,,,,,,,,,,,,,,
MAR,Marriott International,Consumer Cyclical,Lodging,348.5375061035156,316,,Sin datos,3.22,,4.26,,2.37,1.4,3.83,9.72,0.42,1.78,,7.76,9.74,9.3,9.32,9.74,4.49,4.25,3.99,,0.57,1.84,5.82
MTB,M&T Bank Corporation,Financial Services,Banks - Regional,218.46499633789062,316,,Sin datos,,3.76,5.35,,9.04,8.24,4.67,8.65,4.45,,3.03,0.87,9.13,0.25,9.24,0.39,3.52,6.77,5.82,,,,
LYB,LyondellBasell Industries NV,Basic Materials,Specialty Chemicals,71.49500274658203,316,,Sin datos,,0.66,,4.39,,5.93,5.43,6.32,8.79,3.7,0.32,1.07,0.48,0.7,0.32,1.35,0.44,,,2.47,7.51,6.55,1.85
LOW,"Lowe's Companies, Inc.",Consumer Cyclical,Home Improvement Retail,243.6999969482422,316,,Sin datos,5.89,,4.11,,6.57,4.57,2.71,9.54,7.53,5.57,,8.77,2.86,3.2,1.83,2.6,6.66,2.68,2.82,,4.02,0.4,8.45
L,Loews Corporation,Financial Services,Insurance - Property & Casualty,109.5999984741211,316,,Sin datos,,2.81,7.33,3.89,8.73,0.58,,8.71,8.27,8.86,2.83,1.23,3.36,3.72,2.98,3.3,3.24,9.54,9.52,6.77,0.72,1.34,5.65
LKQ,LKQ Corporation,Consumer Cyclical,Auto Parts,29.575000762939453,316,,Sin datos,,2.88,1.34,4.51,9.11,9.12,,8.79,9.32,8.7,2.85,4.22,1.81,4.23,1.37,1.85,2.53,0.69,0.71,4.8,7.17,2.54,3.06
OMC,Omnicom Group Inc.,Communication Services,Advertising Agencies,76.75,316,,Sin datos,,1.81,,4.91,,9.74,0.19,6.81,7.97,7.7,0.64,3.25,0.6,1.47,3.6,2.94,9.25,,,4.22,2.83,4.41,8.23
OXY,Occidental Petroleum Corporatio,Energy,Oil & Gas E&P,59.03499984741211,316,,Sin datos,4.21,4.0,,4.74,1.54,4.55,1.36,6.55,5.81,8.67,1.55,1.96,4.1,8.43,2.31,9.09,9.96,,,5.9,2.85,3.06,6.57
ORLY,"O'Reilly Automotive, Inc.",Consumer Cyclical,Auto Parts,92.69999694824219,316,,Sin datos,,,5.64,,3.49,1.66,,9.9,3.42,2.15,,8.95,5.77,6.12,4.89,4.71,5.31,5.99,5.6,,1.81,0.24,4.2
NVR,"NVR, Inc.",Consumer Cyclical,Residential Construction,6791.02490234375,316,,Sin datos,,5.96,1.75,8.04,8.11,5.87,,3.49,7.1,8.11,7.92,9.54,5.05,1.99,4.43,3.24,0.81,2.44,2.05,8.23,9.85,9.66,4.72
NUE,Nucor Corporation,Basic Materials,Steel,180.33999633789062,316,,Sin datos,,2.51,7.01,6.55,5.34,6.79,,6.91,8.17,7.38,2.77,4.53,2.09,0.89,1.43,2.23,5.73,7.66,7.76,7.91,9.26,8.31,0.8
NCLH,Norwegian Cruise Line Holdings ,Consumer Cyclical,Travel Services,20.395000457763672,316,,Sin datos,7.65,4.37,,0.33,5.84,9.46,9.52,3.82,8.59,8.19,6.8,4.34,1.75,4.81,1.81,5.45,4.56,,0.11,0.29,0.15,0.3,0.58
NTRS,Northern Trust Corporation,Financial Services,Asset Management,151.13999938964844,316,,Sin datos,,3.64,5.05,,7.59,6.73,7.31,6.14,4.47,,4.61,0.63,7.65,0.25,7.55,0.39,5.56,5.02,4.51,,,,
LYV,"Live Nation Entertainment, Inc.",Communication Services,Entertainment,162.60000610351562,316,,Sin datos,,3.45,,3.13,,0.1,0.43,0.04,7.73,2.22,8.28,3.37,0.99,2.17,0.36,1.49,6.78,,,0.43,3.23,5.3,4.53
LEN,Lennar Corporation,Consumer Cyclical,Residential Construction,89.31999969482422,316,,Sin datos,7.33,2.17,0.57,,9.06,7.54,1.81,9.09,9.05,9.29,2.21,3.94,2.11,1.27,0.76,1.39,0.14,0.84,0.76,8.48,9.98,9.92,
LDOS,"Leidos Holdings, Inc.",Technology,Information Technology Services,160.72999572753906,316,,Sin datos,,4.83,4.55,5.55,8.5,7.17,,3.9,8.29,7.78,7.79,7.82,3.04,1.35,2.64,2.45,1.0,6.59,6.31,3.34,7.3,8.0,4.5
LHX,"L3Harris Technologies, Inc.",Industrials,Aerospace & Defense,361.7799987792969,316,,Sin datos,2.44,,7.33,,1.62,1.52,3.26,4.59,2.82,0.45,,,3.88,2.7,2.11,3.04,9.98,3.2,9.06,7.78,,,
KHC,The Kraft Heinz Company,Consumer Defensive,Packaged Foods,22.850000381469727,316,,Sin datos,,2.09,0.61,5.78,,8.02,7.88,9.31,8.39,8.84,0.26,2.99,0.1,3.14,4.5,4.89,1.03,0.37,0.41,6.64,4.66,4.05,7.24
KKR,KKR & Co. Inc.,Financial Services,Asset Management,93.19000244140625,316,,Sin datos,,3.4,6.13,,1.83,7.39,9.45,5.31,4.77,,2.4,0.99,3.48,6.9,8.31,0.39,9.88,3.82,4.46,5.54,2.23,5.04,
KIM,Kimco Realty Corporation (HC),Real Estate,REIT - Retail,22.915000915527344,316,,Sin datos,,5.38,3.02,2.93,4.28,1.58,,8.16,1.61,3.25,1.44,1.47,8.51,8.31,8.29,9.48,2.79,3.17,3.1,4.66,0.65,2.59,3.41
KEY,KeyCorp,Financial Services,Banks - Regional,21.2549991607666,316,,Sin datos,,3.42,,,8.67,8.5,4.0,8.57,4.89,,2.88,0.52,8.41,0.25,8.39,0.39,9.94,,,,,,
KDP,Keurig Dr Pepper Inc.,Consumer Defensive,Beverages - Non-Alcoholic,25.665000915527344,316,,Sin datos,7.8,4.5,,3.18,7.8,8.34,8.29,8.4,6.52,6.77,2.34,3.88,4.89,6.48,6.16,5.74,6.53,,,4.91,1.14,1.39,4.59
K,,,,,316,,Sin datos,,,,,,,,,,,,,,,,,,,,,,,
JNPR,,,,,316,,Sin datos,,,,,,,,,,,,,,,,,,,,,,,
JPM,JP Morgan Chase & Co.,Financial Services,Banks - Diversified,306.92498779296875,316,,Sin datos,,4.4,3.11,,8.23,6.87,5.31,5.98,3.0,,5.39,0.89,9.46,0.25,9.11,0.39,2.46,3.54,3.36,,,,
J,Jacobs Solutions Inc.,Industrials,Engineering & Construction,131.2010040283203,316,,Sin datos,5.84,2.8,,5.79,2.64,5.27,9.4,3.72,8.19,5.89,2.98,5.41,1.53,2.09,1.69,1.83,7.26,,,5.76,5.63,7.81,4.38
JBL,Jabil Inc.,Technology,Electronic Components,287.9599914550781,316,,Sin datos,,3.91,9.15,2.79,1.98,3.61,,0.53,8.61,6.11,9.27,5.15,1.13,0.72,0.95,1.37,8.95,9.29,9.24,0.83,3.38,2.66,4.68
IRM,Iron Mountain Incorporated (Del,Real Estate,REIT - Specialty,107.88999938964844,316,,Sin datos,,,4.45,,0.15,0.4,,9.8,3.2,2.11,,4.08,1.05,6.64,5.94,7.16,8.15,2.38,2.53,,1.58,3.48,0.75
PFE,"Pfizer, Inc.",Healthcare,Drug Manufacturers - General,27.03499984741211,316,,Sin datos,6.02,5.47,,5.99,6.84,8.68,0.21,7.29,6.08,8.7,2.51,5.39,4.73,9.01,6.46,8.15,1.53,,,4.69,4.73,5.02,9.59
PAYX,"Paychex, Inc.",Technology,Software - Application,91.4800033569336,316,,Sin datos,4.08,,6.44,,6.65,5.53,4.71,2.12,1.25,1.94,,,8.43,8.13,9.36,8.05,8.57,5.24,5.36,2.83,4.62,1.18,
PARA,,,,,316,,Sin datos,,,,,,,,,,,,,,,,,,,,,,,
OTIS,Otis Worldwide Corporation,Industrials,Specialty Industrial Machinery,79.50499725341797,316,,Sin datos,5.88,,4.81,,5.9,5.15,4.05,9.43,6.5,4.69,,8.89,3.64,2.76,3.86,3.36,2.87,5.92,5.77,,2.27,4.47,5.71
INVH,Invitation Homes Inc.,Real Estate,REIT - Residential,25.71500015258789,316,,Sin datos,,5.0,4.0,5.6,4.53,0.68,,7.68,2.37,4.13,1.59,1.76,7.79,7.06,7.12,9.2,3.33,4.35,4.37,4.15,8.69,5.46,4.35
IVZ,Invesco Ltd,Financial Services,Asset Management,23.975000381469727,316,,Sin datos,,1.88,,4.91,,9.38,9.57,8.89,7.36,7.14,0.52,1.88,0.32,2.39,5.55,4.0,4.41,,,9.01,1.88,4.96,3.0
IPG,,,,,316,,Sin datos,,,,,,,,,,,,,,,,,,,,,,,
IP,International Paper Company,Consumer Cyclical,Packaging & Containers,36.654998779296875,316,,Sin datos,,1.24,,4.2,,6.95,5.69,8.59,8.71,9.33,0.11,1.73,0.14,2.64,1.39,3.06,9.74,,,5.25,5.27,3.76,2.22
IFF,International Flavors & Fragran,Basic Materials,Specialty Chemicals,73.0,316,,Sin datos,,1.42,,6.31,,5.77,8.38,8.55,7.28,6.3,0.47,1.31,0.44,3.64,0.91,3.18,0.65,,,7.02,6.18,3.82,7.56
INTC,Intel Corporation,Technology,Semiconductors,57.474998474121094,316,,Sin datos,,1.48,,5.93,,0.22,,5.84,2.62,1.87,0.6,0.24,0.54,3.74,1.09,5.03,0.91,,,7.58,8.04,7.87,0.3
PRU,"Prudential Financial, Inc.",Financial Services,Insurance - Life,97.51000213623047,316,,Sin datos,8.98,2.23,,4.93,9.6,9.68,7.43,9.01,9.3,8.95,3.78,0.3,2.23,2.58,2.35,1.59,9.4,,,2.85,2.71,5.11,9.5
PFG,Principal Financial Group Inc,Financial Services,Asset Management,93.59500122070312,316,,Sin datos,,2.74,1.07,5.3,7.46,8.98,,7.5,8.15,7.4,3.41,0.22,2.78,5.07,3.38,1.89,0.96,1.14,1.13,7.76,6.5,1.43,4.25
PPG,"PPG Industries, Inc.",Basic Materials,Specialty Chemicals,109.69999694824219,316,,Sin datos,6.96,4.82,,4.85,8.02,7.03,6.6,4.97,7.59,7.48,6.44,5.92,3.72,4.73,2.62,3.08,3.73,,,3.81,6.92,7.16,2.18
POOL,Pool Corporation,Industrials,Industrial Distribution,208.75,316,,Sin datos,,4.86,2.18,3.82,7.13,4.69,,2.57,7.83,5.53,7.9,8.02,2.84,2.62,1.17,2.05,1.73,2.48,2.37,2.78,8.42,2.73,1.36
PNC,"PNC Financial Services Group, I",Financial Services,Banks - Regional,219.91000366210938,316,,Sin datos,,3.96,6.93,,8.88,8.12,3.17,7.9,3.92,,3.97,0.79,9.15,0.25,8.99,0.39,6.21,7.37,7.24,,,,
PNW,Pinnacle West Capital Corporati,Utilities,Utilities - Regulated Electric,102.63500213623047,316,,Sin datos,5.18,3.6,,1.07,6.63,4.33,1.71,7.33,6.2,6.19,2.62,1.64,4.41,4.71,2.54,7.77,2.67,,,1.55,0.8,0.84,0.93
PM,Philip Morris International Inc,Consumer Defensive,Tobacco,159.19500732421875,316,,Sin datos,5.33,,,,6.07,4.83,4.55,9.74,2.23,4.41,,9.35,8.61,8.11,8.27,8.65,4.72,,,,2.99,2.13,9.12
HBAN,Huntington Bancshares Incorpora,Financial Services,Banks - Regional,16.295000076293945,316,,Sin datos,,3.66,4.42,,9.27,9.22,4.43,8.77,3.48,,3.18,0.61,8.83,0.25,9.05,0.39,6.45,2.72,4.02,,,,
HUM,Humana Inc.,Healthcare,Healthcare Plans,196.66000366210938,316,,Sin datos,8.0,1.69,,6.49,6.8,6.93,7.69,8.48,9.8,9.78,1.87,3.92,0.78,1.13,0.28,0.85,6.85,,,5.02,7.97,8.46,5.19
HPQ,HP Inc.,Technology,Computer Hardware,18.719999313354492,316,,Sin datos,8.78,,4.22,,9.88,9.7,5.02,9.68,9.62,9.67,,5.35,1.83,1.73,1.31,1.53,4.77,3.94,3.9,,1.71,2.0,7.28
HWM,Howmet Aerospace Inc.,Industrials,Aerospace & Defense,251.1999969482422,316,,Sin datos,,6.86,7.05,6.0,0.71,0.34,,0.77,0.52,0.39,7.77,8.61,6.84,3.32,7.02,6.28,7.83,6.66,6.6,6.26,8.25,5.55,3.81
HST,"Host Hotels & Resorts, Inc.",Real Estate,REIT - Hotel & Motel,19.69499969482422,316,,Sin datos,,3.86,7.23,6.54,7.4,3.29,,6.63,6.3,7.27,3.8,3.6,4.81,2.49,2.8,5.71,7.32,7.21,7.15,4.37,8.61,9.35,4.83
HLT,Hilton Worldwide Holdings Inc.,Consumer Cyclical,Lodging,315.7449951171875,316,,Sin datos,3.24,,2.48,,1.12,1.02,6.19,9.52,0.28,0.99,,7.88,8.99,9.13,9.54,9.32,4.82,1.22,1.22,,1.33,3.22,5.93
HPE,Hewlett Packard Enterprise Comp,Technology,Communication Equipment,24.84000015258789,316,,Sin datos,,1.32,4.02,4.52,,8.96,8.26,8.51,8.63,7.85,0.58,1.01,0.58,3.0,1.73,2.37,8.42,1.61,1.68,4.19,3.55,3.02,7.07
HES,,,,,316,,Sin datos,,,,,,,,,,,,,,,,,,,,,,,
RF,Regions Financial Corporation,Financial Services,Banks - Regional,27.332199096679688,316,,Sin datos,,3.94,4.56,,9.25,8.66,5.45,8.5,4.81,,3.84,0.91,9.11,0.25,8.97,0.39,4.6,4.78,4.25,,,,
O,Realty Income Corporation,Real Estate,REIT - Retail,62.81010055541992,316,,Sin datos,,5.36,7.73,5.57,1.02,0.7,,8.14,0.8,3.66,0.99,1.56,6.9,9.8,9.56,9.98,6.71,8.13,8.44,5.09,5.15,4.81,7.18
RJF,"Raymond James Financial, Inc.",Financial Services,Asset Management,146.28500366210938,316,,Sin datos,,4.96,3.79,,8.57,7.96,8.24,6.26,6.64,,5.58,1.68,5.96,9.82,5.25,0.39,4.16,3.73,3.43,7.09,8.44,9.28,
DOC,"Healthpeak Properties, Inc.",Real Estate,REIT - Healthcare Facilities,16.87339973449707,316,,Sin datos,,3.19,7.44,4.11,0.17,0.06,,7.94,3.6,5.29,0.69,1.03,1.17,7.42,5.42,9.22,2.72,9.98,9.98,2.91,5.0,3.99,4.74
HCA,"HCA Healthcare, Inc.",Healthcare,Medical Care Facilities,503.9024963378906,316,,Sin datos,7.4,,6.83,,7.51,5.81,6.79,9.64,7.75,7.68,,8.67,3.32,4.65,4.04,4.16,4.66,8.29,7.66,,3.02,4.51,8.69
HAS,"Hasbro, Inc.",Consumer Cyclical,Leisure,93.12000274658203,316,,Sin datos,,4.01,,3.56,,6.01,3.02,0.46,5.75,6.47,0.04,8.3,0.24,7.89,5.61,5.43,9.43,,,0.38,5.99,7.47,1.81
HIG,"The Hartford Insurance Group, I",Financial Services,Insurance - Diversified,137.8000030517578,316,,Sin datos,,4.87,6.76,8.06,9.5,8.72,,6.65,8.01,9.2,6.59,3.19,5.44,3.98,5.37,3.62,4.66,7.93,7.86,8.7,7.66,6.87,8.66
HAL,Halliburton Company,Energy,Oil & Gas Equipment & Services,37.459999084472656,316,,Sin datos,,3.7,3.23,6.64,5.01,6.53,,5.19,7.89,8.24,4.12,6.57,2.21,1.23,3.62,3.66,1.93,4.09,3.75,4.64,8.1,7.78,6.66
GS,"Goldman Sachs Group, Inc. (The)",Financial Services,Capital Markets,900.719970703125,316,,Sin datos,,5.41,6.76,,7.55,6.55,5.76,5.78,3.3,,4.68,0.55,8.89,9.54,8.87,0.39,7.94,6.28,5.95,0.4,6.55,8.08,
GL,Globe Life Inc.,Financial Services,Insurance - Life,146.9499969482422,316,,Sin datos,,5.3,4.37,4.3,9.48,9.1,,6.99,6.94,8.52,6.35,2.69,7.26,3.26,6.5,5.86,2.98,5.36,4.83,6.68,1.74,3.52,4.63
GPC,Genuine Parts Company,Consumer Cyclical,Auto Parts,106.41999816894531,316,,Sin datos,5.66,2.04,,2.7,0.1,7.19,6.67,4.73,9.24,7.74,0.75,4.36,0.64,4.0,0.99,1.55,3.24,,,2.17,4.05,1.81,2.69
GM,General Motors Company,Consumer Cyclical,Auto Manufacturers,76.05000305175781,316,,Sin datos,6.95,1.26,,5.07,5.61,9.8,1.57,8.83,9.54,8.02,1.12,1.8,0.91,0.85,1.41,1.71,0.79,,,1.43,4.75,5.97,9.05
GNRC,Generac Holdlings Inc.,Industrials,Specialty Industrial Machinery,203.97500610351562,316,,Sin datos,4.0,2.15,,5.29,0.52,3.83,8.05,3.66,5.65,1.23,1.67,2.79,1.67,4.06,0.34,1.99,0.22,,,6.61,8.06,4.88,1.27
FTV,Fortive Corporation,Technology,Scientific & Technical Instruments,59.0099983215332,316,,Sin datos,,4.36,3.34,3.84,2.2,4.17,,5.39,3.28,3.42,1.74,2.38,5.61,7.85,5.49,6.04,3.45,3.7,2.78,6.7,1.48,2.89,3.51
F,Ford Motor Company,Consumer Cyclical,Auto Manufacturers,12.11299991607666,316,,Sin datos,,0.34,,3.82,,9.66,0.4,8.46,9.7,0.65,0.17,0.18,0.36,0.58,0.12,0.87,0.83,,,0.56,3.97,5.78,6.03
FI,,,,,316,,Sin datos,,,,,,,,,,,,,,,,,,,,,,,
FE,FirstEnergy Corp.,Utilities,Utilities - Regulated Electric,51.095001220703125,316,,Sin datos,5.53,4.44,,1.28,3.99,4.77,5.83,6.08,6.76,6.88,2.68,3.21,2.52,8.07,7.06,7.1,8.7,,,1.64,0.89,1.9,0.73
FITB,Fifth Third Bancorp,Financial Services,Banks - Regional,49.125,316,,Sin datos,,3.96,6.76,,8.69,8.48,4.57,7.7,2.76,,4.03,0.75,9.07,0.25,9.13,0.39,6.95,6.75,6.55,,,,
FRT,Federal Realty Investment Trust,Real Estate,REIT - Retail,107.81999969482422,316,,Sin datos,,6.44,7.87,1.63,5.76,0.82,,5.11,1.59,3.27,4.07,2.63,9.32,8.15,8.53,9.6,5.17,9.31,9.33,2.49,0.36,1.56,1.92
FICO,Fair Isaac Corporation,Technology,Software - Application,1122.5849609375,316,,Sin datos,4.2,,6.01,,1.68,3.09,8.19,9.56,0.5,1.01,,9.96,9.3,9.52,9.5,8.83,8.12,5.05,4.68,,2.81,5.61,2.33
EXE,Expand Energy Corporation,Energy,Oil & Gas E&P,99.63999938964844,316,,Sin datos,6.74,5.51,,5.52,8.94,8.08,0.38,8.63,6.62,9.72,3.15,5.52,6.17,5.27,7.22,8.75,9.56,,,8.3,3.32,5.0,4.81
SJM,The J.M. Smucker Company,Consumer Defensive,Packaged Foods,94.12000274658203,316,,Sin datos,,2.39,,2.44,,8.8,,7.05,8.31,8.22,0.15,4.48,0.16,3.34,4.91,4.29,4.82,,,2.51,2.19,1.1,3.69
SPG,"Simon Property Group, Inc.",Real Estate,REIT - Retail,194.2550048828125,316,,Sin datos,,8.83,8.95,2.08,8.75,1.18,,1.35,0.54,2.69,9.66,5.21,10.0,9.42,9.7,9.9,7.46,9.75,9.77,0.61,0.17,0.61,6.92
STX,Seagate Technology Holdings PLC,Technology,Computer Hardware,497.9574890136719,316,,Sin datos,2.52,,8.96,2.99,0.96,1.98,8.95,0.02,0.58,0.54,,9.64,7.3,4.25,7.69,6.2,8.82,8.96,9.13,0.13,4.32,3.78,4.44
SBAC,SBA Communications Corporation,Real Estate,REIT - Specialty,205.5399932861328,316,,Sin datos,3.64,,7.22,,6.4,1.72,0.76,9.41,1.45,2.3,,7.09,9.76,8.89,9.72,9.64,3.04,9.45,9.49,,0.23,0.55,3.84
EG,"Everest Group, Ltd.",Financial Services,Insurance - Reinsurance,330.55499267578125,316,,Sin datos,,2.31,,4.56,9.73,9.82,,9.19,8.81,,3.5,1.45,3.38,0.95,2.86,0.39,1.2,,,8.57,4.35,4.39,0.09
EL,"Estee Lauder Companies, Inc. (T",Consumer Defensive,Household & Personal Products,71.69000244140625,316,,Sin datos,,2.96,,4.45,,2.26,6.29,2.59,7.18,5.4,0.41,4.1,0.52,8.85,3.44,2.66,4.08,,,1.21,5.82,5.82,5.86
ESS,"Essex Property Trust, Inc.",Real Estate,REIT - Residential,252.69000244140625,316,,Sin datos,,6.42,1.24,1.94,5.24,0.44,,5.29,1.07,3.2,4.07,2.32,9.54,8.25,8.25,9.66,2.79,0.39,0.44,2.96,0.08,0.15,4.01
ERIE,Erie Indemnity Company,Financial Services,Insurance Brokers,251.44500732421875,316,,Sin datos,,5.79,1.35,6.22,5.57,4.49,,3.05,5.07,4.39,7.32,9.11,5.55,1.29,4.41,3.92,2.61,0.67,0.69,9.8,5.25,7.32,2.0
EQR,Equity Residential,Real Estate,REIT - Residential,60.810001373291016,316,,Sin datos,,5.92,2.77,2.91,6.53,0.52,,6.59,1.47,3.85,3.09,1.9,9.6,7.75,7.44,9.44,2.24,3.0,3.13,5.07,0.06,0.13,5.39
EQIX,"Equinix, Inc.",Real Estate,REIT - Specialty,1020.1599731445312,316,,Sin datos,0.86,4.78,,4.86,0.6,0.18,0.81,2.34,0.64,0.92,2.94,2.71,5.84,6.08,5.81,8.43,5.51,,,2.11,5.53,5.08,7.31
DD,"DuPont de Nemours, Inc.",Basic Materials,Specialty Chemicals,47.13999938964844,316,,Sin datos,4.46,2.26,,8.35,0.12,4.15,4.88,8.38,5.59,5.38,0.67,1.19,0.18,3.36,8.57,4.63,,,,8.54,8.67,6.1,9.61
DOW,Dow Inc.,Basic Materials,Chemicals,37.78499984741211,316,,Sin datos,,0.39,,4.46,,0.96,0.1,7.58,9.01,3.61,0.21,0.2,0.28,0.62,0.2,1.29,0.46,,,3.23,7.87,6.59,0.84
DPZ,Domino's Pizza Inc,Consumer Cyclical,Restaurants,374.385009765625,316,,Sin datos,5.92,,5.03,,6.28,4.73,5.24,9.39,6.0,3.68,,9.94,4.69,2.41,5.13,4.14,4.56,5.36,5.2,,7.1,5.15,2.07
DLTR,"Dollar Tree, Inc.",Consumer Defensive,Discount Stores,107.2699966430664,316,,Sin datos,,4.71,,2.91,7.32,6.19,,3.11,8.37,6.8,7.85,5.96,2.37,3.76,3.16,2.03,5.96,,,1.7,3.92,0.79,5.04
TTWO,"Take-Two Interactive Software, ",Communication Services,Electronic Gaming & Multimedia,202.91000366210938,316,,Sin datos,,1.37,,4.88,,1.64,3.57,1.52,2.39,0.3,0.02,0.16,0.04,7.24,0.24,2.15,9.09,,,3.59,4.5,6.47,5.54
SYF,Synchrony Financial,Financial Services,Credit Services,71.44999694824219,316,,Sin datos,,5.03,4.26,,9.83,9.56,1.48,7.78,5.88,,6.46,2.2,9.66,0.25,9.62,0.39,3.73,5.07,3.93,,,,
SMCI,"Super Micro Computer, Inc.",Technology,Computer Hardware,23.63319969177246,316,,Sin datos,,2.27,7.89,4.89,7.63,9.42,,6.71,9.42,6.04,4.53,2.85,1.47,0.66,0.8,0.97,9.92,6.52,7.13,4.93,7.27,6.33,1.29
STLD,"Steel Dynamics, Inc.",Basic Materials,Steel,185.48500061035156,316,,Sin datos,,3.22,7.64,6.13,5.63,7.43,,5.15,7.77,5.16,4.57,5.54,2.35,1.03,1.51,1.97,7.71,7.7,7.49,6.82,9.37,7.28,1.14
STT,State Street Corporation,Financial Services,Asset Management,135.3800048828125,316,,Sin datos,,3.32,1.6,,8.52,8.28,7.95,7.98,5.77,,3.65,0.42,7.59,0.25,7.32,0.39,1.23,1.77,1.82,,,,
SBUX,Starbucks Corporation,Consumer Cyclical,Restaurants,96.47000122070312,316,,Sin datos,3.82,,1.74,,0.5,0.88,5.81,9.5,5.51,1.29,,6.3,1.65,1.93,1.97,2.52,3.96,0.51,0.57,,3.69,2.11,0.65
SWK,"Stanley Black & Decker, Inc.",Industrials,Tools & Accessories,71.69000244140625,316,,Sin datos,,1.95,1.93,3.78,4.51,7.68,,8.69,8.89,7.98,1.18,2.83,1.21,2.78,2.33,1.93,1.59,2.07,2.16,5.34,4.57,0.82,3.49
DFS,,,,,316,,Sin datos,,,,,,,,,,,,,,,,,,,,,,,
FANG,"Diamondback Energy, Inc.",Energy,Oil & Gas E&P,185.1649932861328,316,,Sin datos,4.9,3.65,,3.26,3.1,7.37,0.07,8.3,4.23,9.14,1.05,0.93,4.47,8.75,0.04,9.88,0.42,,,7.85,0.55,1.37,1.98
DAL,"Delta Air Lines, Inc.",Industrials,Airlines,69.91999816894531,316,,Sin datos,,3.94,6.31,3.23,9.67,9.2,,6.46,8.93,8.97,7.42,4.18,2.92,1.75,1.89,2.13,2.61,8.32,8.3,3.5,0.45,0.97,7.48
DELL,Dell Technologies Inc.,Technology,Computer Hardware,184.8892059326172,316,,Sin datos,7.83,,8.92,,6.26,6.99,8.79,9.84,8.41,6.82,,5.7,2.05,1.71,2.07,1.79,9.6,8.69,8.39,,2.62,3.33,8.88
DAY,,,,,316,,Sin datos,,,,,,,,,,,,,,,,,,,,,,,
CCI,Crown Castle Inc.,Real Estate,REIT - Specialty,84.45999908447266,316,,Sin datos,4.24,,,,2.83,1.08,8.36,9.7,1.21,1.55,,3.58,3.92,8.79,9.64,9.7,0.88,,,,0.19,0.36,5.32
CRWD,"CrowdStrike Holdings, Inc.",Technology,Software - Infrastructure,431.3500061035156,316,,Sin datos,,1.6,,7.71,,0.12,1.55,0.44,0.08,9.98,0.45,0.06,0.42,8.93,0.42,0.06,9.0,,,8.92,7.51,8.61,5.73
CTRA,Coterra Energy Inc.,Energy,Oil & Gas E&P,33.125,316,,Sin datos,,7.06,7.62,6.2,8.46,7.7,,7.54,4.35,9.42,4.14,6.2,8.27,8.81,8.35,9.76,9.04,6.68,7.06,8.32,4.86,6.31,4.89
CTVA,"Corteva, Inc.",Basic Materials,Agricultural Inputs,83.625,316,,Sin datos,4.46,2.89,,7.37,1.31,3.23,6.9,6.22,5.05,4.8,1.37,3.35,2.31,5.55,1.21,4.59,1.38,,,9.24,6.22,5.91,7.44
CEG,Constellation Energy Corporatio,Utilities,Utilities - Independent Power Producers,284.989990234375,316,,Sin datos,,3.48,3.19,6.03,2.04,3.17,,2.71,3.86,3.05,5.43,2.87,3.4,1.37,2.05,4.61,7.35,0.92,0.97,5.87,6.52,7.0,4.94
CAG,"ConAgra Brands, Inc.",Consumer Defensive,Packaged Foods,15.489999771118164,316,,Sin datos,,1.84,5.7,2.69,,9.02,0.33,9.15,9.07,8.56,0.56,3.78,0.56,2.07,2.43,2.78,1.34,8.0,8.11,4.08,2.53,0.94,2.59
TDG,Transdigm Group Incorporated,Industrials,Aerospace & Defense,1219.280029296875,316,,Sin datos,2.95,,4.44,,1.79,1.5,2.0,9.47,1.51,2.41,,8.55,7.89,7.34,9.48,8.99,7.67,2.48,2.98,,8.99,8.83,5.22
TKO,"TKO Group Holdings, Inc.",Communication Services,Entertainment,196.92999267578125,316,,Sin datos,,3.29,,5.22,0.44,0.26,,3.92,4.93,3.53,1.5,3.07,1.73,7.36,2.13,6.34,7.03,,,7.26,5.23,4.83,3.08
TPL,Texas Pacific Land Corporation,Energy,Oil & Gas E&P,449.44000244140625,316,,Sin datos,,9.53,5.75,7.66,0.73,9.76,,0.65,0.02,0.28,8.39,9.9,9.94,9.84,9.96,9.96,7.67,4.65,4.78,9.84,9.68,9.89,1.23
TDY,Teledyne Technologies Incorpora,Technology,Scientific & Technical Instruments,657.8800048828125,316,,Sin datos,,4.56,7.03,6.19,2.62,1.78,,5.33,2.96,2.24,2.58,4.71,5.86,4.85,5.59,5.19,5.08,8.02,8.14,8.43,7.05,5.99,2.8
TRGP,"Targa Resources, Inc.",Energy,Oil & Gas Midstream,241.50999450683594,316,,Sin datos,,6.42,5.95,1.23,4.2,2.83,,0.91,5.27,4.82,9.08,7.25,4.27,4.08,6.14,6.24,0.55,9.03,8.67,0.45,1.35,2.45,1.06
CL,Colgate-Palmolive Company,Consumer Defensive,Household & Personal Products,85.0999984741211,316,,Sin datos,3.64,7.33,,2.9,3.08,3.25,6.02,0.0,4.79,4.49,9.94,9.39,3.94,7.46,5.57,5.01,4.21,,,0.04,2.13,2.32,7.54
CFG,"Citizens Financial Group, Inc.",Financial Services,Banks - Regional,63.630001068115234,316,,Sin datos,,3.09,7.34,,7.84,8.44,,8.81,4.39,,1.95,0.44,8.17,0.25,8.07,0.39,6.62,7.72,7.76,,,,
C,"Citigroup, Inc.",Financial Services,Banks - Diversified,122.9000015258789,316,,Sin datos,,2.71,2.91,,7.53,8.38,8.31,8.85,5.67,,1.78,0.38,7.1,0.25,6.88,0.39,3.37,2.74,2.57,,,,
CINF,Cincinnati Financial Corporatio,Financial Services,Insurance - Property & Casualty,162.2899932861328,316,,Sin datos,,5.26,8.92,5.93,9.44,4.61,,7.84,6.7,9.03,5.32,4.63,7.12,2.13,7.26,5.37,8.89,8.92,8.97,9.57,1.18,2.87,8.75
SCHW,Charles Schwab Corporation (The,Financial Services,Capital Markets,95.86000061035156,316,,Sin datos,,6.14,8.18,,6.55,6.47,7.52,4.06,1.77,,5.9,1.17,9.72,9.86,9.68,0.39,8.48,8.11,7.91,3.09,1.12,3.58,
CRL,Charles River Laboratories Inte,Healthcare,Diagnostics & Research,175.9600067138672,316,,Sin datos,,2.02,,4.3,,6.31,9.95,5.5,6.46,6.58,0.43,3.86,0.4,3.42,0.87,4.57,1.65,,,4.46,5.33,5.26,2.31
CNC,Centene Corporation,Healthcare,Healthcare Plans,36.959999084472656,316,,Sin datos,,0.43,,5.71,,9.0,8.57,9.13,9.84,9.51,0.09,0.57,0.38,0.82,0.26,0.72,8.97,,,4.04,4.18,6.71,8.47
CDW,CDW Corporation,Technology,Information Technology Services,126.43499755859375,316,,Sin datos,,4.45,4.89,3.86,8.07,7.72,,2.65,8.91,7.33,8.84,6.24,1.95,1.83,1.59,1.63,4.49,5.18,5.0,1.14,4.79,6.76,3.86
CCL,Carnival Corporation,Consumer Cyclical,Travel Services,27.864999771118164,316,,Sin datos,,5.59,,2.3,9.21,8.04,,5.25,7.87,8.62,7.45,5.29,4.37,6.72,2.15,5.74,4.36,,,1.5,0.25,0.51,6.75
CAH,"Cardinal Health, Inc.",Healthcare,Medical Distribution,214.85000610351562,316,,Sin datos,6.21,,7.2,,3.62,4.13,6.4,9.62,9.76,4.75,,2.97,0.72,0.52,0.46,0.78,8.45,6.54,6.51,,2.56,1.73,8.62
COF,Capital One Financial Corporati,Financial Services,Credit Services,190.74000549316406,316,,Sin datos,,1.53,8.6,,0.91,9.44,9.88,8.87,4.29,,0.9,0.28,2.74,0.25,6.28,0.39,9.72,6.87,9.31,,,,
VTR,"Ventas, Inc.",Real Estate,REIT - Healthcare Facilities,84.16000366210938,316,,Sin datos,,2.87,7.1,2.6,0.19,0.04,,4.89,1.85,1.59,0.86,1.41,1.77,4.61,5.53,7.75,8.78,5.51,7.01,3.52,0.27,1.27,4.87
UDR,"UDR, Inc.",Real Estate,REIT - Residential,35.125,316,,Sin datos,,5.26,,1.69,3.51,0.14,,4.46,1.49,3.4,2.79,1.33,7.75,8.05,6.04,9.36,2.13,,,2.44,0.11,0.02,3.71
USB,U.S. Bancorp,Financial Services,Banks - Regional,54.97999954223633,316,,Sin datos,,3.88,5.92,,9.23,8.54,4.26,8.22,5.01,,4.01,0.69,8.81,0.25,9.01,0.39,3.89,7.07,6.94,,,,
TFC,Truist Financial Corporation,Financial Services,Banks - Regional,49.30500030517578,316,,Sin datos,,3.34,4.46,,9.02,8.62,7.19,9.05,4.69,,2.3,0.52,8.85,0.25,8.15,0.39,2.79,5.58,5.1,,,,
CPT,Camden Property Trust,Real Estate,REIT - Residential,102.05000305175781,316,,Sin datos,,5.1,7.11,2.03,4.07,0.2,,5.9,1.91,4.04,2.45,1.27,8.21,7.59,5.29,9.26,2.35,9.68,9.68,4.13,0.02,0.04,3.12
CZR,"Caesars Entertainment, Inc.",Consumer Cyclical,Resorts & Casinos,26.579999923706055,316,,Sin datos,,2.91,,1.98,,2.53,,8.02,9.46,8.41,0.28,3.56,0.34,5.94,4.95,6.74,3.3,,,0.31,1.96,3.41,2.84
BXP,"BXP, Inc.",Real Estate,REIT - Office,52.5,316,,Sin datos,4.27,3.13,,3.14,3.7,1.92,3.9,7.74,5.41,3.91,1.33,1.05,3.26,6.78,0.14,9.01,0.02,,,1.26,2.74,5.49,3.92
BG,Bunge Limited,Consumer Defensive,Farm Products,123.66999816894531,316,,Sin datos,,1.14,3.55,3.43,4.99,7.35,,8.06,9.58,2.82,1.57,1.78,0.85,0.56,0.48,0.89,9.86,0.14,0.18,3.99,6.86,2.34,0.22
BLDR,"Builders FirstSource, Inc.",Industrials,Building Products & Equipment,83.67500305175781,316,,Sin datos,,2.52,0.19,4.83,6.17,7.84,,6.5,9.22,7.94,3.13,4.2,1.33,2.68,0.6,1.69,0.18,0.18,0.21,3.03,7.7,6.9,2.48
BF.B,,,,,316,,Sin datos,,,,,,,,,,,,,,,,,,,,,,,
BRO,"Brown & Brown, Inc.",Financial Services,Insurance Brokers,67.5999984741211,316,,Sin datos,,5.3,6.3,4.38,6.24,6.71,,7.25,3.9,4.67,3.71,3.84,6.86,5.86,6.36,7.2,9.47,2.29,7.26,5.96,3.61,1.75,5.37
BMY,Bristol-Myers Squibb Company,Healthcare,Drug Manufacturers - General,58.63999938964844,316,,Sin datos,,7.76,7.19,5.31,7.75,8.7,,2.53,6.06,8.8,8.61,7.98,5.88,8.69,7.38,7.93,2.07,9.95,9.95,1.03,5.19,6.87,9.31
BKNG,Booking Holdings Inc. Common St,Consumer Cyclical,Travel Services,182.82000732421875,316,,Sin datos,6.47,,7.99,,4.35,6.11,9.98,9.37,2.7,5.72,,9.74,7.38,9.7,8.09,7.69,8.08,7.95,7.93,,5.65,7.74,8.86
BA,Boeing Company (The),Industrials,Aerospace & Defense,218.08999633789062,316,,Sin datos,,2.81,,3.12,0.4,0.3,,0.28,6.98,9.96,9.89,0.04,1.15,0.54,0.18,0.04,9.76,,,0.18,4.86,1.67,6.06
WBA,,,,,316,,Sin datos,,,,,,,,,,,,,,,,,,,,,,,
WAB,Westinghouse Air Brake Technolo,Industrials,Railroads,267.55999755859375,316,,Sin datos,,4.19,5.08,4.83,1.91,2.57,,3.94,3.72,2.45,3.69,5.76,3.96,3.38,3.64,4.53,7.87,3.5,3.68,6.59,4.22,2.83,4.91
VICI,VICI Properties Inc.,Real Estate,REIT - Diversified,27.864999771118164,316,,Sin datos,,7.24,3.57,7.68,9.46,8.76,,8.93,1.57,6.24,3.23,4.75,9.98,9.9,9.98,10.0,3.11,3.57,4.09,5.99,10.0,10.0,5.52
VTRS,Viatris Inc.,Healthcare,Drug Manufacturers - Specialty & Generic,13.595000267028809,316,,Sin datos,,1.71,,5.14,,9.84,,8.99,8.33,9.25,0.13,1.21,0.08,4.33,1.75,6.0,3.73,,,3.61,5.97,4.09,6.98
VRSK,"Verisk Analytics, Inc.",Industrials,Consulting Services,179.42999267578125,316,,Sin datos,2.89,9.25,,3.75,4.32,3.13,4.5,0.06,1.29,3.01,9.91,9.41,9.03,8.45,9.34,8.77,,,,0.09,4.94,7.26,4.16
VRSN,"VeriSign, Inc.",Technology,Software - Infrastructure,271.5849914550781,316,,Sin datos,3.03,,5.44,,3.64,1.48,1.86,9.49,0.22,1.76,,10.0,9.88,9.72,9.9,9.78,5.22,5.77,5.31,,0.68,2.29,3.32
BK,The Bank of New York Mellon Cor,Financial Services,Banks - Diversified,127.79000091552734,316,,Sin datos,,3.93,6.66,,7.65,6.67,6.69,6.38,3.34,,4.38,0.81,8.57,0.25,8.81,0.39,5.31,7.42,7.34,,,,
BX,Blackstone Inc.,Financial Services,Asset Management,116.58000183105469,316,,Sin datos,,7.69,8.74,,3.74,5.97,5.1,1.6,0.82,,7.58,8.81,7.63,9.96,9.74,0.39,9.7,8.18,8.28,5.67,3.35,6.2,
BIIB,Biogen Inc.,Healthcare,Drug Manufacturers - General,177.1199951171875,316,,Sin datos,6.17,5.38,,7.89,6.74,7.78,1.26,8.28,5.9,8.88,2.0,5.8,5.27,9.28,5.19,7.55,0.59,,,7.6,8.9,8.8,6.51
BRK.B,,,,,316,,Sin datos,,,,,,,,,,,,,,,,,,,,,,,
BAX,Baxter International Inc.,Healthcare,Medical Instruments & Supplies,17.325000762939453,316,,Sin datos,,1.54,,6.11,,9.24,0.12,8.24,8.77,8.73,0.24,2.02,0.22,3.54,1.61,3.4,5.45,,,2.13,8.59,7.89,7.0
BAC,Bank of America Corporation,Financial Services,Banks - Diversified,51.724998474121094,316,,Sin datos,,3.65,6.04,,8.79,8.22,8.12,8.44,4.61,,3.23,0.46,8.73,0.25,9.28,0.39,5.02,6.81,6.34,,,,
BALL,Ball Corporation,Consumer Cyclical,Packaging & Containers,61.68000030517578,316,,Sin datos,6.88,3.47,,3.64,7.19,6.63,6.86,5.09,8.25,7.42,5.36,4.38,2.58,1.63,2.23,2.72,8.1,,,2.69,4.3,4.22,3.66
AXON,"Axon Enterprise, Inc.",Industrials,Aerospace & Defense,397.1600036621094,316,,Sin datos,,1.9,3.38,6.28,0.04,0.6,,1.72,0.56,0.0,1.16,0.14,1.85,7.38,0.22,0.8,9.58,0.05,0.05,6.35,8.76,9.19,1.4
AVB,"AvalonBay Communities, Inc.",Real Estate,REIT - Residential,168.48500061035156,316,,Sin datos,,5.81,1.82,2.86,5.86,0.84,,6.67,1.41,3.29,2.53,1.94,9.52,7.77,7.83,9.42,3.04,1.14,1.18,4.6,0.53,0.19,5.24
AZO,"AutoZone, Inc.",Consumer Cyclical,Auto Parts,3452.5224609375,316,,Sin datos,5.34,,4.41,,5.3,3.65,4.33,9.66,5.49,4.06,,8.44,4.79,6.2,4.1,4.45,5.56,3.77,3.82,,2.49,0.38,3.47
AIZ,"Assurant, Inc.",Financial Services,Insurance - Property & Casualty,223.67999267578125,316,,Sin datos,,2.64,5.79,4.15,8.9,8.4,,7.13,8.67,9.12,5.28,1.37,2.45,0.87,2.21,2.01,5.39,6.08,5.9,7.47,0.51,0.46,6.77
ACGL,Arch Capital Group Ltd.,Financial Services,Insurance - Diversified,98.22000122070312,316,,Sin datos,,5.88,7.12,4.34,9.77,8.56,,8.08,7.22,9.46,6.2,4.14,7.83,3.86,7.59,6.02,5.67,7.97,7.8,9.26,4.02,2.64,0.13
APO,"Apollo Global Management, Inc. ",Financial Services,Asset Management,106.80000305175781,316,,Sin datos,,3.33,3.96,,7.09,8.52,9.21,5.45,6.82,,4.91,0.83,4.19,3.94,4.73,0.39,9.9,0.71,0.82,3.65,7.13,8.69,
ANSS,,,,,316,,Sin datos,,,,,,,,,,,,,,,,,,,,,,,
WYNN,"Wynn Resorts, Limited",Consumer Cyclical,Resorts & Casinos,104.94000244140625,316,,Sin datos,6.59,,1.12,,2.85,4.43,9.0,9.82,7.63,7.18,,5.25,1.89,8.21,3.88,5.21,2.13,0.62,0.51,,7.0,8.34,1.72
WTW,Willis Towers Watson Public Lim,Financial Services,Insurance Brokers,290.5799865722656,316,,Sin datos,,5.94,1.18,4.53,7.42,6.91,,4.55,5.69,6.86,6.33,4.56,6.44,4.69,8.69,5.81,1.07,1.24,1.24,4.26,4.96,2.18,6.29
WELL,Welltower Inc.,Real Estate,REIT - Healthcare Facilities,204.4149932861328,316,,Sin datos,,2.14,4.59,7.01,0.21,0.16,,4.65,0.46,0.19,0.94,0.36,3.2,4.45,0.06,5.23,9.62,1.71,2.1,6.79,7.27,7.19,6.88
WFC,Wells Fargo & Company,Financial Services,Banks - Diversified,84.62000274658203,316,,Sin datos,,3.63,4.86,,8.81,7.98,4.74,7.82,4.95,,3.88,0.65,8.45,0.25,7.67,0.39,3.73,5.9,4.97,,,,
WBD,"Warner Bros. Discovery, Inc. - ",Communication Services,Entertainment,27.510000228881836,316,,Sin datos,4.75,1.84,,5.35,0.33,9.96,0.0,7.11,7.02,5.76,0.82,0.59,0.97,5.17,1.63,3.88,0.74,,,3.74,3.81,4.26,9.68
TQQQ,ProShares UltraPro QQQ,,,48.01250076293945,316,,Sin datos,,,,,2.58,,,,,,,,,,,,,,,,,,
SOXS,Direxion Daily Semiconductor Be,,,27.454999923706055,316,,Sin datos,,,,,,,,,,,,,,,,,,,,,,,
SQQQ,ProShares UltraPro Short QQQ,,,69.26000213623047,316,,Sin datos,,,,,,,,,,,,,,,,,,,,,,,
SOXL,Direxion Daily Semiconductor Bu,,,66.73500061035156,316,,Sin datos,,,,,1.6,,,,,,,,,,,,,,,,,,
TSLL,Direxion Daily TSLA Bull 2X ETF,,,10.550000190734863,316,,Sin datos,,,,,1.66,,,,,,,,,,,,,,,,,,
SUPV,Grupo Supervielle S.A.,Financial Services,Banks - Regional,9.806900024414062,316,,Sin datos,,0.25,,,,9.48,,8.75,9.9,,0.38,0.1,0.26,0.25,0.08,0.39,0.05,,,,,,
LOMA,Loma Negra Compania Industrial ,Basic Materials,Building Materials,11.555000305175781,316,,Sin datos,,1.78,0.53,4.55,0.54,6.65,,7.37,9.88,9.89,0.84,2.12,1.25,1.85,2.27,3.94,1.12,0.21,0.23,8.25,6.31,2.43,0.04
CEPU,Central Puerto S.A.,Utilities,Utilities - Regulated Electric,16.774999618530273,316,,Sin datos,,6.0,,8.69,9.54,8.32,,1.25,9.86,9.91,4.74,5.03,9.22,3.56,6.1,8.19,6.85,,,8.86,7.51,8.73,9.63
BBAR,Banco BBVA Argentina S.A.,Financial Services,Banks - Regional,16.469900131225586,316,,Sin datos,,1.67,1.06,,7.17,6.09,,3.96,9.96,,2.08,0.77,2.94,0.25,3.32,0.39,0.53,1.29,1.4,,,,
BMA,Banco Macro S.A.,Financial Services,Banks - Regional,79.98500061035156,316,,Sin datos,,1.59,3.04,,3.58,9.34,,8.42,9.92,,1.65,0.95,2.66,0.25,3.8,0.39,5.22,1.87,1.86,,,,
GGAL,Grupo Financiero Galicia S.A.,Financial Services,Banks - Regional,46.97999954223633,316,,Sin datos,,0.68,,,1.04,9.72,,1.27,9.94,,0.92,0.32,1.45,0.25,0.16,0.39,0.32,,,,,,
YPF,YPF Sociedad Anonima,Energy,Oil & Gas Integrated,42.939998626708984,316,,Sin datos,,2.0,,2.22,,9.36,,8.12,9.98,9.87,0.3,3.74,0.3,2.33,2.17,5.49,9.49,,,3.57,2.38,2.73,0.02
YUM,"Yum! Brands, Inc.",Consumer Cyclical,Restaurants,159.07000732421875,316,,Sin datos,4.32,,6.34,,4.14,2.97,4.02,9.45,2.72,2.73,,9.82,7.14,5.41,8.01,7.42,4.6,7.24,7.34,,5.76,7.03,5.13
AMP,"Ameriprise Financial, Inc.",Financial Services,Asset Management,449.2099914550781,316,,Sin datos,,5.96,4.45,7.71,9.15,8.58,6.14,2.67,6.4,,9.29,1.54,7.08,6.74,8.65,0.39,5.73,4.02,3.47,6.46,8.54,8.24,7.95
AIG,"American International Group, I",Financial Services,Insurance - Diversified,77.58999633789062,316,,Sin datos,,3.09,2.02,5.34,8.61,9.14,,9.07,7.55,9.76,2.02,1.13,4.45,3.3,3.22,6.52,0.57,3.28,2.25,8.59,1.1,0.79,9.33
AXP,American Express Company,Financial Services,Credit Services,315.4700012207031,316,,Sin datos,,5.59,6.29,,6.59,5.49,5.9,2.51,5.03,,8.03,3.27,6.34,7.83,4.45,0.39,6.57,6.21,6.07,1.66,6.1,8.1,
MO,"Altria Group, Inc.",Consumer Defensive,Tobacco,65.9800033569336,316,,Sin datos,6.86,,0.93,,7.96,7.6,5.19,9.78,2.6,8.58,,9.92,9.5,9.68,10.0,9.94,1.73,0.48,0.53,,1.27,2.83,9.16
NVDL,GraniteShares 2x Long NVDA Dail,,,78.63999938964844,316,,Sin datos,,,,,,,,,,,,,,,,,,,,,,,
SMST,Defiance Daily Target 2x Short ,,,59.83340072631836,316,,Sin datos,,,,,,,,,,,,,,,,,,,,,,,
KWEB,KraneShares CSI China Internet ,,,29.315000534057617,316,,Sin datos,,,,,8.4,,,,,,,,,,,,,,,,,,
ABBV,AbbVie Inc.,Healthcare,Drug Manufacturers - General,210.7100067138672,316,,Sin datos,5.65,7.57,,,0.37,6.89,9.38,9.94,2.25,4.95,9.98,7.8,2.54,8.59,8.51,8.73,6.34,,,,1.39,2.06,9.78
