ticker,shortName,sector,industry,rank,score_FINAL_adj,rating,data_completeness,score_valuation,score_profitability,score_growth,score_financial,score_fundamental_momentum,score_income,revenue_trend,ebitda_trend,margin_trend,debt_trend,fcf_trend,earnings_consistency,revenue_r2,ebitda_r2,revenue_cagr,ebitda_cagr,revenue_qoq,ebitda_qoq,revenue_accel,margin_accel,lastPrice,priceVs50dMA,priceVs200dMA,priceVs52wHigh,priceVs52wLow,position52w,beta,marketCap,dividendYield,liquidity_flag,score_deep_value,score_momentum_calidad,graham_margin_of_safety,fcf_yield,analyst_upside,trailingPE_vs_historia,priceToBook_vs_historia,rsi_14,current_drawdown,trailingPE,forwardPE,priceToBook,enterpriseToEbitda,returnOnEquity,profitMargins,operatingMargins,revenueGrowth,earningsGrowth,debtToEquity,currentRatio,freeCashflow
SPCX,Space Exploration Technologies ,Industrials,Aerospace & Defense,237,4.597208602150538,Débil,90.3,1.4814814814814814,3.1111111111111107,6.851851851851852,7.407407407407407,4.7851851851851865,5.185185185185185,0.028455075533460356,0.047302348120855174,0.03784409935648077,-0.006732534589445632,-0.0352478494106044,,0.9931295589711637,0.9528112841274767,0.12053610827650585,0.2012680211190514,,,,,158.9600067138672,0.15069005722950668,0.1072061713358794,-0.2955149498587697,0.516359884707309,0.44805899109235325,,2095375843328.0,1.01,False,3.648148148148148,6.7407407407407405,-0.8161238663317525,-0.007437322332751186,0.42199289414273133,0.0,,61.36944936274599,-0.24802494359791694,36.547813,91.19124,16.462303,651.747,-0.13034,-0.35661998,-0.01804,0.919,0.066,31.211,5.115,
NOK,Nokia Corporation Sponsored,Technology,Communication Equipment,267,4.434078908188585,Débil,90.3,4.642857142857143,3.6373626373626378,1.043956043956044,4.34065934065934,4.774175824175825,8.571428571428571,0.07441372398217906,0.11847256167282387,0.0547580711232026,-0.01971598510283539,0.05460226265429918,,0.9937798417789561,0.9580285284744481,0.34643039504430995,0.581193586982789,,,,,10.600000381469727,0.05430678152672819,0.06068417944271309,-0.3925501214057463,1.1810700373394498,0.4559174250571665,0.767,59345637376.0,1.58,False,5.714285714285714,5.280219780219779,-0.6523025041585622,0.01993196231941334,0.4119499491871548,0.0,,53.086825341074956,-0.3709198729083263,75.71429,21.947079,2.4581113,21.645,0.03455,0.03472,0.07934,0.084,-0.979,15.776,1.505,1182875008.0
SMCI,"Super Micro Computer, Inc.",Technology,Computer Hardware,54,5.627408933002481,Neutral,90.3,7.774725274725274,5.5054945054945055,8.846153846153847,5.1098901098901095,4.774175824175825,1.043956043956044,0.07441372398217906,0.11847256167282387,0.0547580711232026,-0.01971598510283539,0.05460226265429918,,0.9937798417789561,0.9580285284744481,0.34643039504430995,0.581193586982789,0.159134519290249,0.7889721195521517,,,43.689998626708984,0.20469632019469786,0.36781299020737857,-0.25671999614309315,1.2428130711862928,0.6160304994073533,1.996,28702816256.0,0.39,False,4.983516483516484,6.642857142857142,-0.22552827231438255,-0.2873858717705335,-0.030098390204688297,0.0,,62.96048672315783,-0.12916084868919483,13.40184,8.203278,2.799026,11.855,0.21465999,0.0571,0.13382,0.932,4.347,63.951,3.872,-8248783872.0
INTC,Intel Corporation,Technology,Semiconductors,243,4.570334491315137,Débil,90.3,2.967032967032967,2.5494505494505493,5.65934065934066,3.3516483516483517,6.570879120879123,5.604395604395604,0.15157463111841535,0.18686876297458943,0.08644022771707216,-0.014252269139233852,0.046344533934074575,,0.993489689607621,0.9967601092747992,0.8356987558501576,1.1192808609591967,0.06080392316405668,0.1880908237564819,,,119.33000183105469,0.18744827322011814,0.47740865807584876,-0.16171407213870959,2.62815450991349,0.7896948824324382,2.231,630790946816.0,0.91,False,3.868131868131868,7.368131868131869,-0.8242870859284963,0.007714719421012091,-0.02478766266376542,0.0,,60.637175995005975,-0.15332765883366295,45.356323,57.86876,6.874244,38.105,-0.10715,-0.19794,0.12189999,0.254,1.4365,48.997,1.604,4866375168.0
PLUG,"Plug Power, Inc.",Industrials,Electrical Equipment & Parts,334,3.8098256869772995,Débil,90.3,6.62037037037037,1.0555555555555556,3.7037037037037037,4.2592592592592595,4.7851851851851865,5.185185185185185,0.028455075533460356,0.047302348120855174,0.03784409935648077,-0.006732534589445632,-0.0352478494106044,,0.9931295589711637,0.9528112841274767,0.12053610827650585,0.2012680211190514,,,,,1.899999976158142,-0.10199452870869552,-0.2298338159067118,-0.5851528436335934,0.11764704479890709,0.06944443616602158,2.222,2654670848.0,1.01,False,4.231481481481481,2.1296296296296298,-0.7274943773230823,-0.09308098447917261,0.8700631813609372,0.0,,38.702487736250646,-0.5410627928906111,36.4784715,-12.809277,4.5673075,-6.856,-1.44963,-2.20586,-0.24881001,0.025,0.066,176.565,2.321,-247099376.0
NVDA,NVIDIA Corporation,Technology,Semiconductors,41,5.779701488833747,Neutral,90.3,4.230769230769231,9.68131868131868,7.472527472527473,6.703296703296703,5.313736263736264,1.6483516483516483,0.16901627679492157,0.20410391979681364,0.009242727094937805,0.652632938404192,-0.1409455650178188,,0.9937798417789561,0.9991346661290489,0.968525793053358,1.2821110719082611,0.19519039174532504,0.21600590288841817,,,233.9499969482422,0.07427685232167858,0.1672619658609782,-0.016479602521368042,0.42417968556791963,0.9467390889706818,2.217,5649190617088.0,0.43,False,3.82967032967033,6.472527472527473,-0.8242870859284963,0.007401038091639369,0.40072666926556333,0.0,,63.01238099955813,-0.005324757185311437,29.53914,14.905945,24.670464,27.526,1.17211,0.63663,0.66236997,1.059,1.278,16.971,4.589,41809874944.0
ONDS,Ondas Inc,Technology,Communication Equipment,33,5.838727791563274,Neutral,90.3,7.788461538461538,5.8791208791208796,8.818681318681318,9.065934065934066,4.774175824175825,8.186813186813186,0.07441372398217906,0.11847256167282387,0.0547580711232026,-0.01971598510283539,0.05460226265429918,,0.9937798417789561,0.9580285284744481,0.34643039504430995,0.581193586982789,,,,,7.239999771118164,-0.09623141330959506,-0.23340412298165947,-0.5261780254503818,0.4626262163875079,0.22168439217019983,2.736,4215871488.0,1.56,False,4.464285714285714,1.4230769230769231,-0.6132566268626651,-0.01639261732638469,1.681860582020604,0.0,,42.52057601434927,-0.4668630477324532,34.7154045,-362.0,2.4434693,-15.089,0.19317,0.96248,-1.66299,12.354,1.893,2.608,9.845,-69109168.0
CRWV,"CoreWeave, Inc.",Technology,Software - Infrastructure,350,3.518680397022332,Débil,90.3,5.164835164835165,1.5604395604395604,7.032967032967033,0.27472527472527486,2.2395604395604405,7.032967032967034,0.05725986152961707,0.1087375499955198,-0.5886360533536672,6.216447174862654e-05,0.05460226265429918,,0.9966000446135956,0.9539245246136695,0.25752066717092936,0.581193586982789,,,,,89.62000274658203,0.035748493490826316,-0.027904912284398065,-0.41501303690220603,0.48009913702034734,0.3137614975346145,,49428709376.0,1.45,False,3.6758241758241756,5.1098901098901095,-0.7169367248881723,-0.1838732092894369,0.5797695342672771,0.0,,53.75870546155823,-0.3504855376024989,37.708862,-49.556526,9.82891,25.052,-0.43596,-0.25402,-0.01903,1.125,0.7725,1027.329,0.455,-9088615424.0
PATH,"UiPath, Inc.",Technology,Software - Infrastructure,98,5.241614640198511,Neutral,90.3,6.373626373626374,6.0989010989010985,6.153846153846153,6.758241758241757,2.2395604395604405,7.032967032967034,0.05725986152961707,0.1087375499955198,-0.5886360533536672,6.216447174862654e-05,0.05460226265429918,,0.9966000446135956,0.9539245246136695,0.25752066717092936,0.581193586982789,0.029018196447047617,0.4621115946483749,,,13.119999885559082,-0.09725185534292857,0.03360393632614311,-0.33870968318754624,0.426086944082509,0.3684210418758536,1.023,6837559296.0,1.45,False,7.5989010989010985,3.291208791208791,-0.4276909279466111,0.0693606609419011,0.18131251030415307,0.0,,43.279463094548035,-0.2972683539397476,19.582088,14.246314,3.5080214,31.078,0.20027,0.21031,0.08922,0.134,22.808,4.093,2.387,474257632.0
ACHR,Archer Aviation Inc.,Industrials,Aerospace & Defense,222,4.650252210274791,Débil,90.3,6.111111111111112,2.3518518518518516,6.481481481481481,8.518518518518519,4.7851851851851865,5.185185185185185,0.028455075533460356,0.047302348120855174,0.03784409935648077,-0.006732534589445632,-0.0352478494106044,,0.9931295589711637,0.9528112841274767,0.12053610827650585,0.2012680211190514,,,,,4.889999866485596,-0.12634891258386416,-0.2136177818093874,-0.6655266849189059,0.13720927127572002,0.057170529698216656,3.234,3765431040.0,1.01,False,2.7407407407407405,3.148148148148148,-0.8161238663317525,-0.09997195540195047,1.1699612044419383,0.0,,36.18744148355663,-0.29842180578442484,36.547813,-6.056927,1.9894223,-2.718,-0.44471002,0.0,-55.14,0.758,0.066,6.557,10.213,-376437504.0
NBIS,Nebius Group N.V.,Communication Services,Internet Content & Information,121,5.1056202580645165,Neutral,90.3,4.05,3.5999999999999996,9.0,6.6000000000000005,4.796000000000001,2.2,0.028455075533460356,0.047302348120855174,0.03784409935648077,-0.006732534589445632,-0.0352478494106044,,0.9931295589711637,0.9528112841274767,0.12053610827650585,0.2012680211190514,,,,,242.80999755859375,0.1116925626278531,0.4545513214940873,-0.19025546068634114,2.302638704551058,0.747945557827135,1.436,66009169920.0,0.275,False,2.84,8.639999999999999,-0.5603055228964087,-0.14565628350807172,0.16790475207499678,0.0,,57.14781954598437,-0.15305732501704764,17.243977,-69.5621,6.436827,255.124,0.00601,0.03129,-0.00223,4.54,1.482,98.596,4.03,-9614650368.0
IREN,IREN LIMITED,Financial Services,Capital Markets,352,3.419205303444505,Débil,90.3,3.516949152542373,0.8135593220338982,4.449152542372881,5.593220338983051,4.711864406779662,2.0338983050847457,0.028455075533460356,0.047302348120855174,0.03784409935648077,-0.006732534589445632,-0.0352478494106044,,0.9931295589711637,0.9528112841274767,0.12053610827650585,0.2012680211190514,-0.06614146709339308,-0.7635484046311899,,,41.7599983215332,0.009392921717253921,-0.08305634018406494,-0.45674517599150255,0.44348421436340146,0.2676261644041135,4.285,16455888896.0,1.7650000000000001,False,2.423728813559322,4.076271186440677,-0.46728547762858624,-0.2564004476856672,0.8604991169249518,0.0,,46.8788465718195,-0.38443395377648304,16.948205,-10.485507,3.7932599,468.418,-0.23409,-0.9938,-1.0247,-0.267,0.624,187.297,3.551,-4219297280.0
HL,Hecla Mining Company,Basic Materials,Other Precious Metals & Mining,95,5.252935483870968,Neutral,90.3,3.2758620689655173,6.931034482758621,7.758620689655173,9.051724137931034,4.775862068965519,0.5172413793103449,0.028455075533460356,0.047302348120855174,0.03784409935648077,-0.006732534589445632,-0.0352478494106044,,0.9931295589711637,0.9528112841274767,0.12053610827650585,0.2012680211190514,,,,,17.200000762939453,-0.05572326308320319,-0.1038048815048026,-0.4966344523576397,0.48531958229183525,0.24878268096234848,1.382,11554417664.0,0.09,False,4.4655172413793105,4.793103448275861,-0.49838503309017523,0.02962890436846857,0.3415697079339268,0.0,,41.01142036270857,-0.19738681670549008,20.722893,16.658596,4.315103,11.301,0.22173999,0.19150999,0.4427,0.524,0.929,0.802,5.197,342344736.0
NU,Nu Holdings Ltd.,Financial Services,Banks - Regional,71,5.502342536905413,Neutral,90.3,2.7754237288135597,9.220338983050848,9.406779661016948,5.0,4.711864406779662,6.864406779661016,0.028455075533460356,0.047302348120855174,0.03784409935648077,-0.006732534589445632,-0.0352478494106044,,0.9931295589711637,0.9528112841274767,0.12053610827650585,0.2012680211190514,,,,,13.430000305175781,-0.05870641837619628,-0.08749016961432154,-0.2924130503068608,0.19910717010498047,0.28663242997118016,0.94,64876150784.0,4.06,False,3.9067796610169494,4.813559322033898,-0.500207689121065,0.022540040223670094,0.3876663869335686,0.0,,45.452454442574506,-0.14349489516637967,18.39726,11.886534,4.896099,7.49,0.31628,0.42728,0.50154,0.521,0.663,140.535,1.5739999999999998,
RIG,Transocean Ltd (Switzerland),Energy,Oil & Gas Drilling,305,4.104620483870968,Débil,90.3,4.875,2.3499999999999996,3.375,5.75,4.832500000000001,5.25,0.028455075533460356,0.047302348120855174,0.03784409935648077,-0.006732534589445632,-0.0352478494106044,,0.9931295589711637,0.9528112841274767,0.12053610827650585,0.2012680211190514,,,,,5.170000076293945,-0.07081235149282072,-0.08861739977542515,-0.3250652641913909,0.6840391127993308,0.45751635649105565,1.339,5774270464.0,2.79,False,6.325,1.7,-0.13842033516187963,0.1511229911103797,0.2677311224912555,0.0,,37.64557826860333,-0.31794193557640554,14.1457575,18.132715,0.68997735,6.816,-0.18698,-0.40238,0.17391,-0.022,1.014,61.159,1.589,872625024.0
ORCL,Oracle Corporation,Technology,Software - Infrastructure,290,4.2456044665012405,Débil,90.3,6.236263736263736,8.186813186813188,4.285714285714286,1.2637362637362641,1.792857142857143,7.032967032967034,0.05683803857620076,0.1087375499955198,0.03726967370441462,-0.01971598510283539,-0.3189008181156522,,0.9927717333665073,0.9763752681845006,0.2547803986419861,0.5542886092401587,0.06560568892607777,0.07791924537993311,,,142.3000030517578,-0.005915584199173152,-0.12753766332299732,-0.5588144011540963,0.24279478647823427,0.13362816310208522,1.732,431382593536.0,1.45,False,4.06043956043956,3.532967032967033,-0.6193214722872464,-0.10629456787336367,0.6723411447394227,0.0,,48.31523380946707,-0.4245615167412186,22.304075,12.939669,6.9611588,16.116,0.41192,0.2636,0.35632,0.296,0.545,251.716,1.171,-45853626368.0
CDE,"Coeur Mining, Inc.",Basic Materials,Gold,102,5.22966573971079,Neutral,90.3,5.43103448275862,5.344827586206897,5.862068965517241,8.448275862068964,4.775862068965519,1.0344827586206897,0.028455075533460356,0.047302348120855174,0.03784409935648077,-0.006732534589445632,-0.0352478494106044,,0.9931295589711637,0.9528112841274767,0.12053610827650585,0.2012680211190514,,,,,17.65999984741211,-0.06405351497132228,-0.08347108873296838,-0.3640619428371584,0.30332102194923305,0.28902952513446617,1.389,18153330688.0,0.23,False,6.275862068965517,4.224137931034483,-0.06785010134758207,0.04388966574198287,0.3564297965444372,0.0,,39.03681805398982,-0.20486264856451614,14.840335,8.895336,1.7448868,10.87,0.12848,0.26817,0.19387,1.259,0.076,6.851,3.654,796743616.0
KEEL,Keel Infrastructure Corp.,Technology,Information Technology Services,288,4.2647464019851125,Débil,90.3,7.788461538461539,0.5934065934065934,0.7417582417582418,5.0,4.774175824175825,9.615384615384615,0.07441372398217906,0.11847256167282387,0.0547580711232026,-0.01971598510283539,0.05460226265429918,,0.9937798417789561,0.9580285284744481,0.34643039504430995,0.581193586982789,,,,,3.619999885559082,-0.0010762202160429224,0.051408622003799476,-0.508819554198225,1.1547618366423107,0.3409490132792763,4.071,2235614976.0,3.0,False,4.579670329670329,4.252747252747252,-0.5676774725592013,-0.08080192785396692,0.8081354162775349,0.0,,49.213707660457246,-0.4564564611866,13.629629,-12.4827585,6.7917447,-42.68,-0.75638,-2.30594,-1.80976,-0.5,0.038,315.882,16.263,-180642000.0
AAL,"American Airlines Group, Inc.",Industrials,Airlines,189,4.753282676224612,Débil,90.3,6.851851851851853,4.851851851851851,2.8703703703703702,2.685185185185185,4.7851851851851865,5.185185185185185,0.028455075533460356,0.047302348120855174,0.03784409935648077,-0.006732534589445632,-0.0352478494106044,,0.9931295589711637,0.9528112841274767,0.12053610827650585,0.2012680211190514,0.04184380717184049,-0.17595307917888564,,,12.9399995803833,-0.07803240563844471,-0.06632420483265256,-0.31133583925581154,0.28245783750082265,0.3275861586647473,1.327,8565890560.0,1.01,False,6.953703703703703,4.555555555555555,-0.7274943773230823,0.0606183303840856,0.2979637206064336,0.0,,41.17975179636933,-0.2870523497327137,36.4784715,6.9741244,-2.1563072,10.694,0.08094,-0.00559,0.02814,0.163,-0.882,81.045,0.534,519249984.0
MARA,"MARA Holdings, Inc.",Financial Services,Capital Markets,340,3.7742668124658283,Débil,90.3,6.016949152542373,0.6440677966101694,4.449152542372881,4.237288135593221,4.711864406779662,2.0338983050847457,0.028455075533460356,0.047302348120855174,0.03784409935648077,-0.006732534589445632,-0.0352478494106044,,0.9931295589711637,0.9528112841274767,0.12053610827650585,0.2012680211190514,,,,,11.229999542236328,-0.004573859892539223,0.023798954524938853,-0.5211087615251033,0.686186117452902,0.2721857976317051,5.336,4338140672.0,1.7650000000000001,False,2.423728813559322,5.644067796610169,-0.46728547762858624,-0.2692608378375795,0.6639493109256944,0.0,,44.76067336582945,-0.24377109402303743,16.948205,-53.47619,2.5827966,-3.446,-1.0557,0.0,-2.65211,-0.267,0.624,140.159,0.891,-1168091392.0
UWMC,UWM Holdings Corporation,Financial Services,Mortgage Finance,346,3.5938149261891748,Débil,90.3,4.364406779661017,1.1186440677966103,2.6271186440677963,4.1525423728813555,4.711864406779662,9.830508474576272,0.028455075533460356,0.047302348120855174,0.03784409935648077,-0.006732534589445632,-0.0352478494106044,,0.9931295589711637,0.9528112841274767,0.12053610827650585,0.2012680211190514,,,,,1.2599999904632568,-0.14215686923797877,-0.6027241800784283,-0.7956204395031213,0.35483869942285673,0.06303724746194017,1.818,2024771584.0,24.54,False,3.6694915254237284,2.1779661016949157,0.016596213367513046,-0.10249730569114901,0.7609127117407717,0.0,,42.77470779014837,-0.6688949291048035,13.2276195,3.614354,3.2225063,31.424,-0.076799996,-0.0127,-1.11037,-0.706,0.341,1613.18,1.783,-207533632.0
SOFI,"SoFi Technologies, Inc.",Financial Services,Credit Services,335,3.8084152542372878,Débil,90.3,2.0974576271186436,2.084745762711864,7.627118644067798,5.169491525423729,4.711864406779662,0.7627118644067797,0.028455075533460356,0.047302348120855174,0.03784409935648077,-0.006732534589445632,-0.0352478494106044,,0.9931295589711637,0.9528112841274767,0.12053610827650585,0.2012680211190514,,,,,15.770000457763672,-0.09741297746315991,-0.16972790885246536,-0.5181790266494448,0.05981185872067685,0.049859969622614644,2.208,20368064512.0,1.06,False,5.775423728813559,2.6610169491525424,-0.3831175036138239,0.0664924080425616,0.29071334236894875,0.0,,36.19988560374296,-0.1912820278069912,32.183674,19.138582,1.837139,14.5505,0.07095,0.14906,0.16956,0.426,0.404,30.835,1.105,
RIOT,"Riot Platforms, Inc.",Financial Services,Capital Markets,271,4.38375478403499,Débil,90.3,6.016949152542373,0.6440677966101694,6.35593220338983,8.389830508474576,4.711864406779662,2.0338983050847457,0.028455075533460356,0.047302348120855174,0.03784409935648077,-0.006732534589445632,-0.0352478494106044,,0.9931295589711637,0.9528112841274767,0.12053610827650585,0.2012680211190514,,,,,19.729999542236328,-0.06068643959512254,0.021848263155005876,-0.34927442143020027,0.7156521341075068,0.4373007195662236,3.832,7403858944.0,1.7650000000000001,False,2.601694915254237,5.008474576271186,-0.46728547762858624,-0.09709203665779617,0.6400497086039114,0.0,,41.964334738071585,-0.3123039674113969,16.948205,-21.099573,3.4017239,-8.638,-0.48243,-1.96277,-1.22334,0.139,0.624,40.034,1.585,-718855744.0
WULF,TeraWulf Inc.,Financial Services,Capital Markets,360,3.043737014762165,Débil,90.3,5.508474576271186,0.6440677966101694,4.745762711864407,0.254237288135593,4.711864406779662,2.0338983050847457,0.028455075533460356,0.047302348120855174,0.03784409935648077,-0.006732534589445632,-0.0352478494106044,,0.9931295589711637,0.9528112841274767,0.12053610827650585,0.2012680211190514,,,,,15.489999771118164,-0.062348682135704325,-0.1418520389397433,-0.4808981309946996,0.4794651166301971,0.25916364332050407,4.248,7729024512.0,1.7650000000000001,False,3.016949152542373,3.3050847457627115,-0.46728547762858624,-0.03029059509858105,1.1750594252957778,0.0,,46.11199233700032,-0.465493443209253,16.948205,-64.64402,52.508476,-37.126,-12.118051,0.0,-3.0703602,-0.06,0.624,3549.648,0.746,-234116752.0
GRAB,Grab Holdings Limited,Technology,Software - Application,258,4.4852414392059545,Débil,90.3,5.659340659340659,4.2967032967032965,3.956043956043956,3.791208791208791,4.774175824175825,3.9560439560439558,0.07441372398217906,0.11847256167282387,0.0547580711232026,-0.01971598510283539,0.05460226265429918,,0.9937798417789561,0.9580285284744481,0.34643039504430995,0.581193586982789,,,,,3.0799999237060547,-0.08360609232191174,-0.19948020176580783,-0.533333344893022,0.12408756339637028,0.0880828817891333,0.89,12601209856.0,0.8200000000000001,False,7.329670329670329,2.7362637362637363,-0.34209969322777434,0.039887042414477186,0.8716169294782594,0.0,,43.70105794327352,-0.26840857581993904,28.0,22.564102,1.85654,25.258,0.077410005,0.16028,0.02104,0.219,0.747,28.224,1.523,502624992.0
MU,"Micron Technology, Inc.",Technology,Semiconductors,1,7.207834987593052,Buena,90.3,6.483516483516483,9.56043956043956,9.78021978021978,7.857142857142858,7.75,0.32967032967032966,0.39989737634805644,0.5052649423571711,0.08562922177002634,-0.3770635039651083,0.9757219230895287,,0.9931995374362859,0.9945907160607153,4.25162780729028,7.746506093763681,0.4753750416864228,0.5954237338405772,,,1074.8900146484375,0.12630328158560067,0.5867236286134077,-0.14351393255104583,4.984577777676284,0.8325165890034663,,1213973397504.0,0.05,False,5.906593406593406,7.978021978021978,-0.6407379450637141,0.022966937227228763,0.41411835563208865,0.0,,59.265015542344564,-0.11413089898294308,14.468839,5.2357297,12.048311,11.042,0.8826,0.63796,0.80678004,3.793,10.605,3.743,3.314,27881250816.0
ITUB,Itau Unibanco Banco Holding SA,Financial Services,Banks - Regional,56,5.602566156369599,Neutral,90.3,6.080508474576271,7.830508474576271,3.7288135593220337,5.0,4.711864406779662,3.2203389830508473,0.028455075533460356,0.047302348120855174,0.03784409935648077,-0.006732534589445632,-0.0352478494106044,,0.9931295589711637,0.9528112841274767,0.12053610827650585,0.2012680211190514,,,,,8.59000015258789,0.07455593602550548,0.05188372320640244,-0.10520831743876136,0.31271522112189176,0.669536298036388,0.144,94677884928.0,2.02,False,5.033898305084746,8.661016949152541,-0.024365499187855355,0.022540040223670094,0.03317809573335673,0.0,,62.214330694282836,-0.07495078857919155,10.6049385,8.69442,2.2289486,7.49,0.21476,0.32584,0.39073002,0.175,0.081,140.535,1.5739999999999998,
PLTR,Palantir Technologies Inc.,Technology,Software - Infrastructure,85,5.339084863523573,Neutral,90.3,0.7417582417582413,8.835164835164836,8.516483516483516,9.065934065934066,2.2395604395604405,7.032967032967034,0.05725986152961707,0.1087375499955198,-0.5886360533536672,6.216447174862654e-05,0.05460226265429918,,0.9966000446135956,0.9539245246136695,0.25752066717092936,0.581193586982789,0.17835676409925452,0.31927454789891324,,,188.75,0.12038815587967822,0.24114733171735403,-0.0904491133384735,0.7744664849111591,0.8144340088976766,1.621,453577277440.0,1.45,False,2.791208791208791,7.461538461538462,-0.9449400548355662,0.004760169037095581,0.03610797350993389,0.0,,61.181241068274645,-0.019938711308522594,159.95764,81.12488,46.398724,168.101,0.38097,0.49005002,0.47120997,0.928,2.154,2.139,7.228,2159104512.0
CIFR,Cipher Digital Inc.,Technology,Information Technology Services,358,3.2092191066997513,Débil,90.3,3.1730769230769234,1.0714285714285714,0.7417582417582418,3.5714285714285716,4.774175824175825,9.615384615384615,0.07441372398217906,0.11847256167282387,0.0547580711232026,-0.01971598510283539,0.05460226265429918,,0.9937798417789561,0.9580285284744481,0.34643039504430995,0.581193586982789,,,,,15.710000038146973,-0.11677067306757893,-0.14223665269473518,-0.4787657585219982,0.3404436892616871,0.21661237992111682,3.167,6520132608.0,3.0,False,4.271978021978022,1.9120879120879115,-0.5676774725592013,-0.44440181790854766,0.968925520362282,0.0,,43.14570151175636,-0.46161755058787907,13.629629,119.186714,11.577008,116.535,-1.67485,0.0,-3.01691,-0.43,0.038,950.563,2.996,-2897558784.0
AAPL,Apple Inc.,Technology,Consumer Electronics,284,4.322577667493795,Débil,90.3,2.582417582417582,8.593406593406591,2.4175824175824174,1.4560439560439562,4.774175824175825,0.32967032967032966,0.07441372398217906,0.11847256167282387,0.0547580711232026,-0.01971598510283539,0.05460226265429918,,0.9937798417789561,0.9580285284744481,0.34643039504430995,0.581193586982789,0.03407075763031744,0.04990127158915872,,,333.69000244140625,0.03573952354370191,0.15519349790887516,-0.033734862913632147,0.37084053258321537,0.88569468643452,1.085,4869931925504.0,0.33,False,4.291208791208791,7.6208791208791204,-0.886120588653322,0.022119790811008438,-0.016770542720676462,0.0,,54.738393878760164,-0.02163780081605686,38.2672,34.821583,45.338314,28.833,1.4875101,0.27618998,0.32623002,0.164,0.287,78.445,1.003,107721875456.0
FRMI,Fermi Inc.,Real Estate,REIT - Specialty,268,4.42973137829912,Débil,90.3,3.6363636363636367,3.5454545454545454,5.454545454545454,6.363636363636363,4.981818181818183,5.454545454545454,0.028455075533460356,0.047302348120855174,0.03784409935648077,-0.006732534589445632,-0.0352478494106044,,0.9931295589711637,0.9528112841274767,0.12053610827650585,0.2012680211190514,,,,,4.03000020980835,-0.27801063997127284,-0.4281517866980238,-0.8755788758935366,0.028061278012334157,0.0038637235619371157,,2581083392.0,7.095,False,5.181818181818182,2.818181818181818,-0.21622209968466777,0.044356740474178355,3.2493794313758597,0.0,,32.01126589885689,-0.5757894515991211,21.908306500000002,31.026257,2.4922698,13.786999999999999,0.059300002000000004,0.0,0.0,0.057,0.356,55.87,1.102,
F,Ford Motor Company,Consumer Cyclical,Auto Manufacturers,307,4.06722641673932,Débil,90.3,5.4391891891891895,2.7027027027027026,2.8378378378378377,2.162162162162162,4.727027027027028,9.864864864864865,0.013466854559286846,0.00641521248646216,0.17413402323074625,-0.02615937933969528,-0.0352478494106044,,0.9925326961677924,0.6035688454817705,0.055309791349987814,0.025914492399164768,-0.009944170775157756,0.03021908100660364,,,12.100000381469727,-0.12498912517212935,-0.10380657172919205,-0.3194600460365733,0.08910894522679813,0.14842584429830988,1.835,48249909248.0,4.89,False,3.9189189189189193,4.351351351351351,-0.5347957141547504,-0.16456507868621806,0.3247933466637558,0.0,,31.84408833871609,-0.2986784979596746,19.807425,6.18543,1.350748,24.878,-0.18252,-0.03935,0.018819999,-0.038,0.1395,456.708,1.089,-7940250112.0
RKT,"Rocket Companies, Inc.",Financial Services,Mortgage Finance,319,3.9970133952979765,Débil,90.3,3.8983050847457625,1.949152542372881,7.330508474576272,5.2542372881355925,4.711864406779662,5.847457627118644,0.028455075533460356,0.047302348120855174,0.03784409935648077,-0.006732534589445632,-0.0352478494106044,,0.9931295589711637,0.9528112841274767,0.12053610827650585,0.2012680211190514,,,,,11.699999809265137,-0.12631800462490395,-0.249920676913575,-0.5197044413273753,0.03999998304579,0.034324928242954744,2.212,33130215424.0,3.33,False,3.5508474576271185,2.2288135593220337,0.016596213367513046,-0.10762894048122927,0.5128205374827024,0.0,,38.018331532483586,-0.3165888296890387,13.2276195,13.723696,1.4065881,24.662,0.03033,0.04598,0.27083,0.919,0.341,140.911,1.879,-3565769984.0
AMZN,"Amazon.com, Inc.",Consumer Cyclical,Internet Retail,42,5.776129642545771,Neutral,90.3,2.972972972972973,7.45945945945946,8.783783783783784,4.72972972972973,4.727027027027028,5.135135135135135,0.013466854559286846,0.00641521248646216,0.17413402323074625,-0.02615937933969528,-0.0352478494106044,,0.9925326961677924,0.6035688454817705,0.055309791349987814,0.025914492399164768,0.044298757122682456,0.0837348890991275,,,251.52000427246094,-0.01821561208720157,0.04270827331484783,-0.12423396841065126,0.2832653279207191,0.6087719766717209,1.443,2712973606912.0,3.08,False,5.337837837837838,8.986486486486488,-0.5242517418961045,0.0011865670140684189,0.31437624993789304,0.0,,48.56321336051473,-0.1144285120708405,20.21865,24.009829,4.9167256,16.613,0.30558002,0.1744,0.13689,0.196,2.423,45.617,1.033,3219124992.0
SMR,NuScale Power Corporation,Industrials,Specialty Industrial Machinery,263,4.453990860215053,Débil,90.3,6.342592592592593,2.2037037037037037,2.8703703703703702,9.62962962962963,4.7851851851851865,5.185185185185185,0.028455075533460356,0.047302348120855174,0.03784409935648077,-0.006732534589445632,-0.0352478494106044,,0.9931295589711637,0.9528112841274767,0.12053610827650585,0.2012680211190514,,,,,7.75,-0.14184475694828924,-0.35384358846089714,-0.8650296064089168,0.07489597780859913,0.010754829715196177,2.309,3180518912.0,1.01,False,3.8425925925925926,2.25,-0.7994118789744541,-0.06432723893829813,0.5440864516129034,0.0,,39.252387031440506,-0.44444443684847207,44.320118,-11.740645,1.5429027,-9.299,-0.5518,0.0,-853.37335,-0.991,0.066,0.332,37.88,-204594000.0
PFE,"Pfizer, Inc.",Healthcare,Drug Manufacturers - General,66,5.518161391129032,Neutral,90.3,5.625,5.6875,3.203125,4.21875,4.7640625000000005,9.84375,0.028455075533460356,0.047302348120855174,0.03784409935648077,-0.006732534589445632,-0.0352478494106044,,0.9931295589711637,0.9528112841274767,0.12053610827650585,0.2012680211190514,0.0060174938626311025,-0.0030243794845748843,,,27.799999237060547,0.019338062269844025,0.053325524467485064,-0.04827116613965954,0.1769686383175506,0.7477637275600261,0.299,158450925568.0,6.12,False,7.25,6.90625,-0.4248980822823586,0.07879805553197436,0.040052546528673405,0.0,,47.884603287175615,-0.04204001383386402,36.578945,9.596663,1.8597806,8.366,0.05014,0.06804,0.27877,0.026,0.025,74.253,1.267,12485624832.0
T,AT&T Inc.,Communication Services,Telecom Services,67,5.515562838709679,Neutral,90.3,6.4,7.640000000000001,4.4,3.1000000000000005,4.796000000000001,8.4,0.028455075533460356,0.047302348120855174,0.03784409935648077,-0.006732534589445632,-0.0352478494106044,,0.9931295589711637,0.9528112841274767,0.12053610827650585,0.2012680211190514,0.005619310247666088,0.012271491803803327,,,24.299999237060547,-0.02565380487972857,-0.0338567906526418,-0.17459241721941077,0.22171941865563327,0.4617800248230938,0.431,166512967680.0,4.57,False,5.92,5.76,0.361523034094529,0.06090816991197115,0.18698563397523338,0.0,,38.16015229305365,-0.1213593531981195,8.019802,9.463686,1.5134529,7.403,0.18339,0.16943,0.24786,0.023,0.062,129.054,0.971,10142000128.0
JOBY,"Joby Aviation, Inc.",Industrials,Airports & Air Services,211,4.678751911589009,Débil,90.3,6.62037037037037,2.0,7.5,8.055555555555555,4.7851851851851865,5.185185185185185,0.028455075533460356,0.047302348120855174,0.03784409935648077,-0.006732534589445632,-0.0352478494106044,,0.9931295589711637,0.9528112841274767,0.12053610827650585,0.2012680211190514,,,,,5.949999809265137,-0.15526154107769652,-0.3813843672949718,-0.7022022117484916,0.01796403922414669,0.007428355802273573,2.683,5927950848.0,1.01,False,4.361111111111111,1.3796296296296295,-0.7274943773230823,-0.07362514487569516,0.7942118222216383,0.0,,33.79323591511448,-0.5162601856098301,36.4784715,-9.224806,3.3221662,-5.221,-0.65902,0.0,-6.75181,2574.933,0.066,42.322,17.975,-436446240.0
TSLA,"Tesla, Inc.",Consumer Cyclical,Auto Manufacturers,254,4.513937183958151,Débil,90.3,0.3040540540540537,3.513513513513514,4.72972972972973,8.108108108108109,4.727027027027028,5.135135135135135,0.013466854559286846,0.00641521248646216,0.17413402323074625,-0.02615937933969528,-0.0352478494106044,,0.9925326961677924,0.6035688454817705,0.055309791349987814,0.025914492399164768,0.05864387033273854,-0.030556995469072135,,,370.5899963378906,0.0693207360273016,-0.05871327422093631,-0.2570815782172471,0.246183322139655,0.36341522133477605,1.845,1463662804992.0,3.08,False,3.114864864864865,8.466216216216216,-0.9381965835860582,0.0033040395147750116,0.0674031784693252,0.0,,54.99388940355062,-0.16771845064430835,349.61322,171.33147,16.84883,127.549,0.046669997,0.03671,0.014099999,0.255,-0.03,18.373,1.941,4835999744.0
WBD,"Warner Bros. Discovery, Inc. - ",Communication Services,Entertainment,325,3.929195741935484,Débil,90.3,2.5,2.92,0.6,3.4,4.796000000000001,5.0,0.028455075533460356,0.047302348120855174,0.03784409935648077,-0.006732534589445632,-0.0352478494106044,,0.9931295589711637,0.9528112841274767,0.12053610827650585,0.2012680211190514,-0.029427573839451115,0.027558008438818567,,,30.940000534057617,0.10012020018552059,0.1180977354024868,-0.0009686621227762426,0.8114754411040761,0.9978402112352497,1.571,77570809856.0,2.14,False,6.129999999999999,6.859999999999999,-0.42266537458744785,0.20842085931567048,-0.024994522324146784,0.0,,75.13902707770814,-0.00032310916430769654,21.079077,497.26776,2.3630948,13.791,-0.08786,-0.08769,0.05105,-0.112,-0.906,94.199,0.777,16167374848.0
AUR,"Aurora Innovation, Inc.",Consumer Cyclical,Auto Parts,83,5.3575638186573675,Neutral,90.3,6.824324324324325,1.3783783783783783,7.5675675675675675,9.527027027027028,4.727027027027028,5.135135135135135,0.013466854559286846,0.00641521248646216,0.17413402323074625,-0.02615937933969528,-0.0352478494106044,,0.9925326961677924,0.6035688454817705,0.055309791349987814,0.025914492399164768,,,,,5.670000076293945,-0.09478422078101678,0.025469455442076683,-0.33800349371932914,0.5750000211927626,0.4169184443693747,2.634,11363560448.0,3.08,False,4.202702702702703,6.094594594594595,-0.5347957141547504,-0.03645424212733506,1.1250740454796677,0.0,,41.54294591948944,-0.32499996026356837,19.807425,-12.6,5.80348,-10.573,-0.45639,0.0,-133.0,1.0,0.1395,4.199,11.382,-414249984.0
BBD,Banco Bradesco Sa,Financial Services,Banks - Regional,88,5.327403772553307,Neutral,90.3,7.055084745762712,4.983050847457627,2.2033898305084745,5.0,4.711864406779662,7.4576271186440675,0.028455075533460356,0.047302348120855174,0.03784409935648077,-0.006732534589445632,-0.0352478494106044,,0.9931295589711637,0.9528112841274767,0.12053610827650585,0.2012680211190514,,,,,3.6500000953674316,0.07517382330842226,0.011795061710468957,-0.15116276851920196,0.2248322467675945,0.5075758298238119,0.221,38650494976.0,4.65,False,6.101694915254237,6.9491525423728815,0.5321086896915834,0.022540040223670094,0.1775342158086537,0.0,,62.395628442500026,-0.1110885436335791,8.690476,6.7082024,1.10296,7.49,0.13763,0.26071,0.34515,0.072,0.178,140.535,1.5739999999999998,
NKE,"Nike, Inc.",Consumer Cyclical,Footwear & Accessories,76,5.46122118570183,Neutral,90.3,5.27027027027027,5.891891891891892,5.743243243243243,7.162162162162162,4.727027027027028,9.864864864864865,0.013466854559286846,0.00641521248646216,0.17413402323074625,-0.02615937933969528,-0.0352478494106044,,0.9925326961677924,0.6035688454817705,0.055309791349987814,0.025914492399164768,-0.0026867922375414174,0.17382678260869566,,,33.869998931884766,-0.1335380165800777,-0.30715654065347053,-0.5470714237512067,0.059430682886605135,0.04438212875227206,1.11,50246103040.0,4.63,False,6.472972972972973,2.6891891891891895,-0.3574509993560825,0.0375999318095575,0.2044417267931078,0.0,,28.48702561204368,-0.2709398894423532,16.128572,19.197197,3.3788905,10.988,0.22138001,0.066989996,0.12687,-0.011,4.28,74.289,1.961,1889250048.0
SNAP,Snap Inc.,Communication Services,Internet Content & Information,168,4.8837541290322575,Débil,90.3,5.8,2.6399999999999997,7.3,4.300000000000001,4.796000000000001,2.2,0.028455075533460356,0.047302348120855174,0.03784409935648077,-0.006732534589445632,-0.0352478494106044,,0.9931295589711637,0.9528112841274767,0.12053610827650585,0.2012680211190514,,,,,5.579999923706055,0.04694358582049141,-0.010261017283884066,-0.38882804778685054,0.4645669091092006,0.33270675257632604,1.05,9436882944.0,0.275,False,4.449999999999999,8.049999999999999,-0.5603055228964087,0.07568791392650764,0.3251415951792618,0.0,,53.06671066939611,-0.1128775902150892,17.243977,7.195729,4.8691096,-76.028,-0.15576,-0.04901,-0.026400002,0.189,1.482,219.281,2.936,714257984.0
SKHY,SK hynix Inc.,Technology,Semiconductors,2,7.026616129032258,Buena,90.3,6.483516483516484,9.648351648351648,9.505494505494505,6.813186813186814,6.570879120879123,5.604395604395604,0.15157463111841535,0.18686876297458943,0.08644022771707216,-0.014252269139233852,0.046344533934074575,,0.993489689607621,0.9967601092747992,0.8356987558501576,1.1192808609591967,,,,,195.1300048828125,0.1751987766972567,0.17626863992299246,-0.02371539058982086,0.5635417057917669,0.9368589967072398,2.389,1387521638400.0,0.91,False,5.252747252747252,7.417582417582417,-0.9319982317753939,40.19259792460762,0.2925449376761411,0.0,,59.9519762956294,-0.017620701374220504,11.594177,5.77708,419.66443,-0.454,0.92679,0.85619,0.76328003,2.568,12.724,8.037,2.591,55768099323904.0
CSCO,"Cisco Systems, Inc.",Technology,Communication Equipment,239,4.594886104218363,Débil,90.3,4.532967032967033,7.2967032967032965,3.241758241758242,1.868131868131868,2.5263736263736263,7.802197802197802,0.03498431419292157,0.0674946675259955,0.0547580711232026,-0.0357598174904943,0.06878523334493804,,0.9858267907676378,0.9461341871609297,0.14987804346150302,0.30720510309832627,0.04245549360691966,0.09719609425070688,,,112.19999694824219,0.0008241809497500086,0.15018879650722083,-0.13937257844410378,0.6793892672989401,0.7141283346167745,0.992,442358235136.0,1.54,False,5.521978021978022,6.686813186813186,-0.7246047963205882,0.02527956728230001,0.21354727008424557,0.0,,57.237674009033576,-0.1336943637710362,33.693695,19.957735,8.804833,23.821,0.27319,0.20951,0.27719,0.176,0.521,62.017,0.931,11182624768.0
QXO,"QXO, Inc.",Industrials,Industrial Distribution,236,4.601883632019116,Débil,90.3,5.5092592592592595,4.111111111111111,6.296296296296296,6.296296296296296,4.7851851851851865,5.185185185185185,0.028455075533460356,0.047302348120855174,0.03784409935648077,-0.006732534589445632,-0.0352478494106044,,0.9931295589711637,0.9528112841274767,0.12053610827650585,0.2012680211190514,,,,,12.0600004196167,-0.09924710059029196,-0.34752085419489986,-0.5632017233025461,0.08258531594404839,0.05585916330398899,2.291,12512138240.0,1.01,False,3.9074074074074074,2.5,-0.7274943773230823,-0.2036882047748219,1.400036400738362,0.0,,44.446193836571496,-0.5175999832153321,36.4784715,18.817287,0.93859446,33.656,-0.04596,-0.05167,-0.0092400005,0.703,0.066,57.031,4.115,-2548574976.0
HPE,Hewlett Packard Enterprise Comp,Technology,Communication Equipment,34,5.822360049627792,Neutral,90.3,6.222527472527472,4.582417582417583,7.417582417582418,1.923076923076923,8.004395604395606,5.054945054945055,0.078963660736425,0.16877371644655995,0.24111610704184502,-0.033657398664764054,0.24416586399773296,,0.9999939988813596,0.985594804348825,0.3722861830922133,0.9611454642227284,0.0793164238795311,0.20903954802259886,,,69.33000183105469,0.25388394440906104,0.890308707636206,-0.013657677748546315,2.4944557374523533,0.980971294966396,1.442,92033138688.0,0.88,False,6.868131868131869,6.9010989010989,-0.5742107495667681,0.0514882475111963,0.03548244777116705,0.0,,69.60394066936803,0.0,35.737114,14.7533245,3.472751,14.499,0.10936,0.06666,0.12560001,0.337,4.102,76.464,1.113,4738625024.0
BAC,Bank of America Corporation,Financial Services,Banks - Diversified,184,4.7747750136686715,Débil,90.3,5.953389830508475,5.3559322033898304,5.338983050847457,5.0,4.711864406779662,4.661016949152542,0.028455075533460356,0.047302348120855174,0.03784409935648077,-0.006732534589445632,-0.0352478494106044,,0.9931295589711637,0.9528112841274767,0.12053610827650585,0.2012680211190514,0.039611260123761316,,,,53.75,-0.11915281346688344,-0.028210814070060986,-0.17599264142265836,0.16543798785776231,0.3992673992673993,1.164,375860232192.0,2.38,False,5.627118644067798,2.6440677966101696,0.1518209027899431,0.022540040223670094,0.26423032558139536,0.0,,22.30647617156093,-0.1664212512223937,12.413395,10.222246,1.3662244,7.49,0.111990005,0.29524,0.38305,0.168,0.341,140.535,1.5739999999999998,
WMT,Walmart Inc.,Consumer Defensive,Discount Stores,308,4.064979569892473,Débil,90.3,1.785714285714286,4.476190476190476,4.285714285714285,5.238095238095239,8.126190476190477,0.7142857142857142,0.01564426250750249,0.036779825197299776,0.04604741725225074,0.03694538587193514,-0.07657963013057023,,0.9983288371151247,0.9475577291351596,0.06460655088265255,0.1577209949382965,0.014524893026974298,0.052289029709578785,,,104.26000213623047,-0.04291196611333348,-0.11930478519027765,-0.22861791849489144,0.05440940671754113,0.14829112834152353,0.595,829709352960.0,0.95,False,2.345238095238095,3.2380952380952372,-0.7341752798386878,0.008590508460067486,0.21595048343036183,0.0,,40.16526138559575,-0.22123989876367775,37.775364,32.324173,8.429137,20.359,0.22313999,0.03,0.0345,0.059,-0.091,71.653,0.767,7127625216.0
BTG,B2Gold Corp,Basic Materials,Gold,5,6.501298665183536,Buena,90.3,8.14655172413793,7.689655172413794,6.206896551724138,5.517241379310345,4.775862068965519,6.206896551724138,0.028455075533460356,0.047302348120855174,0.03784409935648077,-0.006732534589445632,-0.0352478494106044,,0.9931295589711637,0.9528112841274767,0.12053610827650585,0.2012680211190514,,,,,5.199999809265137,0.031214018416122036,0.08811647225619623,-0.17329096832032798,0.4565825796260887,0.5992646357592415,1.456,6869567488.0,1.55,False,6.758620689655172,8.275862068965516,0.18371910992140328,0.043419690762342214,0.24038466088165356,0.0,,47.747099327480264,-0.11093003006724367,9.285714,4.8450065,1.7292982,3.387,0.22635001,0.21326,0.45736,0.14,1.854,11.389,1.581,298274496.0
GOOGL,Alphabet Inc.,Communication Services,Internet Content & Information,59,5.580811870967742,Neutral,90.3,1.7000000000000002,9.18,8.4,8.5,4.796000000000001,0.6,0.028455075533460356,0.047302348120855174,0.03784409935648077,-0.006732534589445632,-0.0352478494106044,,0.9931295589711637,0.9528112841274767,0.12053610827650585,0.2012680211190514,0.05530907698817771,0.07159240243726683,,,343.5,-0.00101846676256101,0.014046806629333108,-0.1593450967915616,0.45649592944369055,0.6231405915378827,1.225,4200982642688.0,0.26,False,3.19,7.619999999999999,-0.5603055228964087,0.0053951665331085,0.24996491994177594,0.0,,50.01198521824743,-0.14577989781513698,17.243977,22.791302,6.749057,23.29,0.48676,0.54771,0.34033,0.242,2.94,18.859,2.724,22665000960.0
NIO,NIO Inc.,Consumer Cyclical,Auto Manufacturers,353,3.3897139930252833,Débil,90.3,3.885135135135135,1.4864864864864864,7.5675675675675675,2.1621621621621623,4.727027027027028,5.135135135135135,0.013466854559286846,0.00641521248646216,0.17413402323074625,-0.02615937933969528,-0.0352478494106044,,0.9925326961677924,0.6035688454817705,0.055309791349987814,0.025914492399164768,0.13000088259219925,9.243054874880148,,,3.369999885559082,-0.19393420265042993,-0.33407766086192836,-0.5712468338983356,-0.0009190698292128596,0.0,0.916,8444097536.0,3.08,False,3.777027027027027,0.7364864864864863,-0.5347957141547504,-0.18313481347436408,0.8707699151610169,0.0,,25.111290344578194,-0.5094614349786367,19.807425,26.532238,13.88514,1.348,-0.45318002,-0.04168,-0.0108,0.691,0.1395,203.22,1.019,
QS,QuantumScape Corporation,Consumer Cyclical,Auto Parts,205,4.703079075850043,Débil,90.3,7.128378378378379,2.2027027027027026,5.202702702702703,9.391891891891891,4.727027027027028,5.135135135135135,0.013466854559286846,0.00641521248646216,0.17413402323074625,-0.02615937933969528,-0.0352478494106044,,0.9925326961677924,0.6035688454817705,0.055309791349987814,0.025914492399164768,,,,,4.570000171661377,-0.15639072368356777,-0.37884819544379367,-0.7603565720156593,0.006607967326294428,0.002064705551367991,2.692,2811213056.0,3.08,False,4.108108108108108,1.662162162162162,-0.5347957141547504,-0.05018665365788626,0.4578774069450233,0.0,,31.230469187299022,-0.5032608406079508,19.807425,-6.7150583,2.6993504,-5.152,-0.39075002,0.0,0.0,0.0795,0.1395,6.405,18.42,-141085376.0
MSFT,Microsoft Corporation,Technology,Software - Infrastructure,249,4.5303007444168735,Débil,90.3,4.78021978021978,8.494505494505495,2.8571428571428577,3.2967032967032965,2.2395604395604405,2.802197802197802,0.05725986152961707,0.1087375499955198,-0.5886360533536672,6.216447174862654e-05,0.05460226265429918,,0.9966000446135956,0.9539245246136695,0.25752066717092936,0.581193586982789,0.04262384096401072,0.053020501561417195,,,517.530029296875,0.06706078470266919,0.19627650042942113,-0.06535788973330392,0.4820447574366409,0.823049233800484,1.108,3842942959616.0,0.76,False,4.521978021978022,7.131868131868131,-0.7003022350719337,0.00430542434115475,0.11843258793387879,0.0,,62.70252559854852,0.0,28.831755,21.885357,8.688492,19.872,0.34039003,0.40305,0.45111,0.177,0.317,29.118,1.23,16545500160.0
DNN,Denison Mines Corp,Energy,Uranium,347,3.559664838709678,Débil,90.3,5.875,0.9500000000000001,4.0,5.25,4.832500000000001,5.25,0.028455075533460356,0.047302348120855174,0.03784409935648077,-0.006732534589445632,-0.0352478494106044,,0.9931295589711637,0.9528112841274767,0.12053610827650585,0.2012680211190514,,,,,2.569999933242798,-0.16569278884469618,-0.24104837704162485,-0.41986457488875895,0.16818178783763527,0.16591925257524562,1.637,2326511872.0,2.79,False,3.7,0.32499999999999996,-0.13842033516187963,-0.04199280183170284,0.8069143270912627,0.0,,31.8419420179126,-0.37009804379889627,14.1457575,-64.34563,11.364366,-43.589,-0.66823995,0.0,-25.175,-0.436,1.828,237.889,9.409,-97696752.0
TTD,"The Trade Desk, Inc.",Communication Services,Advertising Agencies,132,5.037361225806452,Neutral,90.3,6.049999999999999,6.040000000000001,3.0,7.6000000000000005,4.796000000000001,6.6000000000000005,0.028455075533460356,0.047302348120855174,0.03784409935648077,-0.006732534589445632,-0.0352478494106044,,0.9931295589711637,0.9528112841274767,0.12053610827650585,0.2012680211190514,,,,,11.949999809265137,-0.18255945705084298,-0.4740623705146977,-0.7880829968209765,0.015724590672769656,0.004145653989134704,1.005,5649901568.0,2.89,False,7.109999999999999,0.8499999999999999,7.5178996504562505,0.1031863583786952,0.13528621058900914,0.0,,29.626573182992374,-0.5144250502684393,0.14226191,11.838951,2.1798613,6.64,0.15441,0.13608,0.14205,0.03,-0.236,16.863,1.724,582992768.0
BMNR,"BitMine Immersion Technologies,",Financial Services,Capital Markets,114,5.156414707490431,Neutral,90.3,4.9576271186440675,1.0,9.152542372881356,9.703389830508474,4.711864406779662,0.3389830508474576,0.028455075533460356,0.047302348120855174,0.03784409935648077,-0.006732534589445632,-0.0352478494106044,,0.9931295589711637,0.9528112841274767,0.12053610827650585,0.2012680211190514,,,,,26.270000457763672,0.1764337291096214,0.2109897412881423,-0.5995426759487245,1.0523437857627869,0.2551136450334029,1.355,15846757376.0,0.04,False,2.8389830508474576,9.059322033898304,-0.46728547762858624,-0.03269414756009703,0.7459714198994181,0.0,,55.01269782939363,-0.0865785727156433,16.948205,27.94681,1.312778,-53.682,-1.50905,0.0,0.08424,21.678,0.624,0.011,36.683,-518096224.0
UBER,"Uber Technologies, Inc.",Technology,Software - Application,198,4.722328287841191,Débil,90.3,6.373626373626373,6.681318681318682,4.175824175824176,1.8681318681318677,4.774175824175825,3.9560439560439558,0.07441372398217906,0.11847256167282387,0.0547580711232026,-0.01971598510283539,0.05460226265429918,,0.9937798417789561,0.9580285284744481,0.34643039504430995,0.581193586982789,0.028684740529197054,0.06467230761308963,,,68.11000061035156,-0.06761724791235035,-0.08946405768886745,-0.32760747706844795,0.04127810136602306,0.07524036813018156,1.159,139118772224.0,0.8200000000000001,False,7.445054945054945,2.593406593406594,-0.4558068325849022,0.052076004612339265,0.47956524881728146,0.0,,36.8301855294259,-0.1523335170654889,14.936404,15.395571,5.086632,19.945,0.3716,0.17345,0.13317999,0.122,0.855,51.872,0.843,7244749824.0
VG,"Venture Global, Inc.",Energy,Oil & Gas Midstream,240,4.585735000000001,Débil,90.3,3.75,9.25,7.75,2.25,4.832500000000001,0.5,0.028455075533460356,0.047302348120855174,0.03784409935648077,-0.006732534589445632,-0.0352478494106044,,0.9931295589711637,0.9528112841274767,0.12053610827650585,0.2012680211190514,,,,,13.130000114440918,-0.05483809769497705,0.09279158013174404,-0.2548240570691874,1.2954545654616991,0.6226890852471358,,32826220544.0,1.25,False,2.825,4.049999999999999,-0.23106941744732734,-0.2630709636653077,0.26935794780910216,0.0,,44.14568389348669,-0.17557058780837803,9.946969,13.164887,3.8257577,10.226,0.33641997,0.22052,0.47794,0.476,2.643,354.624,1.185,-8635625472.0
APLD,Applied Digital Corporation,Technology,Information Technology Services,233,4.608372952853597,Débil,90.3,8.64010989010989,1.5494505494505493,5.467032967032966,4.5054945054945055,4.774175824175825,9.615384615384615,0.07441372398217906,0.11847256167282387,0.0547580711232026,-0.01971598510283539,0.05460226265429918,,0.9937798417789561,0.9580285284744481,0.34643039504430995,0.581193586982789,,,,,25.3799991607666,-0.07061906876003432,-0.20934335743206045,-0.49965501900903697,0.335437998461805,0.20097727492959022,5.728,7592939008.0,3.0,False,4.271978021978022,2.0604395604395602,-0.5676774725592013,-0.6534279696929708,1.6175465798554969,0.0,,46.20681229723964,-0.4888217848787403,13.629629,-52.491158,4.2541065,-117.502,-0.08376,-0.39915,-0.48219,4.066,0.038,136.231,4.01,-4961438720.0
IONQ,"IonQ, Inc.",Technology,Computer Hardware,128,5.056245161290322,Neutral,90.3,7.71978021978022,1.1043956043956045,8.846153846153847,9.285714285714285,4.774175824175825,1.043956043956044,0.07441372398217906,0.11847256167282387,0.0547580711232026,-0.01971598510283539,0.05460226265429918,,0.9937798417789561,0.9580285284744481,0.34643039504430995,0.581193586982789,,,,,43.77000045776367,0.0832013575966064,0.006881633502995088,-0.4828686146294462,0.6906141544134288,0.30434043332363697,3.295,17732788224.0,0.39,False,3.5604395604395607,4.714285714285714,-0.80837200234707,-0.004949856215008729,0.5223244071997988,0.0,,57.382624714175066,-0.392673780448107,23.296627,-33.864605,5.012597,-18.546,-0.60483,0.0,-4.08174,2.868,2.1085000000000003,1.632,10.66,-87774752.0
SOUN,"SoundHound AI, Inc.",Technology,Software - Application,252,4.518265012406947,Débil,90.3,7.6098901098901095,1.1758241758241756,5.549450549450549,8.736263736263735,4.774175824175825,3.9560439560439558,0.07441372398217906,0.11847256167282387,0.0547580711232026,-0.01971598510283539,0.05460226265429918,,0.9937798417789561,0.9580285284744481,0.34643039504430995,0.581193586982789,,,,,5.840000152587891,-0.11440007391303375,-0.2531109523362164,-0.7365809583857514,0.0336283455907771,0.011501219890308126,2.831,2593615104.0,0.8200000000000001,False,4.983516483516484,0.8736263736263736,-0.5395459758025076,-0.01754134602695466,1.1526420670433026,0.0,,38.14798447629186,-0.3935617774468802,27.55218,-58.4,5.191111,-16.104,-0.32242,-0.6745,-0.75925004,0.45,0.747,1.109,3.909,-45495500.0
VALE,VALE S.A.,Basic Materials,Other Industrial Metals & Mining,224,4.648256952169077,Débil,90.3,6.637931034482759,3.7586206896551726,1.293103448275862,1.896551724137931,4.775862068965519,9.827586206896552,0.028455075533460356,0.047302348120855174,0.03784409935648077,-0.006732534589445632,-0.0352478494106044,,0.9931295589711637,0.9528112841274767,0.12053610827650585,0.2012680211190514,,,,,13.760000228881836,-0.054503461171300116,-0.10154322818373729,-0.23299887241461348,0.2847806002690789,0.42185342031560646,0.748,58559295488.0,8.85,False,6.758620689655172,5.206896551724137,-0.27945784860203315,0.22727390364058062,0.21337207284020154,0.0,,42.202618809600516,-0.20580350409802228,27.52,7.0809216,1.5747634,1.839,0.041149996,0.04755,0.21955,0.064,-0.435,54.603,1.192,13308999680.0
CZR,"Caesars Entertainment, Inc.",Consumer Cyclical,Resorts & Casinos,186,4.763764559721011,Débil,90.3,4.493243243243243,4.297297297297297,3.918918918918919,0.7432432432432431,4.727027027027028,5.135135135135135,0.013466854559286846,0.00641521248646216,0.17413402323074625,-0.02615937933969528,-0.0352478494106044,,0.9925326961677924,0.6035688454817705,0.055309791349987814,0.025914492399164768,0.007438126028693964,-0.013718204950567272,,,29.649999618530273,-0.002670769725245825,0.09320039003216096,-0.039831618570910776,0.6601343571405529,0.9055299246183006,1.751,6042080768.0,3.08,False,6.378378378378379,9.43918918918919,-0.5347957141547504,0.1261982415128152,0.0545251400428135,0.0,,49.22959907574712,-0.024991786671992106,19.807425,40.99097,1.7921904,9.012,-0.103769995,-0.039920002,0.17674999,0.03,0.1395,729.87,0.851,762499968.0
MRVL,"Marvell Technology, Inc.",Technology,Semiconductors,209,4.685623573200992,Débil,90.3,1.6208791208791211,6.384615384615383,4.56043956043956,5.714285714285715,6.570879120879123,0.32967032967032966,0.15157463111841535,0.18686876297458943,0.08644022771707216,-0.014252269139233852,0.046344533934074575,,0.993489689607621,0.9967601092747992,0.8356987558501576,1.1192808609591967,0.08411058509234279,0.05099553982300885,,,272.2900085449219,0.20766908451031885,0.6405685899113192,-0.17457860875190412,2.85188864825183,0.7778078187619966,2.253,244708294656.0,0.09,False,3.6758241758241756,6.582417582417581,-0.8616897742113756,0.009840491608121126,0.06860476282219619,0.0,,64.99176035657516,-0.13928142184118977,89.86469,40.343086,13.088348,82.95,0.16523,0.27934998,0.16679001,0.365,0.5,28.525,3.168,2408049920.0
BSX,Boston Scientific Corporation,Healthcare,Medical Devices,139,5.017430292338711,Neutral,90.3,6.40625,6.8125,4.84375,5.46875,4.7640625000000005,5.15625,0.028455075533460356,0.047302348120855174,0.03784409935648077,-0.006732534589445632,-0.0352478494106044,,0.9931295589711637,0.9528112841274767,0.12053610827650585,0.2012680211190514,0.018531051331140348,0.0579999158458221,,,42.599998474121094,-0.09160699261938987,-0.3126826437175627,-0.5967818412293318,0.01574399612112365,0.010364077301803503,0.568,61737177088.0,2.54,False,6.4296875,1.3046875,-0.27356293495157225,0.03970662766951292,0.4270681262331726,0.0,,36.09881258891261,-0.3514995145247685,17.246964,12.491166,2.4721446,13.129,0.15338999,0.17499,0.22895999,0.075,0.151,50.151,1.24,2451375104.0
OPEN,Opendoor Technologies Inc,Real Estate,Real Estate Services,317,4.004270967741936,Débil,90.3,5.909090909090909,0.9090909090909092,3.1818181818181817,5.909090909090908,4.981818181818183,5.454545454545454,0.028455075533460356,0.047302348120855174,0.03784409935648077,-0.006732534589445632,-0.0352478494106044,,0.9931295589711637,0.9528112841274767,0.12053610827650585,0.2012680211190514,,,,,2.440000057220459,-0.2423301275554407,-0.4761643948044828,-0.7481940085427803,0.0844444698757596,0.02553764209952406,3.56,2369462272.0,7.095,False,4.227272727272727,3.090909090909091,-0.21622209968466777,0.020574288342161035,0.7505860245207638,0.0,,32.15116777155343,-0.5627239981035895,21.908306500000002,-115.74953,2.584746,-7.17,-1.96893,-0.46742,-0.15855,-0.437,0.356,214.88,2.944,48750000.0
JBLU,JetBlue Airways Corporation,Industrials,Airlines,343,3.697265352449224,Débil,90.3,5.601851851851852,2.8888888888888884,4.907407407407407,0.648148148148148,4.7851851851851865,5.185185185185185,0.028455075533460356,0.047302348120855174,0.03784409935648077,-0.006732534589445632,-0.0352478494106044,,0.9931295589711637,0.9528112841274767,0.12053610827650585,0.2012680211190514,,,,,4.150000095367432,-0.17165666759133102,-0.18407469248121267,-0.3731117680713849,0.07235144583137765,0.10181821649724783,1.704,1565845632.0,1.01,False,3.9074074074074074,2.9259259259259256,-0.7274943773230823,-0.5883402330172991,0.19759033392503267,0.0,,34.74823915869359,-0.352574072674448,36.4784715,-5.200371,0.98668575,103.859,-0.44355,-0.09323,-0.05228,0.145,0.066,591.43,0.696,-921249984.0
PCG,Pacific Gas & Electric Co.,Utilities,Utilities - Regulated Electric,164,4.900110080645161,Débil,90.3,6.875,6.375,5.0,3.75,5.106250000000001,2.5,0.028455075533460356,0.047302348120855174,0.03784409935648077,-0.006732534589445632,-0.0352478494106044,,0.9931295589711637,0.9528112841274767,0.12053610827650585,0.2012680211190514,0.00015483079206295977,0.01357512429640337,,,12.319999694824219,-0.20909034507130908,-0.25533267077940924,-0.3569937528797381,0.04672894603434319,0.07442485721572654,0.245,36989161472.0,1.64,False,6.125,2.875,0.7389688942917532,-0.16626830161196038,0.559963512667458,0.0,,33.357893136830654,-0.33404370288324464,8.863309,6.8382897,0.8394658,8.836,0.09318,0.11828,0.24788,0.001,0.398,189.45,1.216,-6150125056.0
CLSK,"CleanSpark, Inc.",Financial Services,Capital Markets,329,3.886421815199563,Débil,90.3,5.677966101694915,0.4745762711864407,4.449152542372881,5.508474576271187,4.711864406779662,2.0338983050847457,0.028455075533460356,0.047302348120855174,0.03784409935648077,-0.006732534589445632,-0.0352478494106044,,0.9931295589711637,0.9528112841274767,0.12053610827650585,0.2012680211190514,,,,,12.739999771118164,-0.019539955585454405,0.013483932311217917,-0.4603981460771638,0.5924999713897705,0.3036514907827139,3.851,3271849472.0,1.7650000000000001,False,3.1355932203389827,5.2627118644067785,-0.46728547762858624,0.014945101973199823,0.8754207558280804,0.0,,45.86733213345199,-0.3227006840598074,16.948205,-7.0289655,4.296796,-5.675,-0.68622,-1.46901,-1.65191,-0.305,0.624,234.725,5.912,48898124.0
NFLX,"Netflix, Inc.",Communication Services,Entertainment,242,4.581491870967742,Débil,90.3,1.4,8.96,5.6,6.0,4.796000000000001,5.0,0.028455075533460356,0.047302348120855174,0.03784409935648077,-0.006732534589445632,-0.0352478494106044,,0.9931295589711637,0.9528112841274767,0.12053610827650585,0.2012680211190514,0.031579737227011906,0.030684387002045562,,,67.05999755859375,-0.112977074985665,-0.20360080805432335,-0.4629184882380767,0.03042405590955366,0.03312140445958099,1.526,279233789952.0,2.14,False,3.96,2.0,-0.6605775534613929,0.0909186269053043,0.38572432721616523,0.0,,31.052924232782374,-0.377864393830489,21.088049,17.579916,9.261151,19.695,0.49541,0.28219,0.33381,0.134,0.111,55.236,1.142,25387552768.0
CMCSA,Comcast Corporation,Communication Services,Telecom Services,157,4.932302516129033,Débil,90.3,8.05,5.76,1.1,3.0,4.796000000000001,9.8,0.028455075533460356,0.047302348120855174,0.03784409935648077,-0.006732534589445632,-0.0352478494106044,,0.9931295589711637,0.9528112841274767,0.12053610827650585,0.2012680211190514,-0.0029774525631771124,-0.036723943350785604,,,21.56999969482422,-0.12668530325826077,-0.19307272207459325,-0.3435788285202611,0.013627805207904853,0.02504315153922432,0.662,76544090112.0,6.08,False,7.529999999999999,2.0300000000000002,0.9542182692380785,0.16588641340462368,0.3349661755864324,0.0,,27.090821977641113,-0.30897932173127723,6.9134617,6.0158467,0.8521986,4.693,0.114879996,0.08966,0.17233999,-0.012,-0.668,100.474,0.796,12697624576.0
AMD,"Advanced Micro Devices, Inc.",Technology,Semiconductors,105,5.205624813895781,Neutral,90.3,1.3186813186813184,5.318681318681318,7.307692307692308,6.978021978021978,6.570879120879123,5.604395604395604,0.15157463111841535,0.18686876297458943,0.08644022771707216,-0.014252269139233852,0.046344533934074575,,0.993489689607621,0.9967601092747992,0.8356987558501576,1.1192808609591967,0.10281950773853535,0.28694484781575497,,,633.9099731445312,0.23895284068230116,0.7013517687232138,-0.01789410442921191,2.885680845559221,0.9760533893470522,2.476,1034842210304.0,0.91,False,3.3296703296703294,6.862637362637361,-0.9046736524491898,0.008543814274257986,-0.02271927206491131,0.0,,70.07284471376356,0.0,160.89085,40.67883,15.389525,104.197,0.10196,0.15577,0.1725,0.501,1.595,6.361,2.609,8841499648.0
ONON,On Holding AG,Consumer Cyclical,Footwear & Accessories,40,5.785314472537053,Neutral,90.3,3.513513513513513,7.162162162162161,6.283783783783784,8.64864864864865,4.727027027027028,5.135135135135135,0.013466854559286846,0.00641521248646216,0.17413402323074625,-0.02615937933969528,-0.0352478494106044,,0.9925326961677924,0.6035688454817705,0.055309791349987814,0.025914492399164768,,,,,30.850000381469727,-0.011389042234045244,-0.19018030283660736,-0.39604541148258166,0.17011190523306374,0.1814687591126736,2.084,10310522880.0,3.08,False,5.8108108108108105,6.6891891891891895,-0.5223985079536086,0.027979908619338616,0.41196251090369684,0.0,,59.67156737135876,-0.2442430031330608,21.879433,15.10779,4.508324,19.201,0.23951,0.12303001,0.14019,0.135,0.1395,29.429,2.831,288487488.0
ABEV,Ambev S.A.,Consumer Defensive,Beverages - Brewers,3,6.622994086021506,Buena,90.3,6.9642857142857135,7.142857142857142,5.0,7.738095238095239,4.823809523809524,7.619047619047619,0.003854506623614832,0.014288791474738315,0.0,0.028690686208770404,-0.1069229189439744,,0.8643328893944904,0.8774866308495723,0.015236764355886168,0.05932175918302596,,,,,2.990000009536743,0.01143360041159025,0.01114286519901353,-0.13333333056906005,0.4238095283508301,0.6592592663235134,0.251,46095294464.0,5.5,False,8.261904761904761,7.916666666666666,-0.2566462221537067,0.43082687044140194,0.11872909342172844,0.0,,55.81676094323249,-0.12170492335996845,14.95,14.061985,2.7236433,1.12,0.184,0.18406,0.23743,0.003,0.246,3.317,1.022,19859091456.0
HIMS,"Hims & Hers Health, Inc.",Healthcare,Drug Manufacturers - Specialty & Generic,300,4.18262560483871,Débil,90.3,3.7109375,1.90625,7.34375,1.25,4.7640625000000005,5.15625,0.028455075533460356,0.047302348120855174,0.03784409935648077,-0.006732534589445632,-0.0352478494106044,,0.9931295589711637,0.9528112841274767,0.12053610827650585,0.2012680211190514,,,,,29.0,-0.012510470794145911,0.051572372655492194,-0.555889064151059,1.1106259097525473,0.2959716053453325,2.412,6766088704.0,2.54,False,6.5390625,5.125,-0.5518564054126069,0.12554332128365783,0.07427068965517236,0.0,,49.46815520463166,-0.24242421826606259,24.475063499999997,39.334835,20.878328,-741.011,-0.32033002,-0.05509,-0.12751001,0.382,0.262,477.128,0.934,849437248.0
RDW,Redwire Corporation,Industrials,Aerospace & Defense,140,5.012027598566307,Neutral,90.3,7.268518518518519,2.518518518518518,6.666666666666666,7.407407407407407,4.7851851851851865,5.185185185185185,0.028455075533460356,0.047302348120855174,0.03784409935648077,-0.006732534589445632,-0.0352478494106044,,0.9931295589711637,0.9528112841274767,0.12053610827650585,0.2012680211190514,,,,,10.880000114440918,-0.01641714449619247,-0.013916634769324698,-0.5915915872957613,1.2340862657989562,0.2760679887202994,3.094,2719919616.0,1.01,False,3.518518518518518,4.74074074074074,-0.8161238663317525,-0.009543802635673186,0.34995402991820046,0.0,,47.97090711504339,-0.5799227693170786,36.547813,-32.0,1.6567687,-17.852,-0.18153,-0.57263,-0.18858999,0.896,0.066,5.539,3.919,-25958376.0
HBAN,Huntington Bancshares Incorpora,Financial Services,Banks - Regional,153,4.944529797703662,Débil,90.3,6.758474576271187,4.474576271186439,5.0,5.0,4.711864406779662,7.11864406779661,0.028455075533460356,0.047302348120855174,0.03784409935648077,-0.006732534589445632,-0.0352478494106044,,0.9931295589711637,0.9528112841274767,0.12053610827650585,0.2012680211190514,0.10532657091851061,,,,15.329999923706055,-0.08683687417612473,-0.09469395436820172,-0.21223021974789036,0.03441295031754743,0.10991377666078757,0.941,30972958720.0,4.08,False,5.923728813559322,2.991525423728813,0.3483809801366291,0.022540040223670094,0.28162883873323663,0.0,,35.76204264424925,-0.16585741499224996,11.883721,8.633896,1.0413694,7.49,0.09002,0.26131,0.41932,0.476,-0.029,140.535,1.5739999999999998,
OWL,Blue Owl Capital Inc.,Financial Services,Asset Management,320,3.988867140513942,Débil,90.3,3.008474576271186,2.016949152542373,1.1864406779661016,8.389830508474576,4.711864406779662,9.830508474576272,0.028455075533460356,0.047302348120855174,0.03784409935648077,-0.006732534589445632,-0.0352478494106044,,0.9931295589711637,0.9528112841274767,0.12053610827650585,0.2012680211190514,0.016985480144240898,0.009797197276226192,,,9.079999923706055,-0.1616655965556223,-0.17190307948945682,-0.4760530915345611,0.14213835518315143,0.12046907502196745,1.207,14229780480.0,10.17,False,5.152542372881356,1.5593220338983051,-0.6908187955423509,0.10923560782857558,0.3858293067985006,0.0,,30.91697675781279,-0.2827804081244013,75.666664,9.213597,3.1106544,11.066,0.05652,0.02706,0.28944,0.071,-0.14,77.391,1.982,1554398720.0
STLA,Stellantis N.V.,Consumer Cyclical,Auto Manufacturers,282,4.336210723626853,Débil,90.3,7.972972972972974,2.1351351351351355,6.148648648648649,4.324324324324325,4.727027027027028,5.135135135135135,0.013466854559286846,0.00641521248646216,0.17413402323074625,-0.02615937933969528,-0.0352478494106044,,0.9925326961677924,0.6035688454817705,0.055309791349987814,0.025914492399164768,,,,,4.400000095367432,-0.1652754410063304,-0.3949977181284212,-0.6399345257473461,0.023255836131960805,0.012626274667605027,0.985,16576225280.0,3.08,False,3.635135135135135,2.3108108108108105,-0.5347957141547504,-0.2017045482625101,0.5755045113064048,0.0,,36.420192510353196,-0.4936708506522902,19.807425,3.5440998,0.1995041,-109.298,-0.28694,-0.12104999,0.02238,0.131,0.1395,84.387,1.037,-3343500032.0
TSCO,Tractor Supply Company,Consumer Cyclical,Specialty Retail,287,4.27283539668701,Débil,90.3,4.932432432432433,6.810810810810811,1.2837837837837838,3.6486486486486487,4.727027027027028,1.891891891891892,0.013466854559286846,0.00641521248646216,0.17413402323074625,-0.02615937933969528,-0.0352478494106044,,0.9925326961677924,0.6035688454817705,0.055309791349987814,0.025914492399164768,0.006491339068441183,-0.020080793680017583,,,31.09000015258789,-0.07201231687726062,-0.22311416142213603,-0.46589932739069073,0.09626234670620204,0.09145729154398295,0.469,16199137280.0,3.03,False,5.4324324324324325,3.8918918918918917,-0.5273330335743736,0.006369166346122847,0.14125055728076497,0.0,,37.24150947979778,-0.3085242330441995,16.277487,15.179552,6.1870646,11.828,0.39513,0.06425,0.120740004,0.023,-0.15,248.71,1.334,103175000.0
RGTI,"Rigetti Computing, Inc.",Technology,Computer Hardware,214,4.670952357320099,Débil,90.3,7.280219780219779,1.2362637362637363,8.736263736263737,8.846153846153847,4.774175824175825,1.043956043956044,0.07441372398217906,0.11847256167282387,0.0547580711232026,-0.01971598510283539,0.05460226265429918,,0.9937798417789561,0.9580285284744481,0.34643039504430995,0.581193586982789,,,,,15.25,-0.054779407207229625,-0.16976191221525205,-0.7377472055030094,0.2170790103750999,0.05962297238053487,2.01,5089973248.0,0.39,False,3.9065934065934065,2.1538461538461537,-0.80837200234707,0.005197202953943698,0.8704918032786884,0.0,,43.58699538491332,-0.4358120750054423,23.296627,-74.02913,9.46617,-55.342,-0.43765,0.0,-5.4616604,1.853,2.1085000000000003,1.433,3.944,26453624.0
INFQ,"Infleqtion, Inc.",Technology,Software - Infrastructure,138,5.0175451612903235,Neutral,90.3,7.225274725274725,2.4505494505494507,7.087912087912088,9.065934065934066,2.2395604395604405,7.032967032967034,0.05725986152961707,0.1087375499955198,-0.5886360533536672,6.216447174862654e-05,0.05460226265429918,,0.9966000446135956,0.9539245246136695,0.25752066717092936,0.581193586982789,,,,,13.149999618530273,0.05294340677489218,0.04335208314018946,-0.3820488901066601,0.5434271852735064,0.3628526346810559,,2963445248.0,1.45,False,4.906593406593407,4.445054945054944,-0.7169367248881723,0.010036352910457833,0.6603293257312071,0.0,,48.228818369840496,-0.3381983360279711,37.708862,-58.47823,5.1447573,-38.645,0.125685,-1.6778799,-2.1464,1.565,0.7725,2.529,9.344,
INFY,Infosys Limited,Technology,Information Technology Services,89,5.326942431761787,Neutral,90.3,5.947802197802198,6.8901098901098905,1.3736263736263736,5.65934065934066,4.774175824175825,9.615384615384615,0.07441372398217906,0.11847256167282387,0.0547580711232026,-0.01971598510283539,0.05460226265429918,,0.9937798417789561,0.9580285284744481,0.34643039504430995,0.581193586982789,,,,,11.039999961853027,-0.05110618655965593,-0.18323259657660318,-0.6320000012715657,0.07184465649058502,0.03756344984025516,0.108,44715794432.0,4.61,False,7.06043956043956,4.0,-0.5786126385955523,0.0707943385153095,0.05697826452178645,0.0,,47.986388014292054,-0.22000986283729668,13.629629,13.033777,9.296842,20.031,0.32,0.16370001,0.21173,0.029,0.053,9.541,1.862,3165625088.0
RKLB,Rocket Lab Corporation,Industrials,Aerospace & Defense,178,4.811540740740741,Débil,90.3,3.888888888888889,3.0370370370370368,6.111111111111111,8.703703703703704,4.7851851851851865,5.185185185185185,0.028455075533460356,0.047302348120855174,0.03784409935648077,-0.006732534589445632,-0.0352478494106044,,0.9931295589711637,0.9528112841274767,0.12053610827650585,0.2012680211190514,,,,,73.91999816894531,0.06082216832724341,-0.09101419590728499,-0.5104635882851304,0.9675272336690262,0.3204619427747978,2.612,47265259520.0,1.01,False,3.7777777777777777,5.185185185185184,-0.8161238663317525,-0.005330842029829185,0.4765963569227365,0.0,,58.41123416798868,-0.5079544680077839,36.547813,1369.1425,12.661871,-265.686,-0.07915,-0.21511999,-0.24572,0.62,0.066,3.828,5.482,-251963632.0
CMG,"Chipotle Mexican Grill, Inc.",Consumer Cyclical,Restaurants,273,4.377936094158675,Débil,90.3,1.3851351351351349,8.297297297297298,3.9189189189189193,1.4864864864864864,4.727027027027028,5.135135135135135,0.013466854559286846,0.00641521248646216,0.17413402323074625,-0.02615937933969528,-0.0352478494106044,,0.9925326961677924,0.6035688454817705,0.055309791349987814,0.025914492399164768,0.023492731455095842,-0.0038294495503771783,,,32.36000061035156,-0.06683275052623128,-0.07253486276177201,-0.24427836033742267,0.1540656423092568,0.2922869154500381,0.937,40948928512.0,3.08,False,3.4459459459459456,7.135135135135135,-0.7993476015980999,0.027264800925690214,0.357211037442031,0.0,,38.853331420144315,-0.159916920410383,29.962963,23.598047,18.651297,20.061,0.49560001,0.114250004,0.16108,0.093,-0.013,246.35,0.715,1116464384.0
AMC,"AMC Entertainment Holdings, Inc",Communication Services,Entertainment,181,4.791706387096775,Débil,90.3,5.8,4.0,3.7,3.0,4.796000000000001,5.0,0.028455075533460356,0.047302348120855174,0.03784409935648077,-0.006732534589445632,-0.0352478494106044,,0.9931295589711637,0.9528112841274767,0.12053610827650585,0.2012680211190514,,,,,2.7699999809265137,0.04757581912355846,0.5053529595818236,-0.18529412325690775,1.978494603146789,0.7449392635330015,2.208,2472514816.0,2.14,False,4.73,8.17,-0.42266537458744785,0.05767407300341128,0.0649819567916674,0.0,,50.49880038744589,-0.15805470728140494,21.079077,-34.625,-1.70252,16.113,0.07574,-0.10593,0.14899,0.142,-0.483,81.105,0.547,142600000.0
AGNC,AGNC Investment Corp.,Real Estate,REIT - Mortgage,47,5.680955718475072,Neutral,90.3,7.045454545454546,10.0,5.454545454545454,1.3636363636363638,4.981818181818183,10.0,0.028455075533460356,0.047302348120855174,0.03784409935648077,-0.006732534589445632,-0.0352478494106044,,0.9931295589711637,0.9528112841274767,0.12053610827650585,0.2012680211190514,,,,,8.789999961853027,-0.15986466443780445,-0.18028965319882617,-0.27891714833035053,0.0022804973606644907,0.005847942062288822,1.303,10420381696.0,16.09,False,6.454545454545453,2.9545454545454546,1.2884932620929175,0.044356740474178355,0.2577428951056977,0.0,,16.389341750882295,-0.2036583744284789,4.439394,5.855238,0.9677419,13.786999999999999,0.19799,0.94377,0.95614,0.057,0.356,717.093,0.192,
BE,Bloom Energy Corporation,Industrials,Electrical Equipment & Parts,158,4.92778715651135,Débil,90.3,0.32407407407407385,7.222222222222221,7.037037037037037,5.0,4.7851851851851865,5.185185185185185,0.028455075533460356,0.047302348120855174,0.03784409935648077,-0.006732534589445632,-0.0352478494106044,,0.9931295589711637,0.9528112841274767,0.12053610827650585,0.2012680211190514,,,,,289.1499938964844,0.23189959175185115,0.4007436556047448,-0.17686747353540078,2.819682878421194,0.7745482034127454,3.811,85162582016.0,1.01,False,3.1944444444444446,8.36111111111111,-0.9664757773686623,0.006242618429536555,-0.021907743490225284,0.0,,58.70937341472838,-0.16394393872024537,380.4605,58.507515,52.620564,195.665,0.22213,0.07868,0.17106001,1.655,0.066,171.578,4.087,531637504.0
META,"Meta Platforms, Inc.",Communication Services,Internet Content & Information,91,5.319038967741935,Neutral,90.3,1.5,8.94,5.4,6.999999999999999,4.796000000000001,3.5999999999999996,0.028455075533460356,0.047302348120855174,0.03784409935648077,-0.006732534589445632,-0.0352478494106044,,0.9931295589711637,0.9528112841274767,0.12053610827650585,0.2012680211190514,0.061796681478319855,0.0031744861189115527,,,728.0800170898438,0.1694185947475806,0.15940056197651575,-0.06634862264388741,0.39945415194295886,0.8006627257275533,1.243,1854788337664.0,0.29,False,2.98,8.54,-0.6599739241045481,0.011620530844584434,0.09185897338245885,0.0,,61.53935863457845,-0.06367109666496207,27.402334,20.858347,7.1018343,17.066,0.29848,0.29834998,0.34827,0.28,-0.134,42.997,2.226,21553625088.0
PSKY,Paramount Skydance Corporation,Communication Services,Entertainment,314,4.019301548387096,Débil,90.3,4.15,3.5600000000000005,1.7999999999999998,3.5999999999999996,4.796000000000001,5.0,0.028455075533460356,0.047302348120855174,0.03784409935648077,-0.006732534589445632,-0.0352478494106044,,0.9931295589711637,0.9528112841274767,0.12053610827650585,0.2012680211190514,,,,,9.5,-0.03850046556819564,-0.10217274196444603,-0.5115681233933163,0.24671916010498696,0.15891800507185125,1.52,10658484224.0,2.14,False,5.08,4.92,-0.719764641853176,1.6506216544736334,0.044671578947368396,0.0,,41.454908256082525,-0.18868893261574948,316.6667,11.231439,0.9047619,7.883,-0.00896,-0.021329999,0.09345,0.009,-0.541,126.479,1.04,17593124864.0
FIG,"Figma, Inc.",Technology,Software - Application,277,4.350426302729528,Débil,90.3,4.89010989010989,0.7582417582417582,5.65934065934066,6.813186813186812,4.774175824175825,3.9560439560439558,0.07441372398217906,0.11847256167282387,0.0547580711232026,-0.01971598510283539,0.05460226265429918,,0.9937798417789561,0.9580285284744481,0.34643039504430995,0.581193586982789,,,,,21.360000610351562,-0.12186937353638483,-0.13260641975385012,-0.7011751453504258,0.2867470247199735,0.08673470499911737,,11385091072.0,0.8200000000000001,False,7.521978021978022,2.302197802197802,-0.5395459758025076,0.07614996371282431,0.4419475243401252,0.0,,41.05690018178664,-0.30241672028359323,27.55218,61.028576,7.6696587,-6.329,-1.08644,-1.23149,-0.31693,0.482,0.747,4.584,2.451,866974272.0
ABCL,AbCellera Biologics Inc.,Healthcare,Biotechnology,146,4.982915423387097,Débil,90.3,6.5625,1.40625,3.046875,9.296875,4.7640625000000005,5.15625,0.028455075533460356,0.047302348120855174,0.03784409935648077,-0.006732534589445632,-0.0352478494106044,,0.9931295589711637,0.9528112841274767,0.12053610827650585,0.2012680211190514,,,,,13.739999771118164,0.32493754000541575,1.3167780548705732,-0.08491510015863046,4.005464397492956,0.8960880009061258,1.322,4452410880.0,2.54,False,3.53125,7.625,-0.5518564054126069,-0.01042831069535074,0.21542942344903326,0.0,,63.655755314620365,-0.07287449027972903,24.475063499999997,-17.615385,4.6990423,-19.306,-0.17304,-2.48838,-15.500489,-0.763,0.262,15.135,12.77,-46431124.0
BTDR,Bitdeer Technologies Group,Technology,Software - Application,318,3.9990106699751857,Débil,90.3,7.5,1.4285714285714286,5.604395604395604,1.1538461538461537,4.774175824175825,3.9560439560439558,0.07441372398217906,0.11847256167282387,0.0547580711232026,-0.01971598510283539,0.05460226265429918,,0.9937798417789561,0.9580285284744481,0.34643039504430995,0.581193586982789,,,,,11.020000457763672,0.006346783960885061,-0.08125510736987007,-0.6035971058358391,0.5934066595956726,0.19651409968222905,2.505,2995040512.0,0.8200000000000001,False,5.56043956043956,3.0109890109890105,-0.5395459758025076,0.00529229068404668,0.9769246002754752,0.0,,46.791944229923914,-0.4408928985468538,27.55218,-29.583893,2.7156236,9.042,-0.25264,-0.28142,-0.42731,0.471,0.747,177.028,1.006,15850625.0
PBR,Petroleo Brasileiro S.A. Petrob,Energy,Oil & Gas Integrated,8,6.380326129032258,Neutral,90.3,8.125,8.799999999999999,4.5,2.25,4.832500000000001,9.5,0.028455075533460356,0.047302348120855174,0.03784409935648077,-0.006732534589445632,-0.0352478494106044,,0.9931295589711637,0.9528112841274767,0.12053610827650585,0.2012680211190514,,,,,21.649999618530273,0.10974420106260041,0.21447040778889392,-0.026528794130832978,0.8941381993464808,0.9454208712793963,-0.213,139520524288.0,7.99,False,8.075,7.574999999999999,0.6527722023213935,0.6754571021355135,0.06004620805429739,0.0,,65.21142520193274,-0.005512211148833644,5.4671717,5.4305973,1.5065856,1.847,0.30274,0.24317,0.44679,0.423,0.968,76.067,0.854,94240129024.0
RIVN,"Rivian Automotive, Inc.",Consumer Cyclical,Auto Manufacturers,226,4.64521464690497,Débil,90.3,7.094594594594595,0.527027027027027,6.95945945945946,6.351351351351352,4.727027027027028,5.135135135135135,0.013466854559286846,0.00641521248646216,0.17413402323074625,-0.02615937933969528,-0.0352478494106044,,0.9925326961677924,0.6035688454817705,0.055309791349987814,0.025914492399164768,,,,,14.300000190734863,-0.09325520168826595,-0.11635392862643323,-0.369766408517635,0.15415659327965003,0.18543691172183133,1.618,20704407552.0,3.08,False,4.013513513513513,4.716216216216216,-0.5347957141547504,-0.074350109856261,0.35018809387916505,0.0,,35.9006620421021,-0.2899701775520022,19.807425,-8.203445,3.8143504,-7.898,-0.57523,-0.54955,-0.50422,0.272,0.1395,104.408,2.104,-1539374976.0
GOOG,Alphabet Inc.,Communication Services,Internet Content & Information,43,5.761411870967741,Neutral,90.3,2.5999999999999996,9.18,8.4,8.5,4.796000000000001,0.6,0.028455075533460356,0.047302348120855174,0.03784409935648077,-0.006732534589445632,-0.0352478494106044,,0.9931295589711637,0.9528112841274767,0.12053610827650585,0.2012680211190514,0.05530907698817771,0.07159240243726683,,,340.3500061035156,-0.0028839574812394853,0.009241389433480407,-0.15852842954108937,0.43798722396229417,0.617844301358975,1.225,4162458484736.0,0.26,False,3.82,7.499999999999999,-0.5561247074362087,0.00544509958312233,0.24088729962163935,0.0,,50.06253919931109,-0.14601061304500973,17.07727,22.582298,6.687166,23.056,0.48676,0.54771,0.34033,0.242,2.94,18.859,2.724,22665000960.0
TOST,"Toast, Inc.",Technology,Software - Infrastructure,285,4.321702729528536,Débil,90.3,4.203296703296703,5.362637362637363,5.054945054945055,5.659340659340659,2.2395604395604405,7.032967032967034,0.05725986152961707,0.1087375499955198,-0.5886360533536672,6.216447174862654e-05,0.05460226265429918,,0.9966000446135956,0.9539245246136695,0.25752066717092936,0.581193586982789,,,,,29.790000915527344,-0.09496898421657107,-0.0004512593163763512,-0.25009437594644823,0.33827497374336657,0.43114806272701645,1.728,17218621440.0,1.45,False,5.521978021978022,2.967032967032967,-0.7335712147044109,0.027542854441197355,0.3065820343668486,0.0,,39.02164683292698,-0.19421152469843567,37.708862,17.182013,8.405757,31.828,0.25162,0.07143,0.07442,0.231,1.0,14.571,2.4,474249984.0
KDP,Keurig Dr Pepper Inc.,Consumer Defensive,Beverages - Non-Alcoholic,195,4.732959139784946,Débil,90.3,4.523809523809524,3.238095238095238,5.238095238095237,2.023809523809524,4.823809523809524,3.333333333333333,0.003854506623614832,0.014288791474738315,0.0,0.028690686208770404,-0.1069229189439744,,0.8643328893944904,0.8774866308495723,0.015236764355886168,0.05932175918302596,0.1856704060434372,0.053804608484239055,,,30.3700008392334,-0.02764345734907503,0.032261163060665954,-0.10201061977429338,0.22065919771838427,0.6140940536055256,0.414,41328287744.0,3.0,False,7.595238095238095,7.761904761904761,-0.33347882920511596,0.11147933223216769,0.19215933485347625,0.0,,43.60901569349943,-0.08685935572728025,30.676767,11.98179,1.6509922,17.137,0.051,0.07103,0.12888,0.756,-0.9,99.649,0.479,4607249920.0
EQX,Equinox Gold Corp.,Basic Materials,Gold,92,5.30449721913237,Neutral,90.3,6.551724137931035,5.8965517241379315,9.568965517241379,4.310344827586207,4.775862068965519,1.7241379310344829,0.028455075533460356,0.047302348120855174,0.03784409935648077,-0.006732534589445632,-0.0352478494106044,,0.9931295589711637,0.9528112841274767,0.12053610827650585,0.2012680211190514,,,,,11.109999656677246,-0.0464010731913167,-0.15418437740604507,-0.4140295539727191,0.3093694350827634,0.2505966259357753,2.492,12970478592.0,0.49,False,5.793103448275862,4.068965517241379,-0.02221414662951038,0.022268935564039364,0.2601260515418493,0.0,,42.50331342986458,-0.287351517279602,17.092308,7.3756394,1.3768743,7.689,0.0847,0.28092,0.32136002,1.693,4.517,13.175,1.33,288838752.0
JD,"JD.com, Inc.",Consumer Cyclical,Internet Retail,58,5.5917769834350475,Neutral,90.3,7.770270270270271,3.486486486486487,4.1891891891891895,6.081081081081081,4.727027027027028,9.18918918918919,0.013466854559286846,0.00641521248646216,0.17413402323074625,-0.02615937933969528,-0.0352478494106044,,0.9925326961677924,0.6035688454817705,0.055309791349987814,0.025914492399164768,,,,,25.780000686645508,-0.11391880613982386,-0.10797851651621992,-0.2884349796675266,0.051901447961706815,0.10851396405438568,0.339,34815889408.0,3.79,False,8.128378378378379,4.783783783783784,0.11542415789199434,0.463308559921308,0.5298829693371889,0.0,,30.43048332588714,-0.2366005230326041,17.186666,6.1488686,1.0522302,-1.497,0.06787,0.01126,0.01196,-0.029,0.213,37.294,1.141,16130499584.0
B,Barrick Mining Corporation,Basic Materials,Gold,12,6.2232335928809785,Neutral,90.3,6.163793103448276,8.72413793103448,6.4655172413793105,7.241379310344827,4.775862068965519,6.551724137931034,0.028455075533460356,0.047302348120855174,0.03784409935648077,-0.006732534589445632,-0.0352478494106044,,0.9931295589711637,0.9528112841274767,0.12053610827650585,0.2012680211190514,,,,,40.22999954223633,-0.049664097895788406,-0.05942701634637004,-0.2643993501145304,0.32553540501602396,0.4059161685388796,1.15,66213928960.0,1.75,False,6.698275862068965,5.120689655172414,-0.05524346004306713,0.0768512793595748,0.2852195025684017,0.0,,39.30089826081271,-0.17362766542134198,10.3953495,9.187239,2.4249547,5.758,0.27009,0.316,0.51342,0.438,0.553,12.706,3.014,5088625152.0
AAOI,"Applied Optoelectronics, Inc.",Technology,Communication Equipment,161,4.912520595533499,Débil,90.3,5.947802197802197,1.8901098901098903,7.9945054945054945,5.769230769230769,4.774175824175825,8.186813186813186,0.07441372398217906,0.11847256167282387,0.0547580711232026,-0.01971598510283539,0.05460226265429918,,0.9937798417789561,0.9580285284744481,0.34643039504430995,0.581193586982789,,,,,115.58999633789062,0.0406256928762343,0.06669936258173381,-0.5053280423764683,5.24810791015625,0.4512245960770118,3.783,9814317056.0,1.56,False,4.233516483516484,4.560439560439559,-0.6132566268626651,-0.09038327444880134,0.41361713969046265,0.0,,57.51724910237,-0.48189155905151204,34.7154045,25.117338,5.847625,-276.471,-0.05449,-0.09568,-0.12884,0.864,1.893,17.994,2.777,-887050112.0
O,Realty Income Corporation,Real Estate,REIT - Retail,152,4.948757771260997,Débil,90.3,3.1818181818181817,4.909090909090909,8.181818181818182,6.818181818181818,4.981818181818183,3.6363636363636367,0.028455075533460356,0.047302348120855174,0.03784409935648077,-0.006732534589445632,-0.0352478494106044,,0.9931295589711637,0.9528112841274767,0.12053610827650585,0.2012680211190514,0.02298233011232887,0.02410870988777331,,,54.130001068115234,-0.11007570738350703,-0.12467798292507237,-0.20326757332771217,0.015000957587009811,0.054757088851145524,0.712,51218784256.0,6.09,False,3.590909090909091,5.636363636363637,-0.3368813266161169,0.030888705051890564,0.2274243245699128,0.0,,21.240977819681675,-0.1655054783155059,39.51095,34.85467,1.2950381,15.641,0.03225,0.20898001,0.46965998,0.096,0.692,74.722,1.528,1582081920.0
KHC,The Kraft Heinz Company,Consumer Defensive,Packaged Foods,172,4.875483333333333,Débil,90.3,7.142857142857143,2.071428571428571,3.0952380952380953,7.380952380952381,4.823809523809524,9.047619047619047,0.003854506623614832,0.014288791474738315,0.0,0.028690686208770404,-0.1069229189439744,,0.8643328893944904,0.8774866308495723,0.015236764355886168,0.05932175918302596,-0.003601415095112762,-0.04668512425819089,,,22.190000534057617,-0.1143696206014776,-0.07369912821449698,-0.21003914083098552,0.054908511245905345,0.1637137539415474,0.082,26313428992.0,7.12,False,6.428571428571429,2.5595238095238093,-0.596554529329505,0.12353008408703559,0.14791434821755733,0.0,,24.437252534600447,-0.18375250912616808,21.889729,10.629584,0.73092,7.842,-0.0876,-0.13639,0.1549,-0.014,0.085,52.591,1.061,3250500096.0
QBTS,D-Wave Quantum Inc.,Technology,Computer Hardware,306,4.104109925558312,Débil,90.3,7.637362637362638,1.3681318681318682,4.615384615384616,8.956043956043956,4.774175824175825,1.043956043956044,0.07441372398217906,0.11847256167282387,0.0547580711232026,-0.01971598510283539,0.05460226265429918,,0.9937798417789561,0.9580285284744481,0.34643039504430995,0.581193586982789,,,,,15.770000457763672,-0.13172265461813026,-0.24342915806843335,-0.6626737869997075,0.2368627810010724,0.08882354287540212,2.14,5986712064.0,0.39,False,3.4450549450549453,0.6208791208791209,-0.80837200234707,-0.012257123979831345,1.1970512995732232,0.0,,39.02155993761855,-0.4767750239842451,23.296627,-41.758244,5.4173822,-35.172,-0.27985,0.0,-17.32055,-0.006,2.1085000000000003,4.442,20.545,-73379872.0
IOVA,"Iovance Biotherapeutics, Inc.",Healthcare,Biotechnology,110,5.178095110887097,Neutral,90.3,6.2890625,0.9375,7.734375,9.0625,4.7640625000000005,5.15625,0.028455075533460356,0.047302348120855174,0.03784409935648077,-0.006732534589445632,-0.0352478494106044,,0.9931295589711637,0.9528112841274767,0.12053610827650585,0.2012680211190514,,,,,14.21500015258789,0.7571509991084935,2.04272446435804,-0.07091502270667382,7.076704632152211,0.9198670718307157,0.833,6438988800.0,2.54,False,3.53125,6.6171875,-0.5518564054126069,-0.02916525526492607,-0.09954274621166881,0.0,,79.8429316342922,-0.0408231818282439,24.475063499999997,-54.411488,8.747692,-23.86,-0.40363997,-0.89091,-0.52264,0.657,0.262,6.25,4.345,-187794752.0
LUNR,"Intuitive Machines, Inc.",Industrials,Aerospace & Defense,213,4.677403345280765,Débil,90.3,7.870370370370371,2.7037037037037037,7.222222222222222,5.555555555555555,4.7851851851851865,5.185185185185185,0.028455075533460356,0.047302348120855174,0.03784409935648077,-0.006732534589445632,-0.0352478494106044,,0.9931295589711637,0.9528112841274767,0.12053610827650585,0.2012680211190514,,,,,14.710000038146973,-0.035725988977582945,-0.2717659532936638,-0.6853475927669097,0.8907455061885567,0.17782910028603985,1.851,2374384640.0,1.01,False,3.3888888888888884,2.6296296296296293,-0.8161238663317525,-0.03369120177596836,1.005438472025737,0.0,,46.97157889246467,-0.6781181664645378,36.547813,-94.90323,-8.582264,-50.425,-0.30769,-0.26635998,-0.18099001,3.098,0.066,52.818,1.658,-79995872.0
CPNG,"Coupang, Inc.",Consumer Cyclical,Internet Retail,351,3.5163990409764603,Débil,90.3,3.885135135135135,2.108108108108108,3.3783783783783785,2.1621621621621623,4.727027027027028,5.135135135135135,0.013466854559286846,0.00641521248646216,0.17413402323074625,-0.02615937933969528,-0.0352478494106044,,0.9925326961677924,0.6035688454817705,0.055309791349987814,0.025914492399164768,,,,,13.779999732971191,-0.10964658958640616,-0.24142545227001555,-0.5818794267387447,0.03220971782555737,0.021930929411495475,1.152,24769710080.0,3.08,False,5.243243243243243,2.891891891891891,-0.3761916446802674,-0.009946624615478745,0.7057736179601375,0.0,,31.88436060327375,-0.3605568343003429,22.056278,50.578087,8.266346,-528.884,-0.19995001,-0.02163,-0.06278,0.039,0.079,188.584,0.87,-246375008.0
CRM,"Salesforce, Inc.",Technology,Software - Application,223,4.649591066997519,Débil,90.3,6.483516483516484,6.780219780219781,4.285714285714286,0.9340659340659341,1.9043956043956043,2.6373626373626373,0.028213015115693355,0.013731700726956682,0.05133461160421361,0.3604764525889536,0.04041929196366032,,0.9978278066308918,0.7585475122605547,0.11959601326015123,0.0567277316207937,0.02589367423406695,0.0003102573198135153,,,234.69000244140625,0.07406466099577047,0.1699124893174575,-0.12790307888444785,0.6039502627214752,0.719684033238914,1.202,193149878272.0,0.74,False,7.637362637362637,6.967032967032967,-0.5395459758025076,0.09180370691732662,0.207383131161478,0.0,,51.49483936243882,-0.11090688902698094,21.086254,14.661948,5.03281,17.503,0.19381,0.2199,0.21375,0.108,1.189,110.417,0.839,17731874816.0
TME,Tencent Music Entertainment Gro,Communication Services,Internet Content & Information,25,5.910552516129032,Neutral,90.3,7.5,7.040000000000001,4.300000000000001,7.4,4.796000000000001,7.6,0.028455075533460356,0.047302348120855174,0.03784409935648077,-0.006732534589445632,-0.0352478494106044,,0.9931295589711637,0.9528112841274767,0.12053610827650585,0.2012680211190514,,,,,7.739999771118164,-0.10262953077978898,-0.3102311464405908,-0.6755397287311606,0.01044383434962981,0.004939782100534975,0.817,12614381568.0,3.09,False,7.949999999999999,3.0,0.5414911209773547,0.5656738047389942,0.6261346734099082,0.0,,36.41199687777922,-0.23743841753573178,9.105882,7.6883416,1.0398686,0.165,0.10974,0.26282,0.29184,0.058,0.024,20.826,1.745,7135625216.0
HOOD,"Robinhood Markets, Inc.",Financial Services,Capital Markets,177,4.827684527063969,Débil,90.3,2.542372881355932,8.711864406779661,7.966101694915254,1.2711864406779658,4.711864406779662,2.0338983050847457,0.028455075533460356,0.047302348120855174,0.03784409935648077,-0.006732534589445632,-0.0352478494106044,,0.9931295589711637,0.9528112841274767,0.12053610827650585,0.2012680211190514,,,,,112.73999786376953,0.07195218016640759,0.1950623789264676,-0.2672559608490217,0.7750137426398414,0.5448558067825505,2.34,101362540544.0,1.7650000000000001,False,2.1271186440677967,8.728813559322035,-0.7946045832454512,-0.03269414756009703,0.1699295946357926,0.0,,49.76274451011695,-0.09605518954200387,49.884956,32.800144,10.691322,-4.5605,0.23618999,0.42011002,0.43884,0.323,0.476,240.279,1.116,
NVTS,Navitas Semiconductor Corporati,Technology,Semiconductors,127,5.076144665012406,Neutral,90.3,7.252747252747253,1.3461538461538463,3.5714285714285716,9.725274725274724,6.570879120879123,5.604395604395604,0.15157463111841535,0.18686876297458943,0.08644022771707216,-0.014252269139233852,0.046344533934074575,,0.993489689607621,0.9967601092747992,0.8356987558501576,1.1192808609591967,,,,,12.399999618530273,0.03169119306189927,-0.05947496564768051,-0.6371085859370713,0.8102189224131786,0.20314786305015642,3.875,3255687680.0,0.91,False,3.32967032967033,4.368131868131867,-0.8242870859284963,-0.0011717186582221547,0.13508068008055774,0.0,,54.476677443892186,-0.6099402560106979,45.356323,-98.39708,4.039088,-37.526,-0.52601004,0.0,-2.54972,-0.273,1.4365,0.641,21.793,-3814750.0
LITE,Lumentum Holdings Inc.,Technology,Communication Equipment,208,4.685943672456576,Débil,90.3,2.458791208791209,2.5054945054945055,8.26923076923077,3.7362637362637363,4.774175824175825,8.186813186813186,0.07441372398217906,0.11847256167282387,0.0547580711232026,-0.01971598510283539,0.05460226265429918,,0.9937798417789561,0.9580285284744481,0.34643039504430995,0.581193586982789,,,,,1085.4200439453125,0.2419137154162907,0.4634724401237422,-0.005670483098072943,6.343346484982833,0.9934414536398735,1.541,97362173952.0,1.56,False,4.733516483516484,7.016483516483516,-0.6132566268626651,0.0023078778018122124,0.06815947104291253,0.0,,66.67701880963139,0.0,34.7154045,31.25594,20.70859,115.823,-2.40027,-2.3009598,0.27954,1.093,1.893,35.987,1.678,224700000.0
NOW,"ServiceNow, Inc.",Technology,Software - Application,330,3.8629151364764267,Débil,90.3,2.3351648351648353,4.791208791208791,2.3076923076923075,1.3186813186813187,4.774175824175825,3.9560439560439558,0.07441372398217906,0.11847256167282387,0.0547580711232026,-0.01971598510283539,0.05460226265429918,,0.9937798417789561,0.9580285284744481,0.34643039504430995,0.581193586982789,0.05530091664140898,0.01350417728531856,,,134.3800048828125,0.04705763322606016,0.159881071047266,-0.3036078641687525,0.6541113353374262,0.4756279190413377,0.972,138930388992.0,0.8200000000000001,False,4.791208791208791,6.708791208791208,-0.8422392677400949,0.03706442494950846,0.07897458499456333,0.0,,50.34877727438317,-0.09196567406695741,81.44243,26.846416,11.100282,50.471,0.14244,0.11336,0.04063,0.24,-0.219,67.538,0.701,5149374976.0
CORZ,"Core Scientific, Inc.",Technology,Software - Infrastructure,291,4.242371464019851,Débil,90.3,5.934065934065934,3.8846153846153846,6.923076923076923,3.4615384615384617,2.2395604395604405,7.032967032967034,0.05725986152961707,0.1087375499955198,-0.5886360533536672,6.216447174862654e-05,0.05460226265429918,,0.9966000446135956,0.9539245246136695,0.25752066717092936,0.581193586982789,,,,,16.450000762939453,-0.12226872113014142,-0.16857040803532675,-0.45994744704729307,0.2317484659632687,0.18094128985322727,5.485,5286050816.0,1.45,False,6.56043956043956,1.813186813186813,-0.7169367248881723,0.08793582660859536,1.0610795396669364,0.0,,41.97901710364529,-0.43587102712555886,37.708862,101.06906,-2.1730516,-100.857,0.125685,0.0,0.06874,1.088,0.7725,14.571,0.893,464833248.0
CNH,CNH Industrial N.V.,Industrials,Farm & Heavy Construction Machinery,199,4.721366606929509,Débil,90.3,3.3333333333333335,5.2592592592592595,0.9259259259259259,4.444444444444445,4.7851851851851865,1.1111111111111112,0.028455075533460356,0.047302348120855174,0.03784409935648077,-0.006732534589445632,-0.0352478494106044,,0.9931295589711637,0.9528112841274767,0.12053610827650585,0.2012680211190514,,,,,13.470000267028809,0.11747140094813413,0.21355726936365338,-0.06846471182373393,0.49666669633653426,0.8186813675876937,1.239,21661898752.0,0.78,False,7.148148148148148,9.194444444444443,-0.5592535181546412,0.025996104886604542,0.03481438186152541,0.0,,57.354082478772774,-0.06458329000958575,53.88,19.659643,2.1496968,38.804,0.03914,0.0171,0.05538,0.02,-0.353,335.044,4.883,563124992.0
USAR,"USA Rare Earth, Inc.",Basic Materials,Other Industrial Metals & Mining,316,4.007167130144605,Débil,90.3,4.956896551724138,0.9310344827586208,3.1034482758620685,9.655172413793103,4.775862068965519,8.793103448275861,0.028455075533460356,0.047302348120855174,0.03784409935648077,-0.006732534589445632,-0.0352478494106044,,0.9931295589711637,0.9528112841274767,0.12053610827650585,0.2012680211190514,,,,,13.59000015258789,-0.1885259025282946,-0.2960901588542746,-0.6909959037610757,0.1868995766452306,0.06578543352560379,2.61,5101587456.0,5.01,False,3.017241379310345,0.5775862068965518,-0.3973255610911933,-0.05566042226053333,1.6163031347155132,0.0,,32.600695928499974,-0.5573289962587389,24.908963999999997,453.0,1.577115,-17.289,-0.23561001,0.0,-7.95636,0.183,-0.09,0.125,32.787,-283956512.0
KVUE,Kenvue Inc.,Consumer Defensive,Household & Personal Products,100,5.2374,Neutral,90.3,5.476190476190476,6.095238095238095,4.880952380952381,5.238095238095237,4.823809523809524,6.190476190476191,0.003854506623614832,0.014288791474738315,0.0,0.028690686208770404,-0.1069229189439744,,0.8643328893944904,0.8774866308495723,0.015236764355886168,0.05932175918302596,0.007585648839790341,0.003169973370098965,,,17.200000762939453,-0.07892337055449594,-0.046261803178418215,-0.14555386175164164,0.22681888466044597,0.5204583900064572,0.426,33037305856.0,4.88,False,6.095238095238095,4.809523809523808,-0.40393226012088956,0.05773775986196445,0.13372087994416337,0.0,,32.71716378960794,-0.11249444678787646,20.235294,13.873095,3.129549,11.657,0.15581,0.107609995,0.19418,0.03,0.085,81.617,1.005,1907500032.0
SNDK,Sandisk Corporation,Technology,Computer Hardware,9,6.308580148883375,Neutral,90.3,5.467032967032967,9.472527472527473,8.901098901098901,7.3076923076923075,4.774175824175825,1.043956043956044,0.07441372398217906,0.11847256167282387,0.0547580711232026,-0.01971598510283539,0.05460226265429918,,0.9937798417789561,0.9580285284744481,0.34643039504430995,0.581193586982789,,,,,1719.989990234375,0.11871108528444396,0.5110665980425031,-0.26945408779583035,13.86851651309107,0.716622514856491,,251839234048.0,0.39,False,5.521978021978022,7.3791208791208796,-0.7564790377173534,0.030657951439482294,0.2421826360215409,0.0,,52.71923672273663,-0.2633875844820664,23.296627,6.5278344,16.286087,20.384,0.9164,0.56465,0.78472,3.716,2.1085000000000003,1.277,2.29,7720875008.0
LUMN,"Lumen Technologies, Inc.",Communication Services,Telecom Services,190,4.752770580645162,Débil,90.3,7.6,4.24,2.1999999999999997,2.9000000000000004,4.796000000000001,9.0,0.028455075533460356,0.047302348120855174,0.03784409935648077,-0.006732534589445632,-0.0352478494106044,,0.9931295589711637,0.9528112841274767,0.12053610827650585,0.2012680211190514,,,,,5.75,-0.08863247321371959,-0.23994078147306086,-0.5188284518828452,0.06877323420074344,0.05631659056316593,1.803,5930810880.0,5.325,False,7.25,2.7199999999999998,0.1869348060499445,0.35682304272025617,0.32869565217391306,0.0,,38.500206423402425,-0.47679707736563737,9.9890675,-19.39946,-3.9819944,7.778,0.15842,-0.086540006,-0.02888,-0.093,-0.0835,129.054,0.964,2116249984.0
BTE,Baytex Energy Corp,Energy,Oil & Gas E&P,212,4.678705161290322,Débil,90.3,4.875,2.7,4.75,9.5,4.832500000000001,1.0,0.028455075533460356,0.047302348120855174,0.03784409935648077,-0.006732534589445632,-0.0352478494106044,,0.9931295589711637,0.9528112841274767,0.12053610827650585,0.2012680211190514,,,,,4.630000114440918,0.005123331547611576,0.10122731292001674,-0.13619400849982877,1.123853263505008,0.770440287560037,0.574,3237296128.0,1.42,False,4.225,5.225,0.03436491313593326,-0.06968130164210916,0.4399656231552942,0.0,,47.77871743357628,-0.1239009980140774,12.314832,16.635708,2.138808,3.606,-0.08772001,-0.42863998,0.40842998,0.513,0.211,6.942,2.816,-225579008.0
CAVA,"CAVA Group, Inc.",Consumer Cyclical,Restaurants,275,4.362715518744551,Débil,90.3,0.9459459459459458,4.405405405405405,7.972972972972974,7.702702702702703,4.727027027027028,5.135135135135135,0.013466854559286846,0.00641521248646216,0.17413402323074625,-0.02615937933969528,-0.0352478494106044,,0.9925326961677924,0.6035688454817705,0.055309791349987814,0.025914492399164768,,,,,54.40999984741211,-0.11657450020275906,-0.24735013092992442,-0.4492357541511074,0.25339783108528247,0.1986276606611071,1.741,6355425280.0,3.08,False,2.8310810810810807,3.689189189189189,-0.8249213833789868,-0.00011352505429817594,0.5208601402695248,0.0,,43.11063020628366,-0.4413184085798923,97.16071,73.04826,7.554846,40.088,0.083229996,0.04822,0.0762,0.313,0.198,61.899,2.483,-721500.0
AXTI,AXT Inc,Technology,Semiconductor Equipment & Materials,296,4.197472208436723,Débil,90.3,1.8681318681318684,4.131868131868132,5.604395604395604,7.747252747252747,4.774175824175825,1.7582417582417584,0.07441372398217906,0.11847256167282387,0.0547580711232026,-0.01971598510283539,0.05460226265429918,,0.9937798417789561,0.9580285284744481,0.34643039504430995,0.581193586982789,,,,,85.87000274658203,0.27077763162962065,0.4317608932137176,-0.4001815957908492,20.467500686645508,0.5883156276701784,1.92,5630771712.0,0.43000000000000005,False,2.32967032967033,5.439560439560439,-0.9644998599942338,-0.00788826155131469,0.06672874193713763,0.0,,62.714430532884066,-0.39025774600503715,2862.3335,38.164444,6.2373796,372.124,0.01012,0.0323,0.21902001,1.648,0.3165,10.667,4.765,-44417000.0
CLF,Cleveland-Cliffs Inc.,Basic Materials,Steel,332,3.8380011123470523,Débil,90.3,4.353448275862069,1.2413793103448278,3.620689655172414,2.7586206896551726,4.775862068965519,5.0,0.028455075533460356,0.047302348120855174,0.03784409935648077,-0.006732534589445632,-0.0352478494106044,,0.9931295589711637,0.9528112841274767,0.12053610827650585,0.2012680211190514,,,,,11.319999694824219,-0.04869155631172839,-0.006045413292455448,-0.3221557068967533,0.4644242813485404,0.40022293141853055,2.11,6458512896.0,1.3450000000000002,False,4.163793103448276,6.189655172413793,-0.27945784860203315,0.0009483607292622181,0.09540638995507966,0.0,,44.2762035211783,-0.2325423935712394,22.297928,15.504725,1.1525148,27.983,-0.13862,-0.045640003,0.0034400001,0.059,0.469,132.743,1.89,6125000.0
PPL,PPL Corporation,Utilities,Utilities - Regulated Electric,51,5.638652419354838,Neutral,90.3,3.4375,6.0,5.0,5.0,5.106250000000001,10.0,0.028455075533460356,0.047302348120855174,0.03784409935648077,-0.006732534589445632,-0.0352478494106044,,0.9931295589711637,0.9528112841274767,0.12053610827650585,0.2012680211190514,0.009235353951890034,0.03066812705366922,,,32.79999923706055,-0.04961146385740267,-0.09174235285642762,-0.18224883477784726,0.03929021663689958,0.14502915053339743,0.583,24683470848.0,3.48,False,7.0,7.4375,-0.15929583101279976,-0.07852927377743793,0.22332319918663202,0.0,,41.040605016369106,-0.16255747948425686,19.408283,15.487477,1.640246,11.891,0.086330004,0.13471,0.23591,0.042,0.212,135.434,0.905,-1938375040.0
ASTS,"AST SpaceMobile, Inc.",Technology,Communication Equipment,241,4.583191811414392,Débil,90.3,6.6620879120879115,1.1923076923076925,8.818681318681318,5.384615384615384,4.774175824175825,8.186813186813186,0.07441372398217906,0.11847256167282387,0.0547580711232026,-0.01971598510283539,0.05460226265429918,,0.9937798417789561,0.9580285284744481,0.34643039504430995,0.581193586982789,,,,,58.45000076293945,-0.06793470977704663,-0.279631950929941,-0.5633497627152291,0.18535795503831776,0.10810172398509106,2.726,22746839040.0,1.56,False,4.31043956043956,1.6373626373626373,-0.6132566268626651,-0.07911310177363438,0.3334759449553224,0.0,,44.69794728044715,-0.5608234850758743,34.7154045,-45.338898,9.249882,-45.061,-0.45621,0.0,-5.44626,26.266,1.893,124.865,13.053,-1799572992.0
MRK,"Merck & Company, Inc.",Healthcare,Drug Manufacturers - General,323,3.938973387096774,Débil,90.3,2.3828125,4.03125,3.515625,3.515625,4.7640625000000005,2.5,0.028455075533460356,0.047302348120855174,0.03784409935648077,-0.006732534589445632,-0.0352478494106044,,0.9931295589711637,0.9528112841274767,0.12053610827650585,0.2012680211190514,0.012179135100548116,-0.48578785032372374,,,144.3000030517578,0.016107042978988018,0.17664904589304498,-0.08042312610401592,0.7595415565389319,0.8315312114772103,0.226,356012851200.0,2.36,False,3.2578125,7.28125,-0.8485303976906463,0.042615034768722415,0.079417856589592,0.0,,46.946052260967804,-0.07221616138229009,115.44,15.136829,8.495232,13.911,0.06961,0.047659997,-0.00241,0.051,0.025,128.408,1.323,15171500032.0
STUB,"StubHub Holdings, Inc.",Communication Services,Internet Content & Information,292,4.234370903225807,Débil,90.3,5.949999999999999,1.38,8.1,5.6,4.796000000000001,2.2,0.028455075533460356,0.047302348120855174,0.03784409935648077,-0.006732534589445632,-0.0352478494106044,,0.9931295589711637,0.9528112841274767,0.12053610827650585,0.2012680211190514,,,,,5.409999847412109,-0.22495059634220949,-0.4183327494355775,-0.7482550094270772,0.03739210880385602,0.01198155744467647,,2067106560.0,0.275,False,5.85,1.0899999999999999,-0.5603055228964087,0.5275904731297452,1.0563771374821163,0.0,,33.15474633306181,-0.6048210362866471,17.243977,8.882832,1.2663858,-1.771,-1.02948,-0.91266,0.03395,0.332,1.482,67.198,1.044,1090585728.0
PAYO,Payoneer Global Inc.,Technology,Software - Infrastructure,259,4.474176674937965,Débil,90.3,5.7142857142857135,3.813186813186813,3.4065934065934065,3.9835164835164836,2.2395604395604405,7.032967032967034,0.05725986152961707,0.1087375499955198,-0.5886360533536672,6.216447174862654e-05,0.05460226265429918,,0.9966000446135956,0.9539245246136695,0.25752066717092936,0.581193586982789,,,,,7.150000095367432,0.0034242864274491858,0.1987191468753553,-0.0055632690726798995,0.7524510037665273,0.9871382943303637,0.943,2422783488.0,1.45,False,4.137362637362637,8.428571428571427,-0.65524121371183,-0.028517816941635025,0.03496502116056566,0.0,,55.51850632445137,-0.004178235889753918,51.07143,15.533348,3.7065837,11.03,0.07058,0.046479996,0.061739996,0.052,0.7725,13.184,1.003,-69092496.0
ANET,"Arista Networks, Inc.",Technology,Computer Hardware,115,5.141604962779156,Neutral,90.3,1.675824175824176,8.362637362637363,4.450549450549451,7.692307692307693,4.774175824175825,1.043956043956044,0.07441372398217906,0.11847256167282387,0.0547580711232026,-0.01971598510283539,0.05460226265429918,,0.9937798417789561,0.9580285284744481,0.34643039504430995,0.581193586982789,0.08557248202023049,0.09496843862833006,,,207.35000610351562,0.07545568045723394,0.30811403589295505,-0.035087690895268975,0.8106008217212333,0.9248780123893159,1.617,261514952704.0,0.39,False,4.021978021978022,7.950549450549451,-0.8602649669767867,0.014880650363440872,0.168108188427458,0.0,,60.17859135892414,-0.014964341550994655,65.20441,39.859745,17.672379,52.712,0.31476,0.38371,0.45393002,0.377,0.357,3.037,2.957,3891512576.0
BB,BlackBerry Limited,Technology,Software - Infrastructure,265,4.4450476426799,Débil,90.3,2.5,5.626373626373626,5.989010989010989,4.78021978021978,2.2395604395604405,7.032967032967034,0.05725986152961707,0.1087375499955198,-0.5886360533536672,6.216447174862654e-05,0.05460226265429918,,0.9966000446135956,0.9539245246136695,0.25752066717092936,0.581193586982789,0.05807335195873296,0.2623655913978495,,,9.300000190734863,0.11832614126200847,0.464186501261068,-0.3156732751482808,1.9807692919021997,0.590257897873435,1.437,5459400192.0,1.45,False,5.291208791208791,5.780219780219779,-0.7918604829043676,0.02535992877072456,0.053763419248449296,0.0,,63.74286929940752,-0.2740046927326223,71.53847,39.455265,7.259953,45.859,0.10602,0.13094,0.22658001,0.26,1.5,27.918,2.376,138450000.0
LYFT,"Lyft, Inc.",Technology,Software - Application,112,5.174948635235732,Neutral,90.3,6.813186813186813,7.472527472527473,2.582417582417582,1.8131868131868136,4.774175824175825,3.9560439560439558,0.07441372398217906,0.11847256167282387,0.0547580711232026,-0.01971598510283539,0.05460226265429918,,0.9937798417789561,0.9580285284744481,0.34643039504430995,0.581193586982789,,,,,15.460000038146973,-0.04364232234406784,0.002249553535229376,-0.3946750180835171,0.24077046855112139,0.2293578010815728,1.837,5852232192.0,0.8200000000000001,False,8.329670329670328,5.252747252747253,1.2659375423537376,0.19704181689447225,0.2572988326027075,0.0,,47.996336829604,-0.1265537078101505,2.2602339,7.1668305,1.9388012,112.79,1.52579,0.42317,0.025799999,0.161,0.345,42.738,0.586,1153134464.0
MSTR,Strategy Inc,Technology,Software - Application,210,4.6838096774193545,Débil,90.3,7.82967032967033,0.9725274725274725,2.967032967032967,7.3076923076923075,4.774175824175825,3.9560439560439558,0.07441372398217906,0.11847256167282387,0.0547580711232026,-0.01971598510283539,0.05460226265429918,,0.9937798417789561,0.9580285284744481,0.34643039504430995,0.581193586982789,,,,,160.00999450683594,0.3085626542113127,0.17652937063901364,-0.5618685290467513,0.9558732979689026,0.2759350547171346,3.597,63804116992.0,0.8200000000000001,False,4.637362637362637,5.807692307692307,-0.5395459758025076,-0.3540135674134023,0.4365769507615329,0.0,,62.61963665781616,-0.18337249916751835,27.55218,3.2331781,1.9251407,-2.212,-0.63562,0.0,-68.081116,0.069,0.747,14.938,5.39,-22587523072.0
BULL,Webull Corporation,Technology,Software - Application,134,5.028876674937965,Neutral,90.3,6.510989010989011,4.824175824175825,5.824175824175825,5.0,4.774175824175825,3.9560439560439558,0.07441372398217906,0.11847256167282387,0.0547580711232026,-0.01971598510283539,0.05460226265429918,,0.9937798417789561,0.9580285284744481,0.34643039504430995,0.581193586982789,0.11095516593046457,,,,7.340000152587891,-0.09834654047761937,0.03720662916159956,-0.5119680749609115,0.6311111450195312,0.26944972984704846,0.584,3960813824.0,0.8200000000000001,False,7.291208791208791,3.0,-0.29157607357633797,0.037762365652431386,0.7370571845975624,0.0,,40.562963410035216,-0.26599998474121095,12.032787,23.67742,3.7258883,18.724,0.04723,0.06337,0.22273001,0.519,0.747,7.544,1.214,
VZ,Verizon Communications Inc.,Communication Services,Telecom Services,137,5.018233161290324,Neutral,90.3,5.8,6.88,2.4000000000000004,1.2,4.796000000000001,9.8,0.028455075533460356,0.047302348120855174,0.03784409935648077,-0.006732534589445632,-0.0352478494106044,,0.9931295589711637,0.9528112841274767,0.12053610827650585,0.2012680211190514,-0.0018038813592410887,-0.022425724631001707,,,45.91999816894531,-0.04879881495603766,-0.010105927099961387,-0.11145514378975785,0.19614478168651495,0.5665912843450197,0.24,190787272704.0,6.15,False,6.059999999999999,5.859999999999999,0.012346578005359987,0.0915502577947056,0.11422521864562962,0.0,,34.56734771215524,-0.10748304202120675,11.958333,8.696212,1.8359188,7.521,0.15842,0.11643,0.22999,-0.007,-0.22,184.081,0.604,17466624000.0
NVO,Novo Nordisk A/S,Healthcare,Drug Manufacturers - General,65,5.521954233870968,Neutral,90.3,6.8359375,9.53125,1.953125,3.90625,4.7640625000000005,9.84375,0.028455075533460356,0.047302348120855174,0.03784409935648077,-0.006732534589445632,-0.0352478494106044,,0.9931295589711637,0.9528112841274767,0.12053610827650585,0.2012680211190514,,,,,37.31999969482422,-0.1687603638828553,-0.18365919094709937,-0.41832918181383694,0.0626423603309858,0.07575756524876795,0.344,164789452800.0,4.8,False,8.34375,1.4375,-0.30536942643774634,0.22861445423769258,0.22973862206019402,0.0,,27.07456472608891,-0.26764412789649655,9.472081,11.12214,4.922994,1.501,0.59815,0.35347,0.42540002,0.021,-0.206,63.327,0.873,37673250816.0
AG,First Majestic Silver Corp.,Basic Materials,Silver,122,5.0980828698553955,Neutral,90.3,3.275862068965517,6.724137931034482,8.103448275862068,7.241379310344827,4.775862068965519,1.3793103448275863,0.028455075533460356,0.047302348120855174,0.03784409935648077,-0.006732534589445632,-0.0352478494106044,,0.9931295589711637,0.9528112841274767,0.12053610827650585,0.2012680211190514,,,,,17.670000076293945,-0.06648210750544448,-0.12358797840991265,-0.44850187027796673,0.7340530006176591,0.3423340996015536,2.186,8709655552.0,0.34,False,5.551724137931035,3.8103448275862064,-0.4489360849899463,0.0889979957728643,0.400679111099981,0.0,,40.00603105176873,-0.2688917290545129,25.242857,17.939087,2.935216,8.699,0.13430001,0.21183,0.47792,0.573,1.024,9.812,2.568,775141888.0
UAA,"Under Armour, Inc.",Consumer Cyclical,Apparel Manufacturing,293,4.221400348735832,Débil,90.3,4.425675675675675,1.5405405405405408,3.0405405405405403,6.351351351351351,4.727027027027028,5.135135135135135,0.013466854559286846,0.00641521248646216,0.17413402323074625,-0.02615937933969528,-0.0352478494106044,,0.9925326961677924,0.6035688454817705,0.055309791349987814,0.025914492399164768,,,,,4.710000038146973,-0.13336276622010512,-0.2107181395492258,-0.42208588488994203,0.1404358445876448,0.14427861645447082,1.617,2023159552.0,3.08,False,5.8108108108108105,4.418918918918918,-0.5347957141547504,0.05052375819739599,0.3314331102356385,0.0,,43.91770103984469,-0.3660834257111757,19.807425,23.990221,1.4165413,17.183,-0.29825002,-0.09989,-0.01604,-0.032,0.1395,96.356,1.81,102217624.0
AVGO,Broadcom Inc.,Technology,Semiconductors,72,5.493692803970223,Neutral,90.3,3.2967032967032965,9.054945054945055,8.351648351648352,4.340659340659341,6.789010989010989,2.802197802197802,0.1341329854419091,0.1696336061523652,0.09475301076980255,-0.05229982212865794,0.090010577531549,,0.9689499479137168,0.9580285284744481,0.7028717186469573,0.956450650010132,0.1807327934888661,0.2410127083603687,,,355.1400146484375,-0.050349561813011645,-0.03342367490693099,-0.28254542495265156,0.2247896766741535,0.31788926379456456,1.457,1695307005952.0,0.76,False,4.445054945054945,4.2967032967032965,-0.8292115183652113,0.01804776323614526,0.496071628329358,0.0,,47.84855831790472,-0.26002494894927125,45.356323,18.321383,17.006992,32.068,0.44245,0.42944,0.54307,0.855,2.153,59.604,2.504,30596499456.0
FISV,"Fiserv, Inc.",,,361,0.0,Evitar,90.3,0.0,0.0,0.0,0.0,0.0,0.0,0.028455075533460356,0.047302348120855174,0.03784409935648077,-0.006732534589445632,-0.0352478494106044,,0.9931295589711637,0.9528112841274767,0.12053610827650585,0.2012680211190514,,,,,44.36000061035156,-0.13171471445331762,-0.22004463098754967,-0.6583750434320249,0.011169377942821246,0.005699006866149861,,23589171200.0,2.385,False,0.0,0.0,-0.5071466140486826,0.028555342829062115,0.34736765504129963,0.0,,29.163879143646824,-0.3083878853682866,8.498085,5.5283804,0.8755206,11.412,0.11771999699999999,0.10509499750000001,0.172419995,0.145,0.306,63.212,1.55,
CELH,"Celsius Holdings, Inc.",Consumer Defensive,Beverages - Non-Alcoholic,301,4.172687634408603,Débil,90.3,3.154761904761905,4.0,4.523809523809524,9.166666666666668,4.823809523809524,3.333333333333333,0.003854506623614832,0.014288791474738315,0.0,0.028690686208770404,-0.1069229189439744,,0.8643328893944904,0.8774866308495723,0.015236764355886168,0.05932175918302596,,,,,26.75,-0.08998128933492089,-0.2673882322009574,-0.5991908900209769,0.1353989813242784,0.0738767948124132,0.922,6768687104.0,3.0,False,3.345238095238095,1.7976190476190474,-0.8149490229884374,0.051654623507915075,0.5807742056074767,0.0,,37.877140851147004,-0.2647059039411442,116.304344,15.452869,5.649419,13.01,0.05113,0.04237,0.19087,0.106,-0.569,22.802,1.798,349633984.0
SAN,"Banco Santander, S.A. Sponsored",Financial Services,Banks - Diversified,142,5.008383269546199,Neutral,90.3,5.656779661016949,7.305084745762711,2.3728813559322033,5.0,4.711864406779662,3.389830508474576,0.028455075533460356,0.047302348120855174,0.03784409935648077,-0.006732534589445632,-0.0352478494106044,,0.9931295589711637,0.9528112841274767,0.12053610827650585,0.2012680211190514,0.02446489764150152,,,,13.359999656677246,-0.07389438120911929,0.042076951197666634,-0.11229238161612987,0.38877335308495287,0.6887660509534522,0.933,193671970816.0,2.1,False,5.389830508474576,5.6525423728813555,0.05415654457173735,0.022540040223670094,0.10728520809552444,0.0,,33.97415698517386,-0.11229239286641482,13.36,9.334628,1.5155346,7.49,0.13109,0.33464,0.43438998,0.102,0.087,140.535,1.5739999999999998,
U,Unity Software Inc.,Technology,Software - Application,253,4.514957320099256,Débil,90.3,3.956043956043956,1.6153846153846154,4.230769230769231,3.406593406593407,4.774175824175825,3.9560439560439558,0.07441372398217906,0.11847256167282387,0.0547580711232026,-0.01971598510283539,0.05460226265429918,,0.9937798417789561,0.9580285284744481,0.34643039504430995,0.581193586982789,,,,,43.61000061035156,0.06281866550217785,0.3658921790960419,-0.16375837755797573,1.5989273307718452,0.7585524628315398,2.057,19192279040.0,0.8200000000000001,False,6.906593406593407,8.434065934065934,-0.5395459758025076,0.031242830450218383,0.1325383927712318,0.0,,56.66104308770085,-0.07429420408945907,27.55218,25.049543,6.324873,132.929,-0.17381,-0.28966,-0.05179,0.239,0.747,70.183,2.026,599621120.0
CCL,Carnival Corporation Ltd.,Consumer Cyclical,Travel Services,106,5.193286573670444,Neutral,90.3,6.4189189189189175,7.756756756756756,2.7027027027027026,1.756756756756757,4.727027027027028,1.0810810810810811,0.011284559342851185,0.00207211823005725,0.5051815060093208,-0.02781019478795439,-0.0352478494106044,,0.9974448386643848,0.07239411815528332,0.046190053640080775,0.008287292750485342,0.010288515138567681,0.015048106028017108,,,25.760000228881836,0.01976185349956605,-0.06305296228090451,-0.24302085721769517,0.20093241160288278,0.3426073313896531,2.312,34637160448.0,1.79,False,7.182432432432432,7.905405405405405,-0.147056661728032,0.05218744656374899,0.31718826469408135,0.0,,63.598150384006026,-0.16197679933820183,11.348018,10.053468,2.7253492,7.909,0.23998,0.113690004,0.26426,0.035,0.05,177.11,0.274,1807624960.0
HPQ,HP Inc.,Technology,Computer Hardware,104,5.2259404466501245,Neutral,90.3,8.351648351648352,4.928571428571429,1.3736263736263736,4.450549450549452,2.447802197802198,9.615384615384615,0.02545891031106756,0.03136455227261666,-0.012654624501837377,-0.08613789015650314,0.1652877934342566,,0.9881210301446604,0.8411913731950685,0.1070443198198161,0.13484411980177113,0.030391739886552988,0.007640122241086587,,,32.119998931884766,0.055551138755841833,0.3615996223758797,-0.11344192846026036,0.8291571145720256,0.7798606819434798,1.205,28965525504.0,3.73,False,6.0989010989010985,8.098901098901099,-0.80837200234707,0.1170313634921581,-0.07644112744497822,0.0,,53.06036243919609,-0.09470125855981844,12.259542,10.235916,-314.90195,7.585,0.21465999,0.04143,0.05396,0.125,-0.113,3.037,0.788,3389874944.0
KVYO,"Klaviyo, Inc. Series A",Technology,Software - Application,278,4.347225310173697,Débil,90.3,5.714285714285714,2.6043956043956045,4.615384615384615,6.978021978021978,4.774175824175825,3.9560439560439558,0.07441372398217906,0.11847256167282387,0.0547580711232026,-0.01971598510283539,0.05460226265429918,,0.9937798417789561,0.9580285284744481,0.34643039504430995,0.581193586982789,,,,,15.710000038146973,-0.10640137207222888,-0.18459078820397312,-0.5290061448614308,0.25379090488004574,0.15270108226396034,0.569,4701685760.0,0.8200000000000001,False,4.906593406593407,2.324175824175824,-0.9043381735211422,0.060540307993701394,0.6913704605652029,0.0,,43.30551116265049,-0.3266180844611258,523.6667,14.853404,4.6951585,-344.949,0.00658,0.00489,-0.04038,0.264,0.747,11.781,3.13,284641504.0
KO,Coca-Cola Company (The),Consumer Defensive,Beverages - Non-Alcoholic,111,5.177639247311828,Neutral,90.3,1.7261904761904763,9.404761904761905,6.904761904761905,5.7142857142857135,4.823809523809524,1.9047619047619047,0.003854506623614832,0.014288791474738315,0.0,0.028690686208770404,-0.1069229189439744,,0.8643328893944904,0.8774866308495723,0.015236764355886168,0.05932175918302596,0.01714545445327785,0.026079659089711906,,,85.6500015258789,-0.02502713161189929,0.07145070577362311,-0.07395392446881921,0.30088094662635023,0.7433396444982705,0.342,368513318912.0,2.46,False,2.511904761904762,7.845238095238095,-0.7070783356248345,0.014161631843885197,0.10510412508750644,0.0,,38.372541678494684,-0.06336460702805455,25.720722,24.288364,10.195215,23.562,0.42054,0.28558,0.34873,0.067,0.169,115.519,1.305,5218749952.0
OKLO,Oklo Inc.,Utilities,Utilities - Independent Power Producers,135,5.026942741935485,Neutral,90.3,5.46875,1.8125,5.625,9.375,5.106250000000001,5.625,0.028455075533460356,0.047302348120855174,0.03784409935648077,-0.006732534589445632,-0.0352478494106044,,0.9931295589711637,0.9528112841274767,0.12053610827650585,0.2012680211190514,,,,,35.869998931884766,-0.1201864377756987,-0.39904874906163534,-0.814950480128535,0.04333911960106929,0.009344029423584366,1.195,6672452608.0,3.04,False,6.78125,2.9375,-0.20678824649331928,-0.0358676028231447,1.1124896084857077,0.0,,39.79268419347289,-0.5494850829627155,18.3367265,-34.157024,2.0281577,-19.657,-0.07696,0.0,-60.4876,0.08499999999999999,0.1975,0.127,48.463,-239324880.0
MCHP,Microchip Technology Incorporat,Technology,Semiconductors,141,5.011698014888338,Neutral,90.3,3.598901098901099,5.142857142857142,6.593406593406593,2.9120879120879124,6.570879120879123,9.12087912087912,0.15157463111841535,0.18686876297458943,0.08644022771707216,-0.014252269139233852,0.046344533934074575,,0.993489689607621,0.9967601092747992,0.8356987558501576,1.1192808609591967,0.08682186829222772,0.21541375735617066,,,81.31999969482422,0.07288549328489013,0.03173354193192779,-0.232178267445716,0.6760098865380093,0.5715281354735009,1.736,44157468672.0,2.32,False,4.752747252747253,4.439560439560439,-0.8342106734558759,0.03090671945299682,0.3261190408841541,0.0,,63.36238748615214,-0.20349267502681984,119.588234,17.741707,6.8451176,31.706,0.0719,0.0934,0.23958,0.38,1.4365,83.688,1.921,1364762496.0
DKNG,DraftKings Inc.,Consumer Cyclical,Gambling,357,3.209363295553618,Débil,90.3,3.0405405405405403,2.081081081081081,2.8378378378378377,1.6216216216216215,4.727027027027028,5.135135135135135,0.013466854559286846,0.00641521248646216,0.17413402323074625,-0.02615937933969528,-0.0352478494106044,,0.9925326961677924,0.6035688454817705,0.055309791349987814,0.025914492399164768,,,,,18.59000015258789,-0.21328152787633026,-0.2795927838143647,-0.4972958314605762,0.0037797058632771385,0.0037919909310883564,1.628,9229080576.0,3.08,False,5.716216216216216,1.8783783783783783,-0.5347957141547504,0.05003149904235921,0.8726465688142448,0.0,,27.51945305906547,-0.38074617358041357,19.807425,11.063633,16.19338,85.796,-0.21139,-0.026819998,-0.04724,-0.046,0.1395,336.48,1.017,461744736.0
WU,Western Union Company (The),Financial Services,Credit Services,270,4.3961798797156915,Débil,90.3,7.669491525423728,5.050847457627119,0.847457627118644,0.5932203389830508,4.711864406779662,9.830508474576272,0.028455075533460356,0.047302348120855174,0.03784409935648077,-0.006732534589445632,-0.0352478494106044,,0.9931295589711637,0.9528112841274767,0.12053610827650585,0.2012680211190514,,,,,6.0,-0.14466556423561616,-0.28710189096223415,-0.42028985507246375,0.022146507666098714,0.029017857142857123,0.537,1871273856.0,15.61,False,7.6440677966101696,1.4237288135593222,0.5079290434234629,0.19092609393031568,0.14583333333333326,0.0,,33.269348417560934,-0.3276304511848706,4.83871,3.9686477,2.0449898,4.39,0.43975,0.097950004,0.13038,-0.013,-0.351,294.873,0.277,357275008.0
CRCL,"Circle Internet Group, Inc.",Financial Services,Capital Markets,345,3.617101694915254,Débil,90.3,1.2288135593220337,3.9491525423728815,5.169491525423728,5.296610169491526,4.711864406779662,2.0338983050847457,0.028455075533460356,0.047302348120855174,0.03784409935648077,-0.006732534589445632,-0.0352478494106044,,0.9931295589711637,0.9528112841274767,0.12053610827650585,0.2012680211190514,,,,,81.25,0.002819001352725614,-0.05541927758466347,-0.4904997805229824,0.6282565130260522,0.2861184630829607,,22148272128.0,1.7650000000000001,False,2.7796610169491527,3.8813559322033893,-0.5140855389763002,0.009311307663557348,0.2925230769230769,0.0,,43.811070417694275,-0.3833484867382519,16.282566,54.194847,5.8524814,84.493,0.15347,0.15531999,0.04899,0.066,0.624,0.454,1.035,206229376.0
COHR,Coherent Corp.,Technology,Scientific & Technical Instruments,274,4.376941191066997,Débil,90.3,3.241758241758242,4.637362637362637,4.56043956043956,4.7252747252747245,4.774175824175825,3.9560439560439558,0.07441372398217906,0.11847256167282387,0.0547580711232026,-0.01971598510283539,0.05460226265429918,,0.9937798417789561,0.9580285284744481,0.34643039504430995,0.581193586982789,,,,,337.0400085449219,0.13652997063218586,0.16934330725459779,-0.23399998057972304,2.115260269386467,0.6897019636084563,2.104,66003300352.0,0.8200000000000001,False,3.7142857142857144,6.098901098901099,-0.7868005855701865,-0.009847714107228043,0.22395006391360783,0.0,,60.69611364565055,-0.2104757736662241,81.80583,23.996212,6.0509877,45.247,0.07981,0.11309,0.118269995,0.337,0.637,31.612,2.427,-649981632.0
GGB,Gerdau S.A.,Basic Materials,Steel,15,6.079597330367075,Neutral,90.3,7.2844827586206895,3.2758620689655173,4.655172413793103,6.379310344827585,4.775862068965519,7.241379310344827,0.028455075533460356,0.047302348120855174,0.03784409935648077,-0.006732534589445632,-0.0352478494106044,,0.9931295589711637,0.9528112841274767,0.12053610827650585,0.2012680211190514,,,,,5.010000228881836,0.03748192770383851,0.15355396580365088,-0.032818488632850196,0.60063905076097,0.9170732823813835,0.894,9828629504.0,3.75,False,8.025862068965516,9.706896551724137,0.024243777427295887,0.2693963058555025,0.11916016843204913,0.0,,56.12073481955105,-0.027184439590890393,22.772728,8.632179,0.9418045,1.937,0.041810002,0.03217,0.12746,0.02,0.735,28.232,2.87,2647796480.0
CPRT,"Copart, Inc.",Industrials,Specialty Business Services,44,5.7229917562724015,Neutral,90.3,6.620370370370371,8.092592592592592,1.6666666666666665,9.166666666666668,4.7851851851851865,5.185185185185185,0.005678587970145469,-0.016064902312837134,-0.0380484571197403,-0.0419765938210281,-0.07717068044928652,,0.9995239832329799,0.5526366966844796,0.022972874468244253,-0.06275076522650413,0.005894073774925673,-0.04042528502029925,,,27.219999313354492,-0.10728343543860219,-0.18875101887884027,-0.40684246429822424,0.01795061007309262,0.025065238295273823,1.029,25214713856.0,1.01,False,7.601851851851851,3.0925925925925926,-0.3200971623561236,0.03510338182122101,0.4327700581853462,0.0,,31.075911769614592,-0.20872098529190306,17.56129,15.548777,2.7716117,11.196,0.1616,0.31809,0.32011002,0.024,-0.15,0.97,7.912,885121728.0
LYG,Lloyds Banking Group Plc,Financial Services,Banks - Regional,151,4.965101148168398,Débil,90.3,6.165254237288136,5.610169491525424,2.9661016949152543,5.0,4.711864406779662,6.610169491525424,0.028455075533460356,0.047302348120855174,0.03784409935648077,-0.006732534589445632,-0.0352478494106044,,0.9931295589711637,0.9528112841274767,0.12053610827650585,0.2012680211190514,,,,,5.5,-0.07992907089564727,-0.020271473867968237,-0.13249211356466872,0.24434389140271495,0.5625000000000001,0.906,79074033664.0,4.02,False,5.4491525423728815,4.720338983050848,0.09267958510373897,0.022540040223670094,0.1959090909090908,0.0,,35.81127986325518,-0.1143317284678846,13.095239,8.55818,1.4390751,7.49,0.113400005,0.26431,0.44961,0.123,0.177,140.535,1.5739999999999998,
BABA,Alibaba Group Holding Limited,Consumer Cyclical,Internet Retail,250,4.5238436791630345,Débil,90.3,5.608108108108108,4.513513513513514,3.3108108108108105,7.162162162162163,4.727027027027028,0.40540540540540543,0.013466854559286846,0.00641521248646216,0.17413402323074625,-0.02615937933969528,-0.0352478494106044,,0.9925326961677924,0.6035688454817705,0.055309791349987814,0.025914492399164768,0.02080843330954967,-0.09616621588752969,,,105.8499984741211,-0.09560217026328699,-0.19294520129005943,-0.4460145576274607,0.15066853434200556,0.13988694463182377,0.5,263327809536.0,0.98,False,4.581081081081081,4.472972972972973,-0.22813154746443032,-0.3138450275860499,0.7518630389525824,0.0,,35.62936373448336,-0.26738826485981443,23.893906,11.522639,1.5805521,1.974,0.0636,0.07039,0.07295,0.086,-0.794,23.928,1.362,-82644123648.0
TSM,Taiwan Semiconductor Manufactur,Technology,Semiconductors,29,5.8562799007444175,Neutral,90.3,4.175824175824176,9.08791208791209,5.879120879120879,5.549450549450549,6.570879120879123,5.164835164835165,0.15157463111841535,0.18686876297458943,0.08644022771707216,-0.014252269139233852,0.046344533934074575,,0.993489689607621,0.9967601092747992,0.8356987558501576,1.1192808609591967,,,,,472.7799987792969,0.11570079919296328,0.2240545986121949,-0.012985388769735096,0.7719061493864661,0.9706852614727913,1.247,2452061159424.0,0.89,False,5.29120879120879,5.4010989010989015,-0.9189786270067621,0.2980455898953492,0.16811075220169314,0.0,,71.6818845852708,-0.007374186630546458,35.25578,21.563414,97.21941,5.255,0.39969003,0.49923,0.60344005,0.36,0.774,16.504,2.458,730826014720.0
UMC,United Microelectronics Corpora,Technology,Semiconductors,6,6.480793548387098,Neutral,90.3,5.906593406593407,7.23076923076923,6.153846153846153,5.4945054945054945,6.570879120879123,8.681318681318682,0.15157463111841535,0.18686876297458943,0.08644022771707216,-0.014252269139233852,0.046344533934074575,,0.993489689607621,0.9967601092747992,0.8356987558501576,1.1192808609591967,,,,,26.270000457763672,0.2619130186843668,0.6712631465020005,-0.09288672452473512,2.769010108717887,0.8776716897573293,1.703,65882759168.0,1.59,False,7.675824175824175,6.6428571428571415,-0.560244089232469,0.5599435810198762,-0.29609251321748287,0.0,,68.2915543220613,-0.045620213132327336,24.551401,29.914822,4.738958,-0.187,0.21327999,0.33293,0.21712999,0.17,3.746,14.293,2.166,36890628096.0
APP,Applovin Corporation,Communication Services,Advertising Agencies,176,4.828408967741936,Débil,90.3,1.9500000000000002,9.74,7.800000000000001,6.5,4.796000000000001,6.6000000000000005,0.028455075533460356,0.047302348120855174,0.03784409935648077,-0.006732534589445632,-0.0352478494106044,,0.9931295589711637,0.9528112841274767,0.12053610827650585,0.2012680211190514,,,,,268.2200012207031,-0.19532422469269461,-0.4146874534873731,-0.6365631885466279,0.005171643009680427,0.0029288817639135556,2.488,90105700352.0,2.89,False,2.7699999999999996,0.67,-0.8041517428999054,0.03529139900780336,0.8531260448060669,0.0,,28.395444102172178,-0.5629460715568321,20.632307,12.784076,28.431206,17.471,2.03686,0.64575994,0.77678,0.528,0.57,111.13,4.3,3179956224.0
FCX,"Freeport-McMoRan, Inc.",Basic Materials,Copper,261,4.467623470522803,Débil,90.3,1.896551724137931,5.620689655172415,2.5,5.344827586206897,4.775862068965519,3.103448275862069,0.028455075533460356,0.047302348120855174,0.03784409935648077,-0.006732534589445632,-0.0352478494106044,,0.9931295589711637,0.9528112841274767,0.12053610827650585,0.2012680211190514,-0.02093035676096179,-0.10299283802381323,,,72.04000091552734,0.023807371235722075,0.13466778467343787,-0.10219340833091539,0.8692268011294071,0.8033573361037734,1.401,103450705920.0,0.87,False,3.3793103448275863,8.844827586206897,-0.6480806251341591,0.02087225892561604,0.010171142076078388,0.0,,51.66379974081692,-0.098485826378628,35.31373,17.329182,5.144612,12.338,0.14755,0.113850005,0.33404,-0.073,0.281,32.149,2.066,2159249920.0
ALM,Almonty Industries Inc.,Basic Materials,Other Industrial Metals & Mining,220,4.651270300333705,Débil,90.3,1.4655172413793105,8.948275862068966,5.862068965517241,4.741379310344827,4.775862068965519,8.793103448275861,0.028455075533460356,0.047302348120855174,0.03784409935648077,-0.006732534589445632,-0.0352478494106044,,0.9931295589711637,0.9528112841274767,0.12053610827650585,0.2012680211190514,,,,,13.399999618530273,-0.10698222504513255,-0.14469361401870995,-0.4510446694579978,1.46550130975718,0.41976282574599594,1.39,3865641728.0,5.01,False,2.2327586206896552,3.327586206896552,-0.8065446106234642,-0.012899928009055267,0.818859678644769,0.0,,41.97813774620639,-0.42783947161067937,60.90909,11.291611,9.870491,659.802,0.38221002,1.2523,0.37512,4.977,-0.09,147.363,9.581,-49866500.0
ET,Energy Transfer LP,Energy,Oil & Gas Midstream,238,4.596658387096774,Débil,90.3,4.0,4.15,6.75,2.5,4.832500000000001,9.0,0.028455075533460356,0.047302348120855174,0.03784409935648077,-0.006732534589445632,-0.0352478494106044,,0.9931295589711637,0.9528112841274767,0.12053610827650585,0.2012680211190514,,,,,20.469999313354492,-0.017678933442371147,0.06218748950419095,-0.06272896916875037,0.2651421083655434,0.757950408719875,0.566,70484336640.0,6.77,False,4.225,5.074999999999999,-0.14677376922560137,0.04482024152593344,0.20664390955235068,0.0,,45.89149631687689,-0.05798436518292553,14.020547,11.736375,2.2043936,9.168,0.14562,0.04921,0.1041,0.784,0.853,138.33,1.164,3159124992.0
GLW,Corning Incorporated,Technology,Electronic Components,339,3.779902729528536,Débil,90.3,2.3076923076923075,5.582417582417582,2.3626373626373627,2.9670329670329667,4.774175824175825,2.5274725274725274,0.07441372398217906,0.11847256167282387,0.0547580711232026,-0.01971598510283539,0.05460226265429918,,0.9937798417789561,0.9580285284744481,0.34643039504430995,0.581193586982789,0.03939705155015752,0.04402354675774072,,,164.19000244140625,0.07465724358770331,0.0936762244251439,-0.3958716519191763,1.1215919684895495,0.44652503956688233,1.151,141431357440.0,0.7,False,3.368131868131868,5.5769230769230775,-0.8415460651921832,0.0051933318133611205,0.14143222616054696,0.0,,56.67612484531535,-0.3566460509239656,75.66359,37.707382,11.843757,35.649,0.16813,0.111999996,0.15649,0.166,0.185,71.448,1.813,734499968.0
RBLX,Roblox Corporation,Communication Services,Electronic Gaming & Multimedia,303,4.121058967741935,Débil,90.3,6.05,1.08,6.5,1.5000000000000002,4.796000000000001,6.6000000000000005,0.028455075533460356,0.047302348120855174,0.03784409935648077,-0.006732534589445632,-0.0352478494106044,,0.9931295589711637,0.9528112841274767,0.12053610827650585,0.2012680211190514,0.07324144064544144,0.14059797156820483,,,44.119998931884766,0.03797596873567288,-0.20686142308542477,-0.6891863407405088,0.30224317980769655,0.09475339069015234,1.474,31518265344.0,2.89,False,4.869999999999999,4.319999999999999,-0.35154359710662797,0.04684124179699018,0.1100342517145172,0.0,,48.576697206926,-0.2864305737457525,17.117153,-35.314365,207.13614,-34.993,-4.32275,-0.17607,-0.13274,0.359,0.024,1423.256,0.821,1476354688.0
CSX,CSX Corporation,Industrials,Railroads,22,5.93210943847073,Neutral,90.3,5.185185185185185,8.87037037037037,6.296296296296296,2.7777777777777777,4.7851851851851865,8.518518518518519,0.028455075533460356,0.047302348120855174,0.03784409935648077,-0.006732534589445632,-0.0352478494106044,,0.9931295589711637,0.9528112841274767,0.12053610827650585,0.2012680211190514,0.025510559986384296,0.03139622671839374,,,47.43000030517578,-0.04271550899407861,0.07192134057234179,-0.11511193460492952,0.4103479127319589,0.6910365701139599,1.207,87862886400.0,1.2,False,6.62962962962963,7.092592592592592,-0.6373187400387452,0.022230661067833984,0.11502592577948745,0.0,,45.01875625591524,-0.1065217889642076,27.416185,20.856146,6.2391477,15.265,0.24357,0.22208999,0.38424,0.101,0.227,138.068,0.82,1953250048.0
PBR-A,Petroleo Brasileiro S.A. Petrob,Energy,Oil & Gas Integrated,4,6.521844677419355,Buena,90.3,9.0,8.799999999999999,4.5,2.25,4.832500000000001,10.0,0.028455075533460356,0.047302348120855174,0.03784409935648077,-0.006732534589445632,-0.0352478494106044,,0.9931295589711637,0.9528112841274767,0.12053610827650585,0.2012680211190514,,,,,19.600000381469727,0.11694915496356972,0.20859709514123792,-0.022443871248392755,0.8215613737425396,0.9515608591463645,-0.213,134191677440.0,8.76,False,8.425,7.2,0.825638614966824,0.7022799835417275,0.15476171221904922,0.0,,66.54780971558111,0.0,4.949495,4.875622,1.3639297,1.798,0.30274,0.24317,0.44679,0.423,0.968,76.067,0.854,94240129024.0
ON,ON Semiconductor Corporation,Technology,Semiconductors,167,4.885525558312655,Débil,90.3,5.137362637362638,5.076923076923077,2.3076923076923075,5.0,6.570879120879123,5.604395604395604,0.15157463111841535,0.18686876297458943,0.08644022771707216,-0.014252269139233852,0.046344533934074575,,0.993489689607621,0.9967601092747992,0.8356987558501576,1.1192808609591967,0.022233196532587072,0.19367128215892077,,,84.88999938964844,0.10605862396936083,0.05708297135887208,-0.3708123377583128,0.9050717995881605,0.4463258011249274,1.997,33049257984.0,0.91,False,6.252747252747252,3.4670329670329667,-0.7043259559227615,0.05012669224834116,0.2282863794285135,0.0,,65.4948818947478,-0.366161397506003,56.218544,18.74448,4.578008,15.331,0.08312,0.10168,0.19532,0.092,0.366,65.055,3.464,1656649984.0
CBRS,Cerebras Systems Inc.,Technology,Semiconductors,202,4.716299751861042,Débil,90.3,5.0,2.868131868131868,7.362637362637363,7.197802197802197,6.570879120879123,5.604395604395604,0.15157463111841535,0.18686876297458943,0.08644022771707216,-0.014252269139233852,0.046344533934074575,,0.993489689607621,0.9967601092747992,0.8356987558501576,1.1192808609591967,,,,,166.42999267578125,-0.17660193465761798,-0.2151433035503968,-0.5692136649692466,0.03494802982265566,0.024919047026033116,,39537782784.0,0.91,False,4.406593406593407,0.6098901098901099,-0.8242870859284963,0.01563045915805468,0.7523064521677327,0.0,,35.803832356214585,-0.46497576507812804,45.356323,130.66861,4.1325455,-69.798,0.16765999999999998,-0.75271004,-2.64968,0.743,1.4365,16.244,5.825,
QCOM,QUALCOMM Incorporated,Technology,Semiconductors,75,5.463891563275435,Neutral,90.3,5.7142857142857135,7.065934065934066,0.32967032967032966,3.681318681318681,6.570879120879123,8.791208791208792,0.15157463111841535,0.18686876297458943,0.08644022771707216,-0.014252269139233852,0.046344533934074575,,0.993489689607621,0.9967601092747992,0.8356987558501576,1.1192808609591967,-0.009373768511459518,-0.07692903354692991,,,184.8699951171875,0.08002978957434137,0.09241308613168053,-0.28874270884430786,0.5154520462102428,0.4558833837249873,1.679,197452333056.0,2.02,False,6.829670329670329,5.868131868131869,-0.611533252332312,0.05186568469208982,0.05010729229987021,0.0,,52.56730836073505,-0.2567816548435861,21.10388,18.117386,7.0650053,16.518,0.33754003,0.21013,0.18528,-0.04,-0.23,55.21,2.016,10241000448.0
FRVO,Fervo Energy Company,Utilities,Utilities - Renewable,120,5.11068870967742,Neutral,90.3,7.34375,3.1875,5.625,8.125,5.106250000000001,5.625,0.028455075533460356,0.047302348120855174,0.03784409935648077,-0.006732534589445632,-0.0352478494106044,,0.9931295589711637,0.9528112841274767,0.12053610827650585,0.2012680211190514,,,,,14.449999809265137,-0.21458001449819342,-0.4339743260439879,-0.6611957840735021,0.0751487953322274,0.03457719305940216,,4259328256.0,3.04,False,5.25,2.5625,-0.20678824649331928,-0.110858863713106,1.7039052260020062,0.0,,40.217659150562014,-0.6600000044878791,18.3367265,-52.95756,1.52394,-34.935,0.086330004,0.0,-254.35399,0.08499999999999999,0.1975,11.349,8.616,
AA,Alcoa Corporation,Basic Materials,Aluminum,145,4.984412680756396,Débil,90.3,7.887931034482759,4.862068965517241,7.241379310344827,4.310344827586207,4.775862068965519,3.793103448275862,0.028455075533460356,0.047302348120855174,0.03784409935648077,-0.006732534589445632,-0.0352478494106044,,0.9931295589711637,0.9528112841274767,0.12053610827650585,0.2012680211190514,,,,,41.95000076293945,-0.11958527613038428,-0.276959736173222,-0.5028442668530522,0.24222685113827214,0.16162815180674672,1.631,11071001600.0,0.95,False,7.663793103448275,0.39655172413793116,0.31185903878106047,0.08678076751429609,0.4932459799938911,0.0,,30.438470564427192,-0.49837199239393387,8.70332,7.332083,1.5021844,5.21,0.18226999,0.09388,0.18356001,0.314,1.468,29.918,1.535,960750016.0
XOM,ExxonMobil Holdings Corporation,Energy,Oil & Gas Integrated,193,4.74497370967742,Débil,90.3,2.0,4.85,6.0,6.25,4.832500000000001,4.0,0.028455075533460356,0.047302348120855174,0.03784409935648077,-0.006732534589445632,-0.0352478494106044,,0.9931295589711637,0.9528112841274767,0.12053610827650585,0.2012680211190514,0.10751881475227347,0.2130091130460017,,,164.00999450683594,0.02252659970046733,0.10173939611456273,-0.07029083097989941,0.4857323535359719,0.8121780446355035,0.175,674394669056.0,2.51,False,3.0,8.149999999999999,-0.3597091484017102,0.030651192134918157,0.05730806541044231,0.0,,55.126046862620456,-0.0313608114085127,21.108107,14.50511,2.6000316,10.482,0.12584,0.09072,0.15859,0.441,1.128,15.921,1.135,20671000576.0
OCTV,Octave Intelligence plc,Technology,Software - Application,173,4.8509548387096775,Débil,90.3,7.6923076923076925,3.1648351648351647,2.4725274725274726,4.010989010989011,4.774175824175825,3.9560439560439558,0.07441372398217906,0.11847256167282387,0.0547580711232026,-0.01971598510283539,0.05460226265429918,,0.9937798417789561,0.9580285284744481,0.34643039504430995,0.581193586982789,,,,,19.030000686645508,0.019675541003788766,0.04089239353528229,-0.3656666437784831,0.23491243910743065,0.2481151944239553,,5108371456.0,0.8200000000000001,False,7.521978021978022,5.51098901098901,0.16280755541558256,0.037762365652431386,0.20486438111851202,0.0,,52.40509935650374,-0.24213459880202406,16.547827,12.728756,1.0056014,11.489,0.034315,-1.11261,0.16656,-0.036,0.747,13.736,1.029,
JBS,JBS N.V.,Consumer Defensive,Packaged Foods,87,5.329063978494624,Neutral,90.3,8.75,2.7857142857142856,7.142857142857142,4.642857142857143,4.823809523809524,9.761904761904761,0.003854506623614832,0.014288791474738315,0.0,0.028690686208770404,-0.1069229189439744,,0.8643328893944904,0.8774866308495723,0.015236764355886168,0.05932175918302596,,,,,11.670000076293945,-0.10063348107292458,-0.18337927894602424,-0.37426273049362224,0.09990575648387812,0.13184080550919727,,12497529856.0,12.36,False,6.845238095238095,2.2976190476190474,0.16517967149533241,0.06582130912894536,0.5519085588345134,0.0,,41.79789023756422,-0.31568426305804675,10.906542,8.687552,1.5195312,6.266,0.13378,0.01222,0.030650001,0.138,0.085,283.037,1.533,822603776.0
MPT,"Medical Properties Trust, Inc.",Real Estate,REIT - Healthcare Facilities,255,4.511380938416422,Débil,90.3,5.227272727272727,3.454545454545455,3.6363636363636362,3.636363636363636,4.981818181818183,8.181818181818182,0.028455075533460356,0.047302348120855174,0.03784409935648077,-0.006732534589445632,-0.0352478494106044,,0.9931295589711637,0.9528112841274767,0.12053610827650585,0.2012680211190514,,,,,3.2699999809265137,-0.1933892498947919,-0.31754860516398375,-0.4945904202586532,0.006153840285081147,0.006211174200780644,1.442,1952844032.0,10.68,False,6.772727272727272,3.045454545454545,-0.21622209968466777,0.3860774233095539,0.567278296603505,0.0,,29.913449284339706,-0.3598443729124331,21.908306500000002,65.4,0.43380207,11.933,-0.00622,-0.027320001,0.57359004,0.019,0.356,215.671,1.172,753948992.0
HRB,"H&R Block, Inc.",Consumer Cyclical,Personal Services,60,5.563960069747165,Neutral,90.3,6.216216216216216,9.45945945945946,2.22972972972973,2.22972972972973,4.727027027027028,9.45945945945946,0.013466854559286846,0.00641521248646216,0.17413402323074625,-0.02615937933969528,-0.0352478494106044,,0.9925326961677924,0.6035688454817705,0.055309791349987814,0.025914492399164768,,,,,41.68000030517578,-0.11345555993585366,0.07376603352364963,-0.28958581378599313,0.4801136472008445,0.44313340888809505,0.376,5105510912.0,4.35,False,5.243243243243243,6.945945945945946,-0.7359627219469338,0.12237695203656829,0.239603397833567,0.0,,36.17929552794363,-0.22370505037529603,7.325132,6.0231214,44.059196,6.174,7.13542,0.18594,0.3291,0.03,0.045,1789.419,1.133,624796864.0
ZETA,Zeta Global Holdings Corp.,Technology,Software - Infrastructure,276,4.356113399503722,Débil,90.3,3.076923076923076,2.5274725274725274,5.934065934065934,4.945054945054945,2.2395604395604405,7.032967032967034,0.05725986152961707,0.1087375499955198,-0.5886360533536672,6.216447174862654e-05,0.05460226265429918,,0.9966000446135956,0.9539245246136695,0.25752066717092936,0.581193586982789,,,,,32.630001068115234,0.15811071680468047,0.5398773510200676,-0.005486099722181281,1.271493287025077,0.9902413157015577,1.436,8133276160.0,1.45,False,5.829670329670329,7.423076923076923,-0.7169367248881723,0.031002959574902716,-0.030252560092001723,0.0,,64.96215399765046,-0.0015299644000501466,37.708862,26.994606,8.816536,69.373,-0.00271,-0.0013799999,0.03822,0.435,0.7725,23.772,2.382,252155632.0
AEO,"American Eagle Outfitters, Inc.",Consumer Cyclical,Apparel Retail,39,5.7931871839581515,Neutral,90.3,6.95945945945946,4.8108108108108105,6.351351351351352,5.54054054054054,4.727027027027028,1.6216216216216217,0.013466854559286846,0.00641521248646216,0.17413402323074625,-0.02615937933969528,-0.0352478494106044,,0.9925326961677924,0.6035688454817705,0.055309791349987814,0.025914492399164768,0.017106090348191078,-0.09334409536818578,,,17.709999084472656,0.05886849250078652,-0.08156496543693581,-0.3777231523375736,0.25960164185438517,0.2534721586439344,1.309,2967723520.0,2.78,False,7.702702702702703,8.445945945945946,0.2101041045161145,0.07101865877317305,0.04717396717766231,0.0,,60.38846598654592,-0.10242852016716521,9.128865,9.211292,1.6831399,8.389,0.20003,0.058590002,0.020580001,0.075,0.756,108.99,1.592,210763744.0
SLS,"SELLAS Life Sciences Group, Inc",Healthcare,Biotechnology,130,5.048000604838709,Neutral,90.3,6.0546875,2.1875,4.296875,9.6875,4.7640625000000005,5.15625,0.028455075533460356,0.047302348120855174,0.03784409935648077,-0.006732534589445632,-0.0352478494106044,,0.9931295589711637,0.9528112841274767,0.12053610827650585,0.2012680211190514,,,,,11.739999771118164,-0.04729446464130205,0.5181983060732025,-0.260705304085758,7.446043000804435,0.7142856984898663,2.525,2370842624.0,2.54,False,3.6953125,6.3125,-0.5518564054126069,-0.00690825060853976,1.768313512233107,0.0,,46.83241596751233,-0.24062097398770033,24.475063499999997,-117.399994,17.214077,-23.86,-0.39633998,0.0,0.0,0.021,0.262,0.535,18.827,-16378375.0
DFTX,"Definium Therapeutics, Inc.",Healthcare,Biotechnology,143,4.997783366935484,Débil,90.3,6.5625,1.875,4.296875,9.453125,4.7640625000000005,5.15625,0.028455075533460356,0.047302348120855174,0.03784409935648077,-0.006732534589445632,-0.0352478494106044,,0.9931295589711637,0.9528112841274767,0.12053610827650585,0.2012680211190514,,,,,37.400001525878906,-0.09317941163642551,0.3706738667066962,-0.24748487875495162,2.573817632668792,0.6865044354754405,2.236,5025324032.0,2.54,False,3.8046875,5.84375,-0.5518564054126069,0.0015146286988723277,0.9156967132855292,0.0,,43.45912083856337,-0.22807015610024411,24.475063499999997,-19.660309,5.470236,-23.86,-0.64087,0.0,0.0,0.021,0.262,3.97,6.947,7611500.0
RNW,ReNew Energy Global plc,Utilities,Utilities - Renewable,197,4.725335887096775,Débil,90.3,3.75,5.125,6.875,0.625,5.106250000000001,5.625,0.028455075533460356,0.047302348120855174,0.03784409935648077,-0.006732534589445632,-0.0352478494106044,,0.9931295589711637,0.9528112841274767,0.12053610827650585,0.2012680211190514,0.05054610751414418,0.02177719853889771,,,6.840000152587891,0.02767513335555316,0.174601837906305,-0.1627906789978102,0.559863204695072,0.6486129861526791,1.136,2493598208.0,3.04,False,3.0625,9.125,-0.2542806619738388,-28.419374622842206,0.11492389325674202,0.0,,60.24232627231835,-0.004366773430994027,22.064516,9.796208,1.833738,8.275,0.07739,0.07739,0.46874002,0.143,0.183,525.048,0.427,-70866501632.0
PINS,"Pinterest, Inc.",Communication Services,Internet Content & Information,247,4.546731225806451,Débil,90.3,2.25,3.52,7.1,8.0,4.796000000000001,2.2,0.028455075533460356,0.047302348120855174,0.03784409935648077,-0.006732534589445632,-0.0352478494106044,,0.9931295589711637,0.9528112841274767,0.12053610827650585,0.2012680211190514,,,,,19.260000228881836,-0.10894386120242439,-0.09397747979528248,-0.4562394062992141,0.3916185136475314,0.25115849068034457,0.894,10907189248.0,0.275,False,4.24,5.119999999999999,-0.6751505482708016,0.10969287621184218,0.508322411981952,0.0,,45.442597517360774,-0.2470680106987495,56.64706,8.018318,3.7639241,34.566,0.06461,0.054640003,-0.03464,0.182,1.482,41.35,3.81,1196440960.0
NEE,"NextEra Energy, Inc.",Utilities,Utilities - Regulated Electric,125,5.0906625,Neutral,90.3,1.875,9.125,8.75,3.125,5.106250000000001,8.75,0.028455075533460356,0.047302348120855174,0.03784409935648077,-0.006732534589445632,-0.0352478494106044,,0.9931295589711637,0.9528112841274767,0.12053610827650585,0.2012680211190514,0.029928978509816486,0.025354903267109024,,,76.83000183105469,-0.07793449373342687,-0.12127249266091922,-0.22197466500197782,0.03252253502290947,0.09942489034735787,0.644,160265715712.0,3.26,False,3.71875,3.625,-0.3184141266416255,-0.110858863713106,0.2782835827071828,0.0,,33.18792493743811,-0.20336401053620592,17.26517,17.501219,2.8052433,19.024,0.11677,0.32401,0.31524,0.124,0.531,161.676,0.534,-17766875136.0
ADT,ADT Inc.,Industrials,Security & Protection Services,94,5.26537825567503,Neutral,90.3,7.546296296296298,7.4074074074074066,1.7592592592592593,1.3888888888888888,4.7851851851851865,9.814814814814815,0.028455075533460356,0.047302348120855174,0.03784409935648077,-0.006732534589445632,-0.0352478494106044,,0.9931295589711637,0.9528112841274767,0.12053610827650585,0.2012680211190514,,,,,6.25,-0.1276554169109232,-0.13270934661791334,-0.29664641008327697,0.036484245439469376,0.0770308123249299,1.035,4565995008.0,3.53,False,8.314814814814815,3.5740740740740735,0.40206019842230756,0.2622601202808849,0.31679999999999997,0.0,,30.062729356652383,-0.20061646795211335,8.680555,6.343696,1.3185655,4.563,0.17212999,0.118640006,0.24072,0.02,0.017,223.863,0.69,1197478400.0
ERIC,Ericsson,Technology,Communication Equipment,188,4.760953598014888,Débil,90.3,7.788461538461537,5.175824175824176,0.4945054945054945,2.802197802197802,4.774175824175825,9.615384615384615,0.07441372398217906,0.11847256167282387,0.0547580711232026,-0.01971598510283539,0.05460226265429918,,0.9937798417789561,0.9580285284744481,0.34643039504430995,0.581193586982789,,,,,9.289999961853027,-0.06711921976893598,-0.14743266536474764,-0.3253449555662289,0.14408866525283592,0.20707963926602266,0.507,30311718912.0,3.47,False,8.329670329670328,1.653846153846154,1.4372680959407202,1.0130034206619658,0.004664159130774559,0.0,,37.92108464480139,-0.3123378795704946,12.554054,15.1619005,0.30171153,14.499,0.26077,0.10831001,0.0,-0.061,-0.109,37.682,1.12,30705874944.0
DBX,"Dropbox, Inc.",Technology,Software - Infrastructure,163,4.908871464019851,Débil,90.3,7.8296703296703285,6.175824175824175,0.9340659340659341,3.9010989010989015,2.2395604395604405,7.032967032967034,0.05725986152961707,0.1087375499955198,-0.5886360533536672,6.216447174862654e-05,0.05460226265429918,,0.9966000446135956,0.9539245246136695,0.25752066717092936,0.581193586982789,,,,,33.900001525878906,-0.009032666085565078,0.20350833405977808,-0.11186791915433836,0.5625720915362482,0.7408195159865799,0.649,7371305472.0,1.45,False,6.637362637362637,6.538461538461538,-0.7169367248881723,0.10623287977611573,-0.06194694487773955,0.0,,47.79235099527548,-0.10174880714906985,18.729282,10.261439,-3.4036145,12.374,0.125685,0.17491,0.26097,0.009,-0.067,14.571,1.074,783075008.0
MNST,Monster Beverage Corporation,Consumer Defensive,Beverages - Non-Alcoholic,73,5.491469892473118,Neutral,90.3,1.1309523809523812,8.095238095238095,8.69047619047619,9.523809523809524,4.823809523809524,3.333333333333333,0.003854506623614832,0.014288791474738315,0.0,0.028690686208770404,-0.1069229189439744,,0.8643328893944904,0.8774866308495723,0.015236764355886168,0.05932175918302596,0.04843374650110143,0.03210824847376132,,,42.939998626708984,-0.05752730127282135,0.013467879893076962,-0.14411005328465254,0.3035822291047052,0.5803829731113745,0.515,84121681920.0,3.0,False,2.595238095238095,6.857142857142858,-0.7490107857888779,0.01998570482219859,0.16998443425079457,0.0,,42.88215555961957,-0.14068445912067604,39.75926,32.799656,8.983263,27.01,0.25704,0.23079,0.2918,0.202,0.18,0.992,3.729,1681231104.0
NCLH,Norwegian Cruise Line Holdings ,Consumer Cyclical,Travel Services,148,4.979148823016565,Débil,90.3,6.554054054054054,7.243243243243244,6.824324324324325,0.472972972972973,4.727027027027028,5.135135135135135,0.013466854559286846,0.00641521248646216,0.17413402323074625,-0.02615937933969528,-0.0352478494106044,,0.9925326961677924,0.6035688454817705,0.055309791349987814,0.025914492399164768,0.012266347030956646,-0.008430398449042769,,,15.140000343322754,-0.1016116195127843,-0.2225132058068734,-0.3975328156258354,0.11078505820416384,0.13130437768023942,1.881,6952103936.0,3.08,False,4.95945945945946,4.851351351351351,-0.04738446984275635,-0.2416968053798671,0.33421397238665684,0.0,,48.27297721767286,-0.3093065560845335,9.175758,9.065923,2.7021239,8.667,0.3673,0.07492,0.14042,0.049,6.163,621.051,0.2,-1680301312.0
CX,"Cemex, S.A.B. de C.V. Sponsored",Basic Materials,Building Materials,341,3.761160734149055,Débil,90.3,5.862068965517241,3.0,2.7586206896551726,1.8103448275862066,4.775862068965519,4.137931034482759,0.028455075533460356,0.047302348120855174,0.03784409935648077,-0.006732534589445632,-0.0352478494106044,,0.9931295589711637,0.9528112841274767,0.12053610827650585,0.2012680211190514,,,,,9.529999732971191,-0.12026440689653728,-0.194774931309045,-0.30285298222595525,0.06718921981760273,0.12658222214582102,0.826,13751335936.0,1.33,False,6.275862068965517,1.9137931034482758,-0.13696387526666742,0.08162708068686077,0.5543893405106752,0.0,,34.16079036797154,-0.29289763592765017,27.22857,10.530387,1.1094295,6.235,0.040149998,0.02831,0.13738,0.122,0.0,53.59,0.923,1122481408.0
QUBT,Quantum Computing Inc.,Technology,Computer Hardware,156,4.93620794044665,Débil,90.3,8.296703296703297,1.252747252747253,9.065934065934066,9.56043956043956,4.774175824175825,1.043956043956044,0.07441372398217906,0.11847256167282387,0.0547580711232026,-0.01971598510283539,0.05460226265429918,,0.9937798417789561,0.9580285284744481,0.34643039504430995,0.581193586982789,,,,,8.180000305175781,-0.028353510022238404,-0.11065202846611599,-0.6834365206975317,0.32362464485045006,0.10172941531921574,3.772,1851517440.0,0.39,False,3.291208791208791,2.7967032967032965,-0.80837200234707,-0.029114430593751253,1.2819889124195907,0.0,,43.813578159827514,-0.3397901470128558,23.296627,-34.562893,1.162923,-15.843,-0.01507,-1.52453,-2.8126502,90.0,2.1085000000000003,1.469,53.135,-53905876.0
FIGR,"Figure Technology Solutions, In",Financial Services,Capital Markets,160,4.918939037725532,Débil,90.3,3.389830508474576,7.677966101694915,9.830508474576272,8.135593220338983,4.711864406779662,2.0338983050847457,0.028455075533460356,0.047302348120855174,0.03784409935648077,-0.006732534589445632,-0.0352478494106044,,0.9931295589711637,0.9528112841274767,0.12053610827650585,0.2012680211190514,,,,,28.530000686645508,-0.12851965377074825,-0.21929833484122563,-0.6342307604276217,0.18332644905207407,0.08201894018640765,,6401500672.0,1.7650000000000001,False,2.1864406779661016,1.906779661016949,-0.5947924008255641,-0.03968218032235801,0.910269845367045,0.0,,35.91566797972686,-0.3408040320857651,30.351065,15.256685,4.514955,-4.5605,0.26121,0.38301,0.35525,1.208,3.375,104.341,1.861,-254025504.0
HST,"Host Hotels & Resorts, Inc.",Real Estate,REIT - Hotel & Motel,52,5.634614076246335,Neutral,90.3,5.454545454545455,6.2727272727272725,3.1818181818181817,6.363636363636363,4.981818181818183,2.727272727272727,0.028455075533460356,0.047302348120855174,0.03784409935648077,-0.006732534589445632,-0.0352478494106044,,0.9931295589711637,0.9528112841274767,0.12053610827650585,0.2012680211190514,0.00922777021055161,0.013780745884941723,,,22.559999465942383,-0.017370269093228585,0.0566076367977848,-0.12252044084238112,0.44522738410905727,0.6881187590041963,1.101,15673028608.0,3.55,False,6.454545454545453,9.09090909090909,-0.21622209968466777,0.10798009002141164,0.1210252924952171,0.0,,56.42102427767146,-0.10873619505790533,15.140939,21.371933,2.4190433,11.412,0.15558,0.16474001,0.18215,0.036,0.084,85.298,1.671,1692375040.0
EQR,Equity Residential,Real Estate,REIT - Residential,302,4.138882404692082,Débil,90.3,2.727272727272727,6.363636363636363,2.2727272727272725,3.1818181818181817,4.981818181818183,0.9090909090909092,0.028455075533460356,0.047302348120855174,0.03784409935648077,-0.006732534589445632,-0.0352478494106044,,0.9931295589711637,0.9528112841274767,0.12053610827650585,0.2012680211190514,0.005211043263739545,-0.0002843004463848455,,,,,-0.1753107447833545,,,,0.749,24611481600.0,0.042600002,False,5.818181818181818,5.136363636363637,-0.21622209968466777,0.057824775896466146,,0.0,,,-0.19993300822415905,28.675674,41.35888,2.273409,17.342,0.080240004,0.27974,0.27879998,0.021,-0.399,78.679,0.127,1423153408.0
SBS,Companhia de saneamento Basico ,Utilities,Utilities - Regulated Water,36,5.816460887096774,Neutral,90.3,4.6875,8.875,5.625,6.875,5.106250000000001,1.25,0.028455075533460356,0.047302348120855174,0.03784409935648077,-0.006732534589445632,-0.0352478494106044,,0.9931295589711637,0.9528112841274767,0.12053610827650585,0.2012680211190514,,,,,5.380000114440918,0.047670999073243125,-0.03403671837486233,-0.24839338999148952,0.2155445355718295,0.3491947710252261,0.069,18919272448.0,0.64,False,5.25,7.625,-0.06041678256419125,-0.33092620031812336,0.2520445830325033,0.0,,59.123676926583535,-0.24032755118323892,11.695652,12.453704,2.1791523,3.476,0.18792,0.1967,0.31519,0.139,-0.339,114.009,1.471,-6260882944.0
WFC,Wells Fargo & Company,Financial Services,Banks - Diversified,183,4.779218425369054,Débil,90.3,6.038135593220339,5.254237288135593,2.9661016949152543,5.0,4.711864406779662,5.084745762711864,0.028455075533460356,0.047302348120855174,0.03784409935648077,-0.006732534589445632,-0.0352478494106044,,0.9931295589711637,0.9528112841274767,0.12053610827650585,0.2012680211190514,0.023306837772959384,,,,80.44999694824219,-0.06765286149757099,-0.05141410111322153,-0.17706631599588596,0.10538605314979654,0.30704551434116034,0.916,243280723968.0,2.49,False,5.567796610169491,4.389830508474576,0.14098152783433737,0.022540040223670094,0.24544007210418228,0.0,,33.70170848088486,-0.10898221140224788,11.693314,10.100338,1.4780451,7.49,0.12575,0.27232,0.37387002,0.095,0.25,140.535,1.5739999999999998,
ELAN,Elanco Animal Health Incorporat,Healthcare,Drug Manufacturers - Specialty & Generic,147,4.982005141129032,Débil,90.3,4.4140625,3.4375,8.359375,6.71875,4.7640625000000005,5.15625,0.028455075533460356,0.047302348120855174,0.03784409935648077,-0.006732534589445632,-0.0352478494106044,,0.9931295589711637,0.9528112841274767,0.12053610827650585,0.2012680211190514,,,,,22.139999389648438,-0.07009956782525784,-0.0697987341175299,-0.20872053646717525,0.14123708194064122,0.3193472482107737,1.677,11057813504.0,2.54,False,5.9921875,3.609375,-0.5518564054126069,0.07477744200522918,0.4001807070732828,0.0,,39.748569156257105,-0.16326530023802213,24.475063499999997,17.232388,1.6787989,14.478,-0.029779999,-0.03964,0.086260006,0.102,4.405,64.253,2.05,826875008.0
SE,Sea Limited,Consumer Cyclical,Internet Retail,225,4.645477070619006,Débil,90.3,2.5,5.162162162162162,6.081081081081082,7.162162162162162,4.727027027027028,5.135135135135135,0.013466854559286846,0.00641521248646216,0.17413402323074625,-0.02615937933969528,-0.0352478494106044,,0.9925326961677924,0.6035688454817705,0.055309791349987814,0.025914492399164768,,,,,95.19000244140625,-0.1373872917875879,-0.07598669706841277,-0.5080111513262029,0.23543156964836154,0.1558017902723203,1.516,58302406656.0,3.08,False,3.635135135135135,4.594594594594594,-0.6387463614869588,0.0011339390565826045,0.6294778445402103,0.0,,29.03719895816205,-0.27617666780102984,36.7529,18.369534,4.6910114,20.792,0.14734,0.05908,0.08351,0.481,0.077,31.621,1.494,66111376.0
VTRS,Viatris Inc.,Healthcare,Drug Manufacturers - Specialty & Generic,49,5.671999092741935,Neutral,90.3,6.953125,3.84375,4.84375,5.0,4.7640625000000005,8.125,0.028455075533460356,0.047302348120855174,0.03784409935648077,-0.006732534589445632,-0.0352478494106044,,0.9931295589711637,0.9528112841274767,0.12053610827650585,0.2012680211190514,0.011996521553004092,0.04055563395498913,,,17.600000381469727,0.039083739607375545,0.15121468724046827,-0.045035247885527596,0.8163055089236044,0.9050343685892136,0.883,20215199744.0,2.75,False,6.6484375,8.1875,-0.5518564054126069,0.1324418078428659,0.10227270338160976,0.0,,57.5606952525782,-0.036672143377491535,24.475063499999997,6.583648,1.398157,7.494,-0.02754,-0.02787,0.12550999,0.049,0.262,95.535,1.585,2677337600.0
DIS,Walt Disney Company (The),Communication Services,Entertainment,234,4.605960258064516,Débil,90.3,3.7,5.4399999999999995,3.1,4.6,4.796000000000001,4.0,0.028455075533460356,0.047302348120855174,0.03784409935648077,-0.006732534589445632,-0.0352478494106044,,0.9931295589711637,0.9528112841274767,0.12053610827650585,0.2012680211190514,0.016429649812493553,0.0630324981882677,,,102.19000244140625,-0.01844012339466372,-0.016408882432939365,-0.12725251992991504,0.10847166114986706,0.401606523751255,1.409,176450125824.0,1.48,False,4.8,6.68,-0.1847531957135028,0.02754531920735481,0.23900633109973768,0.0,,42.3944611501925,-0.0814381803019663,21.070105,13.651672,1.6067104,10.62,0.0801,0.086990006,0.19301,0.068,-0.483,39.404,0.709,4860375040.0
BSBR,Banco Santander Brasil SA,Financial Services,Banks - Regional,90,5.325017495899399,Neutral,90.3,6.419491525423729,4.084745762711864,7.584745762711864,5.0,4.711864406779662,8.135593220338983,0.028455075533460356,0.047302348120855174,0.03784409935648077,-0.006732534589445632,-0.0352478494106044,,0.9931295589711637,0.9528112841274767,0.12053610827650585,0.2012680211190514,,,,,5.400000095367432,-0.05498580809782094,-0.08262334122717274,-0.26229506893887544,0.09311742821203062,0.19327735099471902,0.183,40432648192.0,6.48,False,6.1610169491525415,4.1440677966101696,0.8552951252770369,0.022540040223670094,0.25308701490672414,0.0,,36.581975217809585,-0.13020001307239842,15.882353,6.2940736,0.41156805,7.49,0.11151,0.28664,0.33218,0.288,0.498,140.535,1.5739999999999998,
COMP,"Compass, Inc.",Real Estate,Real Estate Services,215,4.667618475073314,Débil,90.3,2.5,3.363636363636364,8.636363636363637,3.6363636363636367,4.981818181818183,5.454545454545454,0.028455075533460356,0.047302348120855174,0.03784409935648077,-0.006732534589445632,-0.0352478494106044,,0.9931295589711637,0.9528112841274767,0.12053610827650585,0.2012680211190514,,,,,9.220000267028809,-0.16974333480154813,-0.08693432096646225,-0.3393048894999062,0.4474097750437689,0.37574163045864317,2.326,7077683712.0,7.095,False,4.863636363636363,6.499999999999999,-0.749383768908109,0.09440588237464319,0.6449750065883171,0.0,,36.372147642595884,-0.30936329561259823,153.66667,10.911501,2.3312263,29.689,0.036259998,0.0063899998,0.03762,1.09,0.603,137.563,1.063,668174976.0
SLB,SLB Limited,Energy,Oil & Gas Equipment & Services,356,3.2758995161290323,Débil,90.3,1.2499999999999998,4.0,1.75,6.25,4.832500000000001,3.5,0.028455075533460356,0.047302348120855174,0.03784409935648077,-0.006732534589445632,-0.0352478494106044,,0.9931295589711637,0.9528112841274767,0.12053610827650585,0.2012680211190514,0.00601014113015818,-0.048601888918636246,,,48.7400016784668,-0.07839500664699928,-0.03371008174077317,-0.1938471439221503,0.5404551731500251,0.5933380179898263,0.774,72337145856.0,2.42,False,3.0,1.8000000000000003,-0.41595836085529236,0.040852109342034364,0.28266799029717626,0.0,,32.39408822739976,-0.18481032574093556,23.775612,15.186498,2.7743626,11.118,0.12909001,0.08527,0.12706,0.05,-0.297,47.002,1.439,2955124992.0
KLAC,KLA Corporation,Technology,Semiconductor Equipment & Materials,309,4.0618034739454085,Débil,90.3,2.0604395604395607,8.824175824175823,2.142857142857143,4.010989010989011,4.774175824175825,1.8681318681318682,0.07441372398217906,0.11847256167282387,0.0547580711232026,-0.01971598510283539,0.05460226265429918,,0.9937798417789561,0.9580285284744481,0.34643039504430995,0.581193586982789,0.03686550154233388,0.03493776541516022,,,206.88999938964844,0.10367468024240645,0.166308654742243,-0.32690243228145743,1.1090349285875045,0.5198616132499101,1.444,269992787968.0,0.46,False,3.445054945054945,3.774725274725274,-0.9031914872735338,0.009720954177157765,0.1299203958125026,0.0,,67.24167960716542,-0.313500206728504,56.373295,30.854282,42.587486,43.435,0.87496,0.35574,0.42486,0.152,0.138,96.88,2.876,2624587520.0
OSCR,"Oscar Health, Inc.",Healthcare,Healthcare Plans,24,5.927788407258064,Neutral,90.3,6.015625,6.09375,7.734375,5.15625,4.7640625000000005,5.15625,0.028455075533460356,0.047302348120855174,0.03784409935648077,-0.006732534589445632,-0.0352478494106044,,0.9931295589711637,0.9528112841274767,0.12053610827650585,0.2012680211190514,,,,,30.940000534057617,0.007082797374476479,0.41582717820969783,-0.10266819796816651,1.8942937824188606,0.8511980047943514,2.369,9549475840.0,2.54,False,6.484375,7.78125,-0.5489944390357379,0.07252035646806768,0.14414994793012292,0.0,,50.55684383778965,-0.08488614973853924,23.800001,14.287628,4.6477394,1.746,0.34257,0.03595,0.079629995,0.704,0.262,23.458,1.079,692531392.0
MDLN,Medline Inc.,Healthcare,Medical Instruments & Supplies,231,4.628512197580645,Débil,90.3,2.265625,3.6875,8.59375,7.1875,4.7640625000000005,5.15625,0.028455075533460356,0.047302348120855174,0.03784409935648077,-0.006732534589445632,-0.0352478494106044,,0.9931295589711637,0.9528112841274767,0.12053610827650585,0.2012680211190514,,,,,35.61000061035156,0.006657355166901802,-0.11757976566200945,-0.30006288602972786,0.13083520515565472,0.2125245337022369,,47910879232.0,2.54,False,3.421875,4.59375,-0.5672182200870388,0.017754318802646014,0.2507289872680598,0.0,,56.98608505018745,-0.26212180172284255,44.5125,22.584286,2.6987495,19.102,0.04935,0.02315,0.0082,0.116,2.62,66.258,4.333,850625024.0
CAG,"ConAgra Brands, Inc.",Consumer Defensive,Packaged Foods,349,3.5231564516129037,Débil,90.3,7.142857142857144,1.2142857142857142,2.619047619047619,5.0,1.521428571428572,7.142857142857143,0.0028302339034225097,-0.006423145027062818,0.0,0.028690686208770404,-0.15519220590548893,,0.39266671494634076,0.5424001874015182,0.011408606488561235,-0.025280666870785562,-0.003253098703589337,0.0038214875197175617,,,13.359999656677246,-0.12028869434790435,-0.1448177196412046,-0.3425197019351749,0.06624099414822404,0.10654681086999315,-0.033,6378217984.0,5.3,False,5.428571428571429,1.7738095238095237,-0.596554529329505,0.07225764455779378,0.07176275209285476,0.0,,25.687514342612232,-0.19856031220562384,21.889729,8.695369,1.0056454,7.95,-0.24886999,-0.16952999,0.11387,-0.014,0.059,121.159,1.096,460875008.0
BKD,Brookdale Senior Living Inc.,Healthcare,Medical Care Facilities,354,3.3238501512096774,Débil,90.3,4.140625,1.875,3.046875,3.90625,4.7640625000000005,5.15625,0.028455075533460356,0.047302348120855174,0.03784409935648077,-0.006732534589445632,-0.0352478494106044,,0.9931295589711637,0.9528112841274767,0.12053610827650585,0.2012680211190514,,,,,10.859999656677246,-0.134330289140289,-0.1892588245240071,-0.3645406871458604,0.36260974362324294,0.3168859272672419,0.579,2593555200.0,2.54,False,4.0234375,1.0703125,-0.5518564054126069,0.008853098634646372,0.7725599087071962,0.0,,24.741644766719872,-0.32504664054148313,24.475063499999997,90.5,-89.75207,16.543,-3.49582,-0.04717,0.06806,-0.089,0.262,71.732,1.143,22961000.0
DJT,Trump Media & Technology Group ,Communication Services,Internet Content & Information,194,4.73878864516129,Débil,90.3,5.5,1.8599999999999999,9.0,3.9999999999999996,4.796000000000001,2.2,0.028455075533460356,0.047302348120855174,0.03784409935648077,-0.006732534589445632,-0.0352478494106044,,0.9931295589711637,0.9528112841274767,0.12053610827650585,0.2012680211190514,,,,,8.90999984741211,-0.026282733466793107,-0.10714063563249365,-0.5041736311957646,0.280172391869556,0.17711170276222613,4.082,2476456704.0,0.275,False,5.57,6.06,-0.5603055228964087,0.2645938057150867,,0.0,,47.79929930198451,-0.1416185212737818,17.243977,8.018318,2.4211955,-4.683,-0.78946996,0.0,-97.92418,0.89,1.482,95.149,0.955,655255104.0
OXY,Occidental Petroleum Corporatio,Energy,Oil & Gas E&P,74,5.482423709677419,Neutral,90.3,4.25,6.75,9.0,6.5,4.832500000000001,2.0,0.028455075533460356,0.047302348120855174,0.03784409935648077,-0.006732534589445632,-0.0352478494106044,,0.9931295589711637,0.9528112841274767,0.12053610827650585,0.2012680211190514,0.13291344114029346,0.267017628084177,,,58.08000183105469,-0.0050330485413886406,0.07691868932351764,-0.1389176896804346,0.4969072636869767,0.672949453090914,0.164,58058940416.0,1.94,False,5.449999999999999,5.5,-0.13006690109815788,0.06524619465766311,0.1769972080725506,0.0,,49.914062991314864,-0.08564229514334151,17.132744,14.452435,1.7353371,5.629,0.10629,0.30318,0.45443,0.534,9.649,34.511,1.411,3788124928.0
DVN,Devon Energy Corporation,Energy,Oil & Gas E&P,86,5.334836612903226,Neutral,90.3,6.875,5.800000000000001,6.25,4.25,4.832500000000001,4.5,0.028455075533460356,0.047302348120855174,0.03784409935648077,-0.006732534589445632,-0.0352478494106044,,0.9931295589711637,0.9528112841274767,0.12053610827650585,0.2012680211190514,0.1735924079516609,0.32758114042403835,,,47.650001525878906,0.016450965593805877,0.06982731272137799,-0.09599693557429512,0.5141404997101655,0.7617703166609654,0.426,52415000576.0,2.71,False,5.2749999999999995,5.8,0.28644278792363753,0.01493131766478224,0.27267278191092226,0.0,,50.69093514013572,-0.07169297046370605,10.358696,8.844367,1.3124914,7.039,0.11522,0.17464,0.41077,0.642,0.44,28.488,0.717,782625024.0
STM,STMicroelectronics N.V.,Technology,Semiconductors,203,4.709737717121588,Débil,90.3,5.219780219780219,3.483516483516483,5.824175824175825,5.7142857142857135,6.570879120879123,2.4175824175824174,0.15157463111841535,0.18686876297458943,0.08644022771707216,-0.014252269139233852,0.046344533934074575,,0.993489689607621,0.9967601092747992,0.8356987558501576,1.1192808609591967,,,,,57.2599983215332,0.10674286534563393,0.19922003199176497,-0.2967330100524048,1.712458470939517,0.5994030562350059,1.513,51071803392.0,0.67,False,3.368131868131868,4.593406593406593,-0.8242870859284963,0.0020755092430631513,0.31054265106011747,0.0,,66.64927322227857,-0.2813833011136612,45.356323,22.53337,2.8966005,16.639,0.02686,0.03558,0.06883,0.261,1.4365,23.446,2.778,106000000.0
MO,"Altria Group, Inc.",Consumer Defensive,Tobacco,32,5.846104301075269,Neutral,90.3,7.797619047619048,7.9523809523809526,3.095238095238095,2.738095238095238,4.823809523809524,8.571428571428571,0.003854506623614832,0.014288791474738315,0.0,0.028690686208770404,-0.1069229189439744,,0.8643328893944904,0.8774866308495723,0.015236764355886168,0.05932175918302596,0.0032388309977844656,-0.0005700491420108576,,,67.3499984741211,-0.017152786060043557,0.00041440290961047843,-0.12600572963767076,0.23126139806437096,0.5657423288962921,0.494,112457244672.0,6.63,False,6.095238095238095,7.571428571428571,-0.596554529329505,0.08032719231515337,0.03934671990968419,0.0,,44.487749702421155,-0.08668368795382857,14.178947,11.485275,-42.14643,8.503,0.13424,0.38999,0.76363,0.012,-0.027,81.617,0.518,9033374720.0
FLY,Firefly Aerospace Inc.,Industrials,Aerospace & Defense,191,4.746809557945042,Débil,90.3,6.666666666666667,1.0555555555555556,7.5,7.407407407407408,4.7851851851851865,5.185185185185185,0.028455075533460356,0.047302348120855174,0.03784409935648077,-0.006732534589445632,-0.0352478494106044,,0.9931295589711637,0.9528112841274767,0.12053610827650585,0.2012680211190514,,,,,23.31999969482422,0.02970785328094494,-0.16191531481817056,-0.6248994741060927,0.45749998092651367,0.1585445028118739,,3903876096.0,1.01,False,3.259259259259259,4.574074074074074,-0.8161238663317525,-0.042693559913639226,0.655231582553027,0.0,,53.054788436627625,-0.6034688122722071,36.547813,-12.969101,3.1693397,-12.514,-0.57954,-1.29058,-0.80893,6.569,0.066,4.366,2.727,-166670368.0
RUM,RUM Group Inc.,Communication Services,Internet Content & Information,169,4.880938322580645,Débil,90.3,6.7,1.16,8.7,7.4,4.796000000000001,2.2,0.028455075533460356,0.047302348120855174,0.03784409935648077,-0.006732534589445632,-0.0352478494106044,,0.9931295589711637,0.9528112841274767,0.12053610827650585,0.2012680211190514,,,,,7.574999809265137,-0.025911424257038962,0.12103057997833955,-0.28504013126331895,0.6396103483257871,0.49456063753391405,1.217,3755762176.0,0.275,False,3.05,6.12,-0.5603055228964087,-0.04058002633231695,1.9042905021715448,0.0,,42.78836616881309,-0.2595307772996044,17.243977,-24.435484,2.2666068,-37.901,-0.18409,-1.34603,-0.99171996,0.609,1.482,35.194,2.118,-152408928.0
EXK,Endeavour Silver Corporation,Basic Materials,Silver,251,4.5237052280311465,Débil,90.3,4.137931034482758,4.793103448275862,7.241379310344827,5.0,4.775862068965519,5.0,0.028455075533460356,0.047302348120855174,0.03784409935648077,-0.006732534589445632,-0.0352478494106044,,0.9931295589711637,0.9528112841274767,0.12053610827650585,0.2012680211190514,,,,,8.600000381469727,-0.11787629944305933,-0.13531770723771963,-0.43234320914391244,0.30303036082874657,0.23391817327131306,2.454,2546842624.0,1.3450000000000002,False,3.982758620689655,3.068965517241379,-0.6173906332542776,0.026567797853849644,0.8023255014496957,0.0,,36.6765774756358,-0.25021794409273607,43.0,6.98052,3.5743976,9.022,0.10584,0.08912,0.30504,1.394,0.469,34.84,1.97,67664000.0
DDOG,"Datadog, Inc.",Technology,Software - Application,297,4.187015632754342,Débil,90.3,0.5769230769230771,3.3956043956043955,7.857142857142857,5.604395604395604,4.774175824175825,3.9560439560439558,0.07441372398217906,0.11847256167282387,0.0547580711232026,-0.01971598510283539,0.05460226265429918,,0.9937798417789561,0.9580285284744481,0.34643039504430995,0.581193586982789,,,,,277.2200012207031,0.1361219366805384,0.5053414927636861,-0.052951621957149864,1.828486901547833,0.9203944390154748,1.488,99542777856.0,0.8200000000000001,False,3.2142857142857144,6.010989010989011,-0.9577987216993398,0.010562417230519608,0.035571996017149,0.0,,70.59463169118979,-0.03793160821550378,554.44,93.20011,22.786453,1152.783,0.04696,0.044770002,0.00666,0.356,14.985,29.259,3.205,1051412352.0
ZTS,Zoetis Inc.,Healthcare,Drug Manufacturers - Specialty & Generic,99,5.241132157258064,Neutral,90.3,7.421875,9.375,1.71875,4.6875,4.7640625000000005,8.4375,0.028455075533460356,0.047302348120855174,0.03784409935648077,-0.006732534589445632,-0.0352478494106044,,0.9931295589711637,0.9528112841274767,0.12053610827650585,0.2012680211190514,-0.0006294844319442882,-0.0019636721284609798,,,69.69000244140625,-0.06449591726908732,-0.29324928410783246,-0.5316217323650363,0.013230625783748895,0.011373608816476052,0.729,28797554688.0,3.07,False,5.6640625,1.34375,-0.5518564054126069,0.07004066691955925,0.37752900899543795,0.0,,37.50662702418097,-0.4281632602979228,11.368679,10.657675,1.6787989,8.887,0.64911,0.27685,0.40721,-0.002,0.012,293.996,3.084,2016999936.0
PSLV,"""Sprott Physical Silver Trust""",,,361,0.0,Evitar,90.3,0.0,0.0,0.0,0.0,0.0,0.0,0.028455075533460356,0.047302348120855174,0.03784409935648077,-0.006732534589445632,-0.0352478494106044,,0.9931295589711637,0.9528112841274767,0.12053610827650585,0.2012680211190514,,,,,19.549999237060547,-0.061197478099702884,-0.17263389208857916,-0.48728037668343704,0.2981407195923338,0.19462502111229069,,12352591872.0,2.385,False,0.0,0.0,-0.5071466140486826,0.028555342829062115,,0.0,,39.07157075876166,-0.3135533865417532,2.4076355,13.723696,3.129549,11.412,0.11771999699999999,0.10509499750000001,0.172419995,0.145,0.306,63.212,1.55,
GIS,"General Mills, Inc.",Consumer Defensive,Packaged Foods,359,3.2037774193548385,Débil,90.3,6.19047619047619,1.857142857142857,0.8333333333333333,2.6190476190476186,1.5214285714285716,9.761904761904761,-0.0020310895829555534,0.014288791474738315,-0.117157859628998,0.7411598059855171,-0.2453039358036168,,0.33657912978513843,0.5060136618044581,-0.008104745078149955,0.05932175918302596,-0.006947233372686168,-0.010001187384044527,,,32.0099983215332,-0.14096637070930784,-0.17667639801607027,-0.3755365134308778,0.026619574135125168,0.041334577765597784,-0.025,17115334656.0,7.7,False,5.928571428571429,1.4285714285714284,-0.596554529329505,0.07610791761780436,0.15588884536460634,0.0,,26.599299007691172,-0.22960291433695465,21.889729,10.151205,2.318557,8.823,-0.104949996,-0.04891,0.15243,-0.028,-0.667,182.422,0.704,1302612480.0
CCC,CCC Intelligent Solutions Holdi,Technology,Software - Application,260,4.473877915632754,Débil,90.3,5.631868131868132,3.9999999999999996,4.010989010989011,2.582417582417583,4.774175824175825,3.9560439560439558,0.07441372398217906,0.11847256167282387,0.0547580711232026,-0.01971598510283539,0.05460226265429918,,0.9937798417789561,0.9580285284744481,0.34643039504430995,0.581193586982789,,,,,6.559999942779541,-0.03481153182774599,0.06745640152951227,-0.3127291835746945,0.6078431232302797,0.4537968788251676,0.484,3863805184.0,0.8200000000000001,False,6.637362637362638,4.730769230769231,-0.6678149357755538,0.07507828634871462,0.3338414750492411,0.0,,44.3455578919961,-0.13684210196096147,93.71429,12.520516,2.1757877,16.258,0.02167,0.03808,0.16659,0.098,0.813,77.826,1.558,290087872.0
KEY,KeyCorp,Financial Services,Banks - Regional,206,4.694382176052487,Débil,90.3,6.419491525423728,4.0,3.4745762711864403,5.0,4.711864406779662,7.288135593220338,0.028455075533460356,0.047302348120855174,0.03784409935648077,-0.006732534589445632,-0.0352478494106044,,0.9931295589711637,0.9528112841274767,0.12053610827650585,0.2012680211190514,0.02360781468003057,,,,20.079999923706055,-0.08183048964288075,-0.07080270875328587,-0.16576651750286442,0.21918639488197056,0.47499998996132303,1.023,21427941376.0,4.09,False,5.805084745762711,3.1271186440677963,0.240862185843691,0.022540040223670094,0.2714930327194831,0.0,,32.04172761268603,-0.15496824941212128,11.74269,9.408677,1.2444224,7.49,0.1033,0.2754,0.3471,0.101,0.253,140.535,1.5739999999999998,
RUN,Sunrun Inc.,Technology,Solar,336,3.802096277915633,Débil,90.3,7.884615384615384,3.2527472527472527,3.9560439560439558,1.5934065934065935,4.774175824175825,3.9560439560439558,0.07441372398217906,0.11847256167282387,0.0547580711232026,-0.01971598510283539,0.05460226265429918,,0.9937798417789561,0.9580285284744481,0.34643039504430995,0.581193586982789,,,,,7.710000038146973,-0.15524438329038626,-0.43265751107756645,-0.656417110599511,0.032128519162914815,0.016032066676484494,2.364,1839214976.0,0.8200000000000001,False,5.021978021978022,0.2912087912087913,1.843728458270515,-1.0717288983188444,1.0581608199075738,0.0,,37.22983877489706,-0.5388755768674649,5.244898,7.5974817,0.53048027,21.49,-0.19856001,0.11594,0.03999,0.528,-0.607,292.511,1.422,-1971139840.0
XRAY,DENTSPLY SIRONA Inc.,Healthcare,Medical Instruments & Supplies,304,4.112837298387096,Débil,90.3,7.1875,2.4375,3.28125,4.0625,4.7640625000000005,5.15625,0.028455075533460356,0.047302348120855174,0.03784409935648077,-0.006732534589445632,-0.0352478494106044,,0.9931295589711637,0.9528112841274767,0.12053610827650585,0.2012680211190514,,,,,8.670000076293945,-0.2268592762356033,-0.2540716266491775,-0.4126016208472937,0.009900998985899134,0.01376519454152947,0.85,1728398080.0,2.54,False,6.2109375,1.046875,-0.5518564054126069,0.08194003085215183,0.5840057530738123,0.0,,27.465233927710912,-0.39243168898589736,24.475063499999997,5.7492223,1.3176292,7.282,-0.33031,-0.14987999,0.09243,-0.041,0.262,172.243,1.627,141624992.0
LCID,"Lucid Group, Inc.",Consumer Cyclical,Auto Manufacturers,312,4.020318177855275,Débil,90.3,7.668918918918919,0.4054054054054054,7.364864864864865,3.513513513513513,4.727027027027028,5.135135135135135,0.013466854559286846,0.00641521248646216,0.17413402323074625,-0.02615937933969528,-0.0352478494106044,,0.9925326961677924,0.6035688454817705,0.055309791349987814,0.025914492399164768,,,,,4.130000114440918,-0.24185404048812886,-0.4628131273326763,-0.8363059804026588,0.7426160820425813,0.07699038120913902,0.811,1627509888.0,3.08,False,3.304054054054054,2.2499999999999996,-0.5347957141547504,-2.067113433107449,0.9235931670368602,0.0,,39.66557987824129,-0.5573418919385797,19.807425,-0.8255872,-1.5381751,-2.077,-1.25992,-2.49214,-2.61009,0.562,0.1395,197.84,1.139,-3364247552.0
BMY,Bristol-Myers Squibb Company,Healthcare,Drug Manufacturers - General,31,5.851476411290322,Neutral,90.3,6.40625,8.375,7.03125,3.4375,4.7640625000000005,9.375,0.028455075533460356,0.047302348120855174,0.03784409935648077,-0.006732534589445632,-0.0352478494106044,,0.9931295589711637,0.9528112841274767,0.12053610827650585,0.2012680211190514,0.014520852831758505,-0.0023189224242518443,,,61.150001525878906,-0.05214075863026357,0.030122039993310645,-0.10912002438987611,0.4381467903546308,0.7132466127825002,0.227,124912001024.0,4.1,False,6.59375,4.203125,-0.4536971878496615,0.06496073316799195,0.09089662036670254,0.0,,37.88965471140774,-0.10192385350665323,13.469164,9.3147745,5.5972543,8.427,0.46598998,0.18871,0.34418,0.057,1.531,201.859,1.532,8114375168.0
HAL,Halliburton Company,Energy,Oil & Gas Equipment & Services,337,3.795852741935484,Débil,90.3,3.625,4.949999999999999,2.0,6.0,4.832500000000001,2.5,0.028455075533460356,0.047302348120855174,0.03784409935648077,-0.006732534589445632,-0.0352478494106044,,0.9931295589711637,0.9528112841274767,0.12053610827650585,0.2012680211190514,0.009202004266720567,0.00388066935523579,,,31.850000381469727,-0.06307545459314445,-0.10060513935763937,-0.2693278187320549,0.48415658813931617,0.4694984356741855,0.769,26535202816.0,2.13,False,4.75,1.15,-0.25217166515096145,0.07734065566525648,0.36389323327208856,0.0,,33.63394055825064,-0.2523512651834914,16.675394,10.980033,2.412696,7.913,0.14917,0.0716,0.12793,0.037,0.161,74.186,2.018,2052249984.0
EROC,"ERock, Inc.",Industrials,Specialty Industrial Machinery,262,4.464509677419355,Débil,90.3,3.4259259259259265,3.777777777777778,2.8703703703703702,6.111111111111111,4.7851851851851865,5.185185185185185,0.028455075533460356,0.047302348120855174,0.03784409935648077,-0.006732534589445632,-0.0352478494106044,,0.9931295589711637,0.9528112841274767,0.12053610827650585,0.2012680211190514,,,,,12.649999618530273,0.027703275532559468,-0.03156259190832833,-0.388888907317378,0.4245495065912468,0.318950898352815,,3457252608.0,1.01,False,4.944444444444445,5.888888888888888,-0.7994118789744541,0.01833765053155469,0.7786561801188527,0.0,,51.27445289334426,-0.3253333536783854,45.17857,24.921196,12.377691,-4.169,0.19684,-0.66673,-0.44787,-0.417,0.066,11.758,1.421,
ALHC,"Alignment Healthcare, Inc.",Healthcare,Healthcare Plans,280,4.337677016129033,Débil,90.3,3.4375,4.6875,8.75,5.0,4.7640625000000005,5.15625,0.028455075533460356,0.047302348120855174,0.03784409935648077,-0.006732534589445632,-0.0352478494106044,,0.9931295589711637,0.9528112841274767,0.12053610827650585,0.2012680211190514,,,,,7.940000057220459,-0.3794596408665323,-0.560812162448585,-0.6839171951743448,0.0773405776418532,0.032112679280025855,1.113,1647035136.0,2.54,False,4.953125,0.359375,-0.7053865710458141,0.11449778324583357,1.799845067983826,0.0,,26.097137028078336,-0.6767100883601018,41.789474,10.551496,6.203125,14.12,0.20044,0.00889,0.031519998,0.316,1.429,124.655,1.698,188581872.0
WSC,WillScot Holdings Corporation,Industrials,Rental & Leasing Services,286,4.27436182795699,Débil,90.3,5.5092592592592595,5.0740740740740735,2.2222222222222223,1.1111111111111112,4.7851851851851865,9.25925925925926,0.028455075533460356,0.047302348120855174,0.03784409935648077,-0.006732534589445632,-0.0352478494106044,,0.9931295589711637,0.9528112841274767,0.12053610827650585,0.2012680211190514,,,,,17.299999237060547,-0.1911919756394238,-0.2212416812600334,-0.4188780907940697,0.16029505278742762,0.16083440357069628,1.311,3134603520.0,1.63,False,7.148148148148148,1.8425925925925926,-0.7274943773230823,0.07937239603431569,0.7283237756419882,0.0,,28.51191698957176,-0.4027626185100629,36.4784715,13.090194,3.4393635,11.744,-0.07083,-0.030030001,0.20124,0.039,-0.002,416.655,0.811,248800992.0
MOS,Mosaic Company (The),Basic Materials,Agricultural Inputs,344,3.6296615684093436,Débil,90.3,5.862068965517241,1.1551724137931034,3.2758620689655173,2.7586206896551726,4.775862068965519,7.586206896551724,0.00798398146407759,-0.13557558706527842,-1.1792376317923763,0.07005392221831999,-0.31981045862465207,,0.2686478070719791,0.9999031096047296,0.032704791924803356,-0.42078881745920127,-0.014610422778234372,-0.1376749764660081,,,21.06999969482422,-0.10639309819818743,-0.14040875686360488,-0.41472223069932723,0.06414139872849578,0.07839504289038383,0.831,6698061312.0,4.08,False,3.5,2.6982758620689653,-0.27945784860203315,-0.11141656865143966,0.27063219685648665,0.0,,31.734603098067367,-0.1990820590941134,22.297928,13.332152,0.5842715,7.451,-0.05073,-0.05213,-0.00117,-0.06,0.469,52.249,1.337,-746275008.0
PYPL,"PayPal Holdings, Inc.",Financial Services,Credit Services,217,4.657765172225259,Débil,90.3,6.038135593220339,4.864406779661017,1.0169491525423728,5.0,4.711864406779662,0.7627118644067797,0.028455075533460356,0.047302348120855174,0.03784409935648077,-0.006732534589445632,-0.0352478494106044,,0.9931295589711637,0.9528112841274767,0.12053610827650585,0.2012680211190514,0.011679561526207406,-0.005629974217700335,,,52.79999923706055,-0.0666645589360586,0.049816043337928884,-0.33345958168199774,0.3728548943593486,0.3518586489279977,1.286,45168332800.0,1.06,False,6.576271186440678,6.440677966101694,-0.021456777599352828,0.09792535428715225,0.07797709890968285,0.0,,43.895141594955625,-0.1503945871580413,10.232558,9.126548,2.296351,7.49,0.24497,0.14364,0.16966,0.048,-0.031,71.751,1.288,4423124992.0
TXN,Texas Instruments Incorporated,Technology,Semiconductors,84,5.343267493796525,Neutral,90.3,3.1318681318681323,8.318681318681318,3.4615384615384617,5.1098901098901095,6.570879120879123,8.901098901098901,0.15157463111841535,0.18686876297458943,0.08644022771707216,-0.014252269139233852,0.046344533934074575,,0.993489689607621,0.9967601092747992,0.8356987558501576,1.1192808609591967,0.05504930061657705,0.09878828832342186,,,293.79998779296875,0.08668550474276016,0.1835904236853807,-0.12043832053118353,0.9236560452626776,0.7781025250577428,1.314,268312150016.0,2.16,False,4.368131868131869,4.741758241758241,-0.8160757813195949,0.0132131550799641,0.10520664905136856,0.0,,70.44481903768998,-0.11127885445227025,44.650455,27.6002,14.896314,27.727,0.35176,0.31111,0.42576998,0.228,0.518,78.036,4.857,3545250048.0
COIN,"Coinbase Global, Inc.",Financial Services,Financial Data & Stock Exchanges,266,4.442341990158557,Débil,90.3,2.0338983050847457,1.1016949152542372,2.8389830508474576,8.8135593220339,4.711864406779662,5.847457627118644,0.028455075533460356,0.047302348120855174,0.03784409935648077,-0.006732534589445632,-0.0352478494106044,,0.9931295589711637,0.9528112841274767,0.12053610827650585,0.2012680211190514,-0.03853216613621508,-0.30215860913525266,,,183.0,0.061487381641256666,-0.014783894462358615,-0.5449572309528545,0.31550571490187607,0.16685040866755363,3.388,48282157056.0,3.33,False,6.4576271186440675,6.228813559322034,0.016596213367513046,0.05526788831959182,0.13304306010928957,0.0,,49.45535545819558,-0.15512467754713635,13.2276195,64.54548,3.6906323,68.36,-0.07847,-0.16344,-0.13922,-0.173,0.341,50.982,2.423,2668452864.0
VICI,VICI Properties Inc.,Real Estate,REIT - Diversified,26,5.909133137829913,Neutral,90.3,7.272727272727273,7.818181818181818,3.1818181818181817,8.636363636363637,4.981818181818183,7.272727272727273,0.028455075533460356,0.047302348120855174,0.03784409935648077,-0.006732534589445632,-0.0352478494106044,,0.9931295589711637,0.9528112841274767,0.12053610827650585,0.2012680211190514,0.014149770945731851,-0.08803193388331775,,,22.649999618530273,-0.1103831982792779,-0.1751248377188187,-0.3137403539303053,0.004880196030624395,0.010511191450575658,0.682,24939405312.0,8.1,False,4.545454545454545,5.090909090909091,0.7314042640325704,0.010707111443091014,0.3980869992639233,0.0,,24.545191801456284,-0.19620764201983923,8.77907,7.5752506,0.8549428,11.816,0.09849,0.67496,0.70182997,0.057,-0.414,60.277,11.236,267028992.0
GAP,"Gap, Inc. (The)",Consumer Cyclical,Apparel Retail,18,6.043736224934611,Neutral,90.3,7.398648648648649,6.108108108108109,5.135135135135135,5.405405405405405,4.727027027027028,5.135135135135135,0.013466854559286846,0.00641521248646216,0.17413402323074625,-0.02615937933969528,-0.0352478494106044,,0.9925326961677924,0.6035688454817705,0.055309791349987814,0.025914492399164768,-0.004805153406508996,0.2194304421867402,,,22.510000228881836,0.07150678456962822,-0.04358668886478134,-0.23331061890729443,0.24295970341699813,0.3911111314561632,2.059,7907090944.0,3.08,False,6.898648648648648,8.641891891891891,0.2881808649077404,0.031158742165088217,0.17772233364907808,0.0,,56.84122688155432,-0.16690569923432164,6.780121,8.541366,1.9998224,7.643,0.33776,0.08137,0.0671,-0.02,1.421,144.773,1.822,246375008.0
FSLY,"Fastly, Inc.",Technology,Software - Application,171,4.879176923076923,Débil,90.3,6.043956043956044,1.8021978021978022,4.175824175824175,5.43956043956044,4.774175824175825,3.9560439560439558,0.07441372398217906,0.11847256167282387,0.0547580711232026,-0.01971598510283539,0.05460226265429918,,0.9937798417789561,0.9580285284744481,0.34643039504430995,0.581193586982789,,,,,25.809999465942383,0.0682239365746633,0.29791920394667937,-0.2587593490539235,2.3367807971483363,0.6673435283715112,0.358,4111532800.0,0.8200000000000001,False,6.56043956043956,7.340659340659341,-0.5395459758025076,0.021153485143059057,0.08097638811715124,0.0,,53.33546029035085,-0.2119084132536677,27.55218,40.935764,4.1435223,-110.743,-0.08389,-0.11802,-0.07873,0.233,0.747,40.198,3.361,86973248.0
SHOP,Shopify Inc.,Technology,Software - Application,165,4.899183126550868,Débil,90.3,1.3736263736263739,5.846153846153846,4.615384615384615,9.23076923076923,4.774175824175825,3.9560439560439558,0.07441372398217906,0.11847256167282387,0.0547580711232026,-0.01971598510283539,0.05460226265429918,,0.9937798417789561,0.9580285284744481,0.34643039504430995,0.581193586982789,0.07302280888347731,0.11499071880819367,,,151.38999938964844,0.08168628017988633,0.16821293583933183,-0.1690542873393247,0.6105319084005152,0.65075404682672,2.616,196451942400.0,0.8200000000000001,False,3.521978021978022,6.8296703296703285,-0.8804360071781964,0.008082129382906015,0.1412301386918,0.0,,61.13997550253536,-0.04503879041586722,102.29054,61.782253,15.386726,78.103,0.15543,0.1453,0.17555,0.337,0.681,1.403,5.353,1587750016.0
VISN,"Vistance Networks, Inc.",Technology,Communication Equipment,77,5.447513151364764,Neutral,90.3,7.321428571428571,5.197802197802198,5.274725274725275,7.637362637362638,4.774175824175825,8.186813186813186,0.07441372398217906,0.11847256167282387,0.0547580711232026,-0.01971598510283539,0.05460226265429918,,0.9937798417789561,0.9580285284744481,0.34643039504430995,0.581193586982789,,,,,6.210000038146973,-0.3125968520979663,-0.5629292161303068,-0.6978102171218018,0.05254237934694439,0.021160412160202886,1.922,1432190080.0,1.56,False,4.771978021978022,3.373626373626373,-0.6132566268626651,0.0036569866480292896,1.3617825941876238,0.0,,45.651024764818644,-0.1542501881022242,34.7154045,8.924209,0.5700909,4.374,0.043119997,3.65395,0.022219999,-0.014,16.967,1.572,2.568,5237500.0
ASX,"ASE Technology Holding Co., Ltd",Technology,Semiconductors,162,4.910706699751861,Débil,90.3,4.368131868131869,5.164835164835165,6.318681318681318,1.9230769230769234,6.570879120879123,6.043956043956044,0.15157463111841535,0.18686876297458943,0.08644022771707216,-0.014252269139233852,0.046344533934074575,,0.993489689607621,0.9967601092747992,0.8356987558501576,1.1192808609591967,,,,,47.45000076293945,0.22227662252233205,0.5551360707313056,-0.010014588713969208,3.3019039676282373,0.9869918905945652,1.575,123543928832.0,0.93,False,3.175824175824176,6.785714285714285,-0.7864953118015524,-0.8472654350368005,0.07481557808178696,0.0,,69.01360623265376,0.0,57.865856,24.293343,8.529927,2.275,0.17009,0.08545999,0.11061,0.267,1.712,70.562,1.07,-104674500608.0
LRCX,Lam Research Corporation,Technology,Semiconductor Equipment & Materials,269,4.412418858560795,Débil,90.3,2.0054945054945055,8.648351648351648,3.9560439560439558,5.054945054945055,4.774175824175825,1.043956043956044,0.07441372398217906,0.11847256167282387,0.0547580711232026,-0.01971598510283539,0.05460226265429918,,0.9937798417789561,0.9580285284744481,0.34643039504430995,0.581193586982789,0.0715274003437098,0.10111963556617165,,,347.489990234375,0.13746315899271533,0.2675156660672089,-0.20754848293187,1.652190430730995,0.7040132373955216,1.859,434857443328.0,0.39,False,3.2142857142857144,5.049450549450549,-0.8948789543542373,0.0071068910683654545,0.07935339302011712,0.0,,67.76514022760004,-0.19724196256858556,58.40168,29.599966,34.86405,49.08,0.65066004,0.31272,0.37390998,0.3,0.348,33.049,2.629,3090484480.0
HDB,HDFC Bank Limited,Financial Services,Banks - Regional,324,3.9371919081465285,Débil,90.3,2.8177966101694913,5.203389830508474,3.7288135593220337,5.0,4.711864406779662,2.88135593220339,0.028455075533460356,0.047302348120855174,0.03784409935648077,-0.006732534589445632,-0.0352478494106044,,0.9931295589711637,0.9528112841274767,0.12053610827650585,0.2012680211190514,,,,,22.34000015258789,-0.03530589730421585,-0.17665745955752188,-0.40347129098563717,0.02618282740412914,0.03635205054769713,0.404,114816262144.0,1.78,False,3.610169491525424,3.483050847457627,-0.6011119838627437,0.022540040223670094,0.36638315987047787,0.0,,44.38956072684288,-0.18793166242383866,15.622378,16.057617,9.051768,7.49,0.13838,0.26787,0.33291999,0.166,0.181,140.535,1.5739999999999998,
TGB,Trekor Metals Limited,Basic Materials,Copper,321,3.9714254727474976,Débil,90.3,1.9396551724137931,3.0344827586206895,5.431034482758621,1.3793103448275865,4.775862068965519,5.0,0.028455075533460356,0.047302348120855174,0.03784409935648077,-0.006732534589445632,-0.0352478494106044,,0.9931295589711637,0.9528112841274767,0.12053610827650585,0.2012680211190514,,,,,8.949999809265137,0.06840155297423145,0.21145670013605344,-0.08859472410741986,1.44535513914348,0.8587662028027819,2.071,3275908608.0,1.3450000000000002,False,2.1120689655172415,9.551724137931034,-0.9029535716006982,-0.031897715261292175,0.15532482909058354,0.0,,54.32965837591828,-0.07541327199342358,447.5,11.363965,5.338637,13.004,0.022149999,0.01591,0.22452,1.848,-0.133,89.384,1.239,-104494000.0
RF,Regions Financial Corporation,Financial Services,Banks - Regional,192,4.746386550027338,Débil,90.3,6.377118644067797,6.23728813559322,1.2711864406779663,5.0,4.711864406779662,6.864406779661016,0.028455075533460356,0.047302348120855174,0.03784409935648077,-0.006732534589445632,-0.0352478494106044,,0.9931295589711637,0.9528112841274767,0.12053610827650585,0.2012680211190514,0.008358910151844595,,,,27.100000381469727,-0.09775536248028294,-0.05569482630639999,-0.16538341911087995,0.19383261592377643,0.450358278553708,1.003,23087290368.0,4.06,False,5.864406779661017,2.8389830508474576,0.24262274403342654,0.022540040223670094,0.19308116401755204,0.0,,28.993462050476865,-0.15509729204501801,11.01626,9.521869,1.3227254,7.49,0.118669994,0.30837,0.39314997,0.034,0.085,140.535,1.5739999999999998,
BTI,British American Tobacco  Indus,Consumer Defensive,Tobacco,185,4.766018279569892,Débil,90.3,4.761904761904762,7.38095238095238,2.3809523809523805,5.0,4.823809523809524,8.095238095238095,0.003854506623614832,0.014288791474738315,0.0,0.028690686208770404,-0.1069229189439744,,0.8643328893944904,0.8774866308495723,0.015236764355886168,0.05932175918302596,,,,,52.63999938964844,-0.07674715798693632,-0.10800525657306537,-0.21783061828159822,0.05533278648052198,0.15843854131162088,0.114,113267941376.0,6.28,False,5.095238095238095,2.5476190476190474,-0.5782404410183752,0.031124208078412034,0.33801920244418904,0.0,,29.936191713359307,-0.19981782702009865,13.672728,10.048025,9.251187,54.338,0.13424,0.24992001,0.34908,0.014,-0.286,72.154,0.835,3525374976.0
MP,MP Materials Corp.,Basic Materials,Other Industrial Metals & Mining,338,3.7916290322580646,Débil,90.3,1.6810344827586208,1.1379310344827587,5.086206896551724,6.724137931034482,4.775862068965519,8.793103448275861,0.028455075533460356,0.047302348120855174,0.03784409935648077,-0.006732534589445632,-0.0352478494106044,,0.9931295589711637,0.9528112841274767,0.12053610827650585,0.2012680211190514,,,,,46.970001220703125,-0.07848835955034617,-0.17231509083118057,-0.5314759830754494,0.2422639836208178,0.14669850291800454,1.951,8365431808.0,5.01,False,3.1982758620689653,3.1724137931034484,-0.3973255610911933,-0.05175451476228207,0.5629499274452234,0.0,,41.62176185557919,-0.3534755645673073,24.908963999999997,57.068916,4.272719,200.396,-0.03585,-0.14563,-0.1472,1.197,-0.09,41.402,9.51,-432948864.0
DELL,Dell Technologies Inc.,Technology,Computer Hardware,27,5.898191563275434,Neutral,90.3,6.208791208791209,5.505494505494506,8.351648351648352,4.8901098901098905,6.310989010989012,1.9780219780219779,0.14166860011014926,0.21147204098789468,0.09389336323784284,0.033804301986256835,-1.3968371753788507,,0.9974945859714567,0.9886669213127388,0.7733886426784273,1.3336378191861629,0.12831904013689974,0.2574178940529648,,,562.52001953125,0.1562766207158135,0.9331461754665502,-0.05539786144439218,4.103611137100798,0.9320200695074079,1.409,357657378816.0,0.47,False,4.714285714285714,8.747252747252746,-0.80837200234707,0.01686914793138917,0.03811416433963721,0.0,,58.216015323802615,-0.04398369104179456,32.761795,19.319212,-252.25113,20.769,0.21465999,0.07525,0.12020001,0.577,2.729,3.037,0.962,6033375232.0
PR,Permian Resources Corporation,Energy,Oil & Gas E&P,55,5.6210293548387105,Neutral,90.3,5.5,6.8,8.75,4.25,4.832500000000001,6.0,0.028455075533460356,0.047302348120855174,0.03784409935648077,-0.006732534589445632,-0.0352478494106044,,0.9931295589711637,0.9528112841274767,0.12053610827650585,0.2012680211190514,,,,,22.1200008392334,-0.0022732634849439437,0.14376427904503952,-0.10245482494488134,0.8557047683920636,0.8015717751853358,0.484,18526763008.0,2.87,False,4.575,6.424999999999999,0.010812997568947713,0.024740864219079884,0.22922599314613445,0.0,,49.433338858073625,-0.09083432352662413,14.270968,9.887581,1.5430764,5.026,0.114029996,0.21523,0.57444,0.551,2.329,26.246,0.624,458368128.0
SCHW,Charles Schwab Corporation (The,Financial Services,Capital Markets,281,4.336276107162383,Débil,90.3,4.025423728813559,8.932203389830509,6.610169491525424,1.101694915254237,4.711864406779662,1.1864406779661016,0.028455075533460356,0.047302348120855174,0.03784409935648077,-0.006732534589445632,-0.0352478494106044,,0.9931295589711637,0.9528112841274767,0.12053610827650585,0.2012680211190514,0.04922598083381112,,,,96.69999694824219,-0.09135332028864152,-0.01656236211921991,-0.15567976121328742,0.15173888694904947,0.4167483463605558,0.753,167226753024.0,1.3,False,3.135593220338983,3.644067796610169,-0.4204854162808723,-0.03269414756009703,0.28428628665285105,0.0,,29.9072792972581,-0.14914214122361524,17.613844,12.3540535,3.8036423,-4.5605,0.20273,0.38793,0.52277,0.209,0.426,151.106,0.655,
CHYM,"Chime Financial, Inc.",Technology,Software - Application,131,5.039066501240695,Neutral,90.3,5.961538461538462,3.4065934065934065,4.725274725274725,7.527472527472528,4.774175824175825,3.9560439560439558,0.07441372398217906,0.11847256167282387,0.0547580711232026,-0.01971598510283539,0.05460226265429918,,0.9937798417789561,0.9580285284744481,0.34643039504430995,0.581193586982789,,,,,27.25,-0.0779995466126211,0.16030274321116433,-0.23347398030942323,0.7159949622166246,0.5780376207422472,,10316444672.0,0.8200000000000001,False,7.483516483516484,3.6428571428571432,-0.22303966120099727,0.04242277935031608,0.44620513761467895,0.0,,39.118240677503884,-0.21128797100609192,5.074488,16.925467,7.3450136,23.922,-0.01284,-0.0074,0.18605,0.268,0.747,12.876,4.621,437652256.0
KGC,Kinross Gold Corporation,Basic Materials,Gold,38,5.798853726362625,Neutral,90.3,6.724137931034482,9.620689655172413,6.120689655172414,7.758620689655173,4.775862068965519,2.0689655172413794,0.028455075533460356,0.047302348120855174,0.03784409935648077,-0.006732534589445632,-0.0352478494106044,,0.9931295589711637,0.9528112841274767,0.12053610827650585,0.2012680211190514,,,,,24.059999465942383,-0.12868391918625077,-0.18434596932847935,-0.3848120821799442,0.093139457789295,0.11988300970423284,1.477,28540952576.0,0.67,False,6.879310344827585,1.8103448275862069,-0.08792119701590562,0.10493474567903645,0.41541981529159333,0.0,,33.50194730909675,-0.3095034701170558,9.148289,8.684635,2.9565005,4.969,0.36991,0.37523997,0.52478004,0.295,0.648,7.727,2.892,2994937600.0
BAX,Baxter International Inc.,Healthcare,Medical Instruments & Supplies,219,4.652179536290323,Débil,90.3,5.859375,3.3125,6.09375,4.6875,4.7640625000000005,0.46875,0.028455075533460356,0.047302348120855174,0.03784409935648077,-0.006732534589445632,-0.0352478494106044,,0.9931295589711637,0.9528112841274767,0.12053610827650585,0.2012680211190514,0.013250848870632983,-0.013095828621337366,,,23.489999771118164,-0.0684412245053434,0.12873269942593524,-0.21700000762939453,0.4933248424105634,0.5437981619564235,0.595,12144235520.0,0.17,False,6.3203125,5.0625,-0.5518564054126069,0.08237447094570181,0.22295744060931222,0.0,,41.838353179304825,-0.17110893627623894,24.475063499999997,11.535061,1.9568478,10.463,-0.14371,-0.09268,0.14425999,0.053,0.368,156.449,1.946,1000374976.0
KR,Kroger Company (The),Consumer Defensive,Grocery Stores,310,4.061003225806452,Débil,90.3,5.238095238095239,3.404761904761905,5.238095238095237,1.5476190476190474,4.235714285714287,2.380952380952381,0.003854506623614832,-0.002244476488601496,-0.051363388939732156,-0.006732534589445632,-0.1069229189439744,,0.8643328893944904,0.8774866308495723,0.015236764355886168,-0.007902192274916842,0.0,0.0,,,59.029998779296875,0.0158774748017787,-0.07081222033388301,-0.2291721235401296,0.09012001439144735,0.21756570571987857,0.406,34862448640.0,2.62,False,4.761904761904762,5.785714285714286,-0.657866793340574,0.0727286846137036,0.1542666679487874,0.0,0.25,50.528728262801906,-0.1818686775923834,31.908108,10.712801,6.024084,7.164,0.14442,0.0072600003,0.029779999,0.02,0.153,413.24,0.702,2535500032.0
PDD,PDD Holdings Inc.,Consumer Cyclical,Internet Retail,11,6.266599564080209,Neutral,90.3,8.175675675675675,8.027027027027026,3.3108108108108105,9.256756756756758,4.727027027027028,5.135135135135135,0.013466854559286846,0.00641521248646216,0.17413402323074625,-0.02615937933969528,-0.0352478494106044,,0.9925326961677924,0.6035688454817705,0.055309791349987814,0.025914492399164768,0.01892621904696513,0.020010775753037953,,,75.37999725341797,-0.10186849899060924,-0.2038378307651736,-0.45929275336476605,0.04781758762048893,0.05098558253176184,-0.013,107295621120.0,3.08,False,8.364864864864865,3.8513513513513513,0.3209596966241395,0.6956040834930953,0.5204777683220603,0.0,,33.381660052368375,-0.2806565836927245,8.1141,6.12064,1.589143,-3.471,0.22745001,0.20426,0.2471,0.081,-0.112,1.082,2.618,74635272192.0
PG,Procter & Gamble Company (The),Consumer Defensive,Household & Personal Products,118,5.135217204301075,Neutral,90.3,3.690476190476191,7.904761904761905,2.8571428571428568,4.761904761904762,4.823809523809524,4.285714285714286,0.003854506623614832,0.014288791474738315,0.0,0.028690686208770404,-0.1069229189439744,,0.8643328893944904,0.8774866308495723,0.015236764355886168,0.05932175918302596,0.003632491813620635,-0.085216820817337,,,144.91000366210938,-0.005936504635834394,-0.018535438569847074,-0.133572474367059,0.05297197836149814,0.24603454816433923,0.377,336578478080.0,3.02,False,4.595238095238095,8.095238095238095,-0.596554529329505,0.03945847806954348,0.10833411042135999,0.0,,46.630992398448626,-0.04424377805831621,21.889729,19.584867,6.3149867,14.571,0.30290002,0.18437,0.22084999,0.015,-0.155,64.49,0.677,13280874496.0
PTEN,"Patterson-UTI Energy, Inc.",Energy,Oil & Gas Drilling,256,4.506115645161291,Débil,90.3,4.375,1.55,3.625,7.0,4.832500000000001,7.5,0.028455075533460356,0.047302348120855174,0.03784409935648077,-0.006732534589445632,-0.0352478494106044,,0.9931295589711637,0.9528112841274767,0.12053610827650585,0.2012680211190514,,,,,11.210000038146973,-0.016476860609330513,0.12155517362564194,-0.16280806287177207,1.1393129843791931,0.732515342103923,0.672,4275324416.0,3.54,False,4.925,5.25,-0.13842033516187963,0.059460515101177294,0.24888491992496165,0.0,,45.59967594973895,-0.1475284894799204,14.1457575,33.697056,1.379183,6.475,-0.0277,-0.019199999,-0.00471,0.007,1.014,41.383,1.75,254212992.0
IAG,Iamgold Corporation,Basic Materials,Gold,7,6.386791434927698,Neutral,90.3,6.896551724137931,8.448275862068964,8.362068965517242,5.689655172413794,4.775862068965519,2.586206896551724,0.028455075533460356,0.047302348120855174,0.03784409935648077,-0.006732534589445632,-0.0352478494106044,,0.9931295589711637,0.9528112841274767,0.12053610827650585,0.2012680211190514,,,,,18.520000457763672,-0.00814050676072886,0.01354774306475992,-0.2553276856548584,0.7037718912386084,0.5464286041259766,2.341,10574920704.0,0.79,False,7.603448275862068,6.913793103448276,-0.002601074840590578,0.11504459977083531,0.3138946759474486,0.0,,42.89026480242317,-0.16463687893412163,9.353536,7.803119,2.4180703,5.145,0.32329,0.31403,0.44976002,0.475,1.914,12.152,1.712,1216587520.0
GLXY,Galaxy Digital Inc.,Financial Services,Capital Markets,299,4.182813832695461,Débil,90.3,6.0593220338983045,3.7288135593220337,4.830508474576271,1.6949152542372883,4.711864406779662,2.0338983050847457,0.028455075533460356,0.047302348120855174,0.03784409935648077,-0.006732534589445632,-0.0352478494106044,,0.9931295589711637,0.9528112841274767,0.12053610827650585,0.2012680211190514,,,,,23.059999465942383,0.0013417574261427312,-0.07324240716077457,-0.4978223112817426,0.4035300953099441,0.2248219554405691,3.676,13589196800.0,1.7650000000000001,False,5.745762711864407,4.262711864406779,-0.46728547762858624,2.5455398735560295,0.7617086270968738,0.0,,46.01654851376306,-0.3257310248094743,16.948205,-67.68219,2.4636753,0.156,-0.104119994,-0.00416,0.96228,-0.038,0.624,186.687,1.504,34591842304.0
SIRI,SiriusXM Holdings Inc.,Communication Services,Entertainment,93,5.282530580645162,Neutral,90.3,7.1,5.5600000000000005,4.6000000000000005,3.0,4.796000000000001,8.0,0.028455075533460356,0.047302348120855174,0.03784409935648077,-0.006732534589445632,-0.0352478494106044,,0.9931295589711637,0.9528112841274767,0.12053610827650585,0.2012680211190514,,,,,25.719999313354492,-0.10311401773705431,0.00502706240016626,-0.2124923664006585,0.3009610173674504,0.4615980848219157,0.956,8669360128.0,4.21,False,7.18,4.52,0.729955047370868,0.1368036374644881,0.29202064102489,0.0,,32.791737568918165,-0.20361180616648508,10.329317,7.7119823,0.72784895,7.17,0.07574,0.102290004,0.22129999,0.01,0.237,81.105,0.458,1186000000.0
JHX,James Hardie Industries plc.,Basic Materials,Building Materials,315,4.010264182424916,Débil,90.3,2.629310344827586,2.8620689655172415,6.03448275862069,2.586206896551724,4.775862068965519,5.0,0.028455075533460356,0.047302348120855174,0.03784409935648077,-0.006732534589445632,-0.0352478494106044,,0.9931295589711637,0.9528112841274767,0.12053610827650585,0.2012680211190514,,,,,24.989999771118164,-0.11557355812234871,0.04667525721314503,-0.2048997845651236,0.5182259885247973,0.5698062639357491,1.04,14507256832.0,1.3450000000000002,False,5.189655172413793,4.8965517241379315,-0.7011190015688074,0.1486695576549368,0.4094525939415006,0.0,,33.38141484819046,-0.19594595133646656,113.59091,15.602855,2.2173913,13.049,0.03313,0.02693,0.16133,0.639,0.234,69.137,1.586,2156787456.0
SUZ,Suzano S.A.,Basic Materials,Paper & Paper Products,180,4.805620689655172,Débil,90.3,8.75,5.448275862068965,0.5172413793103449,3.8793103448275863,4.775862068965519,0.5172413793103449,0.028455075533460356,0.047302348120855174,0.03784409935648077,-0.006732534589445632,-0.0352478494106044,,0.9931295589711637,0.9528112841274767,0.12053610827650585,0.2012680211190514,,,,,8.5,-0.02177415642406666,-0.06652389973368478,-0.2631122670134374,0.12508272667107878,0.2374371859296483,0.031,10468265984.0,0.01,False,5.974137931034482,6.017241379310345,0.7281386860436554,0.01696573933748453,0.4772552941176471,0.0,,41.55114325466669,-0.12270630496376064,6.7460318,5.743243,1.116804,4.207,0.17604999,0.1708,0.26674998,-0.128,-0.64,199.419,3.378,177601872.0
NG,Novagold Resources Inc.,Basic Materials,Gold,283,4.330850945494994,Débil,90.3,6.8534482758620685,1.1896551724137931,6.724137931034483,6.982758620689655,4.775862068965519,2.586206896551724,0.028455075533460356,0.047302348120855174,0.03784409935648077,-0.006732534589445632,-0.0352478494106044,,0.9931295589711637,0.9528112841274767,0.12053610827650585,0.2012680211190514,,,,,6.550000190734863,-0.12066370546465699,-0.23899591721497337,-0.5451388756434123,0.2893701162863904,0.1577253423535261,2.262,2874013184.0,0.79,False,4.887931034482758,1.620689655172414,-0.05524346004306713,-0.008303066991080302,0.972615820420365,0.0,,37.66566636119777,-0.4012796670961688,10.3953495,-33.62434,6.822917,-80.978,-0.24628,0.0,0.0,0.438,0.648,41.407,112.823,-23863124.0
XPEV,XPeng Inc.,Consumer Cyclical,Auto Manufacturers,342,3.733489058413252,Débil,90.3,5.168918918918919,2.081081081081081,5.337837837837838,4.72972972972973,4.727027027027028,5.135135135135135,0.013466854559286846,0.00641521248646216,0.17413402323074625,-0.02615937933969528,-0.0352478494106044,,0.9925326961677924,0.6035688454817705,0.055309791349987814,0.025914492399164768,0.019869309807237393,-0.11713994650218468,,,9.25,-0.18392913858206583,-0.4064843985601633,-0.6723924207543828,0.007076755579749516,0.0034120734908136227,1.101,8861284352.0,3.08,False,3.777027027027027,0.7364864864864864,-0.5347957141547504,-0.18313481347436408,0.9897091891891894,0.0,,25.54897111115018,-0.4931506849315068,19.807425,50.219784,2.199001,-5.89,-0.10877,-0.041360002,-0.06028,0.08,0.1395,99.445,1.112,
ABT,Abbott Laboratories,Healthcare,Medical Devices,207,4.687528830645162,Débil,90.3,3.28125,5.5625,4.296875,5.9375,4.7640625000000005,7.5,0.028455075533460356,0.047302348120855174,0.03784409935648077,-0.006732534589445632,-0.0352478494106044,,0.9931295589711637,0.9528112841274767,0.12053610827650585,0.2012680211190514,0.03214870837694344,0.01047341689373297,,,97.5,-0.087959948813506,-0.0640209659303631,-0.27975179138657014,0.18945955837501516,0.2908239700374532,0.586,168712372224.0,2.61,False,5.9375,2.859375,-0.5352182417088245,0.04273026790488382,0.23675487179487176,0.0,,29.733910585914217,-0.16430957803895718,31.553398,16.074652,3.3009446,16.701,0.10576,0.116450004,0.14706999,0.13,-0.475,63.212,1.376,7209124864.0
CTSH,Cognizant Technology Solutions ,Technology,Information Technology Services,53,5.631356823821339,Neutral,90.3,8.131868131868131,5.5054945054945055,1.291208791208791,5.4945054945054945,4.774175824175825,9.010989010989011,0.07441372398217906,0.11847256167282387,0.0547580711232026,-0.01971598510283539,0.05460226265429918,,0.9937798417789561,0.9580285284744481,0.34643039504430995,0.581193586982789,0.011025006534541991,0.03675142782007418,,,58.5099983215332,-0.0010176214020037877,-0.042403658186160875,-0.3277031101742709,0.5779395448094176,0.4290289954260902,0.83,26355490816.0,2.17,False,7.945054945054945,5.335164835164834,-0.010075721305664809,0.0840621807223186,0.11269871590544955,0.0,,48.174187388075794,-0.09483293821158209,12.555794,9.235377,1.828666,7.053,0.14924,0.10258,0.17479,0.045,0.038,14.479,2.182,2215500032.0
MDT,Medtronic plc.,Healthcare,Medical Devices,14,6.111817137096774,Neutral,90.3,6.328125,5.96875,8.125,7.65625,4.7640625000000005,8.75,0.028220106960305573,0.048801876805715814,-0.012264983596729333,-0.006732534589445632,-0.0352478494106044,,0.9930595805060416,0.9741485658254339,0.11935960634967158,0.21466544582591296,0.03239460099370011,0.06315137295625105,,,86.37999725341797,-0.038444443355070246,-0.02624892481083585,-0.18762346230209748,0.1782839619890597,0.3958206315390057,0.574,110491926528.0,3.33,False,6.703125,4.578125,-0.30686687136187885,0.04898547919361698,0.2136296982326178,0.0,,38.07330248157526,-0.07519977508124676,21.275862,13.480677,2.201213,12.54,0.106479995,0.13934,0.19332,0.137,0.407,55.365,2.067,5412499968.0
PTON,"Peloton Interactive, Inc.",Consumer Cyclical,Leisure,68,5.509375937227549,Neutral,90.3,4.695945945945946,5.405405405405405,5.54054054054054,7.22972972972973,4.727027027027028,5.135135135135135,0.013466854559286846,0.00641521248646216,0.17413402323074625,-0.02615937933969528,-0.0352478494106044,,0.9925326961677924,0.6035688454817705,0.055309791349987814,0.025914492399164768,,,,,4.920000076293945,-0.09553834286928597,-0.07955660141360177,-0.4652173830115276,0.34794522638190295,0.2288288425754857,2.528,2159249408.0,3.08,False,6.472972972972973,6.527027027027026,-0.5347957141547504,0.16388797268573801,0.6056910320112798,0.0,,43.78452174779138,-0.2556732258826627,35.142857,20.788439,-15.471699,10.637,0.13569,0.025840001,0.14431,0.001,1.606,101.9265,2.837,353875008.0
ROL,"Rollins, Inc.",Consumer Cyclical,Personal Services,333,3.836949607672189,Débil,90.3,2.22972972972973,8.486486486486488,3.2432432432432434,3.513513513513513,4.727027027027028,1.3513513513513513,0.013466854559286846,0.00641521248646216,0.17413402323074625,-0.02615937933969528,-0.0352478494106044,,0.9925326961677924,0.6035688454817705,0.055309791349987814,0.025914492399164768,0.02055905776350529,0.005695600309293262,,,30.15999984741211,-0.1495936927988375,-0.39426013580117214,-0.5439975831960673,0.015488210350576015,0.012623486482220366,0.736,14511345664.0,2.39,False,4.391891891891892,1.2432432432432434,-0.715679880800832,0.034575532525885536,0.4198783228334295,0.0,,26.975421687960903,-0.46639165536121874,27.41818,23.38075,10.151464,18.167,0.37008998,0.1355,0.18799,0.079,0.031,78.015,0.629,501737504.0
NLY,Annaly Capital Management Inc.,Real Estate,REIT - Mortgage,17,6.046392668621702,Neutral,90.3,6.818181818181818,9.09090909090909,10.0,1.3636363636363635,4.981818181818183,9.09090909090909,0.028455075533460356,0.047302348120855174,0.03784409935648077,-0.006732534589445632,-0.0352478494106044,,0.9931295589711637,0.9528112841274767,0.12053610827650585,0.2012680211190514,,,,,18.5,-0.1701430942448302,-0.17549665184789032,-0.24551386623164762,0.007076755579749516,0.021138211382113664,1.238,13943716864.0,16.04,False,6.772727272727272,3.7727272727272725,1.3417238129980888,0.044356740474178355,0.30958216216216217,0.0,,15.790123697674602,-0.19085958355579286,4.4685993,5.9488783,0.91820526,13.786999999999999,0.19567,0.90681,0.91652,4.794,34.26,737.543,0.558,
NI,NiSource Inc,Utilities,Utilities - Regulated Gas,326,3.9261080645161295,Débil,90.3,1.5625,4.5,2.5,3.125,5.106250000000001,5.625,0.028455075533460356,0.047302348120855174,0.03784409935648077,-0.006732534589445632,-0.0352478494106044,,0.9931295589711637,0.9528112841274767,0.12053610827650585,0.2012680211190514,0.008707024564082143,0.014516994513513319,,,39.43000030517578,-0.05738409613162232,-0.1209952325711997,-0.19874008727543624,0.026288399405928642,0.09360521827393695,0.54,18909054976.0,3.04,False,4.8125,5.3125,-0.2590164560625535,-0.0937645978738943,0.2460900233254757,0.0,,37.180612912936084,-0.19123441322751702,20.752632,17.516037,1.9746594,12.768,0.085489996,0.13153,0.17156,0.046,-0.584,146.649,0.498,-1772999936.0
WDC,Western Digital Corporation,Technology,Computer Hardware,108,5.181403970223323,Neutral,90.3,5.961538461538462,9.54945054945055,8.076923076923077,4.615384615384615,4.774175824175825,0.32967032967032966,0.07441372398217906,0.11847256167282387,0.0547580711232026,-0.01971598510283539,0.05460226265429918,,0.9937798417789561,0.9580285284744481,0.34643039504430995,0.581193586982789,0.0969686314475718,0.2662933116089613,,,415.2900085449219,-0.11455459821192038,0.041328962667776636,-0.48080311982581936,2.6908105985151254,0.440488846359092,2.182,149729050624.0,0.13,False,4.637362637362637,2.0934065934065935,-0.80837200234707,0.015152370702578563,0.601090048686004,0.0,,39.2254406329855,-0.44330387517643965,15.426821,13.0801935,5.2149896,33.263,1.30853,0.72947,0.43608,0.438,9.841,13.436,1.329,2268750080.0
PAGS,PagSeguro Digital Ltd.,Technology,Software - Infrastructure,159,4.924876426799008,Débil,90.3,8.708791208791208,6.219780219780219,1.2637362637362637,5.054945054945055,2.2395604395604405,9.615384615384615,0.05725986152961707,0.1087375499955198,-0.5886360533536672,6.216447174862654e-05,0.05460226265429918,,0.9966000446135956,0.9539245246136695,0.25752066717092936,0.581193586982789,,,,,9.020000457763672,-0.02355585241148439,-0.07535540816970909,-0.26785710570100063,0.07125896172965218,0.15384627122145433,1.266,2486327296.0,12.63,False,5.021978021978022,4.648351648351648,1.0460286944688626,-0.7466058209578534,0.2460703358751959,0.0,,47.85488448690007,-0.17845899063998968,6.263889,4.878303,0.85805476,0.304,0.14535,0.10862,0.36203998,-0.002,0.101,11.823,1.55,-1856306432.0
OGN,Organon & Co.,Healthcare,Drug Manufacturers - General,81,5.400203981854839,Neutral,90.3,7.34375,6.25,0.859375,3.671875,4.7640625000000005,0.9375,0.028455075533460356,0.047302348120855174,0.03784409935648077,-0.006732534589445632,-0.0352478494106044,,0.9931295589711637,0.9528112841274767,0.12053610827650585,0.2012680211190514,,,,,13.720000267028809,0.00336406808752443,0.2638580155982191,-0.004715250850285901,1.4112478500929364,0.9919703850560604,1.518,3603001600.0,0.58,False,8.0703125,9.1328125,-0.4023588172370173,0.13620588345006562,-0.1800291704778304,0.0,,55.32053159218225,-0.004354097757986382,17.589745,3.7952554,3.5813103,7.047,0.24037,0.03411,0.20732,-0.023,-0.283,850.199,1.954,490750016.0
CART,Maplebear Inc.,Consumer Cyclical,Internet Retail,23,5.929647515257193,Neutral,90.3,4.256756756756757,6.8108108108108105,5.540540540540541,8.986486486486488,4.727027027027028,5.135135135135135,0.013466854559286846,0.00641521248646216,0.17413402323074625,-0.02615937933969528,-0.0352478494106044,,0.9925326961677924,0.6035688454817705,0.055309791349987814,0.025914492399164768,,,,,44.25,-0.06475093841939739,0.038754949491274227,-0.16002277904328022,0.35197066911090746,0.5774436090225564,0.799,10502003712.0,3.08,False,5.527027027027027,7.959459459459458,-0.5422583947351273,0.08739998891365847,0.31396293785310725,0.0,,41.045904178856716,-0.14542292307483762,24.180326,9.036163,4.4409876,15.353,0.16001,0.120459996,0.14094,0.141,0.081,1.348,2.279,917875008.0
NWL,Newell Brands Inc.,Consumer Defensive,Household & Personal Products,78,5.442343548387097,Neutral,90.3,7.2023809523809526,2.333333333333333,6.785714285714286,4.761904761904762,4.823809523809524,6.666666666666666,0.003854506623614832,0.014288791474738315,0.0,0.028690686208770404,-0.1069229189439744,,0.8643328893944904,0.8774866308495723,0.015236764355886168,0.05932175918302596,,,,,5.400000095367432,-0.06841940182737605,0.1574942597647353,-0.24263673276754116,0.7589576857874372,0.5738916491052787,0.887,2299859968.0,5.27,False,6.678571428571428,7.13095238095238,-0.596554529329505,0.1776738574024347,0.23263886711970327,0.0,,42.02826589191429,-0.14826498968407206,21.889729,7.8686233,0.9371746,8.54,-0.085939996,-0.0305,0.14744,0.03,1.266,232.966,1.111,408624992.0
INTR,Inter & Co. Inc.,Financial Services,Banks - Regional,144,4.996945598687807,Débil,90.3,7.0974576271186445,4.728813559322034,5.423728813559322,5.0,4.711864406779662,3.7288135593220337,0.028455075533460356,0.047302348120855174,0.03784409935648077,-0.006732534589445632,-0.0352478494106044,,0.9931295589711637,0.9528112841274767,0.12053610827650585,0.2012680211190514,,,,,5.480000019073486,0.007723431238228606,-0.21817319046349826,-0.4710424692014009,0.10261569800271353,0.09461966958691774,0.949,2419493888.0,2.13,False,5.983050847457626,3.9322033898305078,0.5019193007197247,0.022540040223670094,0.5634671478429254,0.0,,52.736106890293996,-0.3522458635503987,8.30303,5.94199,1.2013035,7.49,0.16198999,0.22915001,0.29732,0.238,0.324,140.535,1.5739999999999998,
MDLZ,"Mondelez International, Inc.",Consumer Defensive,Confectioners,175,4.840227956989247,Débil,90.3,4.523809523809524,4.9523809523809526,7.5,2.6190476190476186,4.823809523809524,5.238095238095238,0.003854506623614832,0.014288791474738315,0.0,0.028690686208770404,-0.1069229189439744,,0.8643328893944904,0.8774866308495723,0.015236764355886168,0.05932175918302596,0.009439225036456422,0.1656441717791411,,,58.189998626708984,-0.060851792004102845,-0.023334097679869048,-0.12693175353774977,0.13652341067790985,0.45242709557986927,0.402,74268368896.0,3.6,False,5.261904761904762,5.619047619047619,-0.38569051606512306,0.030327514572914098,0.18967643295707104,0.0,,34.34978290061572,-0.0967132643438058,21.315018,17.304033,2.7971928,15.48,0.13340001,0.08862001,0.21978001,0.041,1.449,82.643,0.599,2252375040.0
NEM,Newmont Corporation,Basic Materials,Gold,63,5.536525027808676,Neutral,90.3,5.172413793103448,8.793103448275861,3.6206896551724137,6.206896551724137,4.775862068965519,3.4482758620689657,0.028455075533460356,0.047302348120855174,0.03784409935648077,-0.006732534589445632,-0.0352478494106044,,0.9931295589711637,0.9528112841274767,0.12053610827650585,0.2012680211190514,0.03208360984805294,0.04400511279260444,,,115.55999755859375,-0.01582550610898692,0.03713899654012143,-0.14583489128099814,0.5195265951162886,0.6669479668905091,0.543,121764675584.0,0.91,False,5.43103448275862,6.413793103448276,-0.33275451297186687,0.07240092440371446,0.19191850908581953,0.0,,41.551006679407166,-0.14310674297083198,14.554155,11.294488,3.4723558,6.893,0.25905,0.33363998,0.51569,0.151,0.114,15.807,2.546,8815875072.0
ECHO,EchoStar Corporation,Communication Services,Telecom Services,230,4.629457677419356,Débil,90.3,5.65,2.44,2.5,6.300000000000001,4.796000000000001,9.0,0.028455075533460356,0.047302348120855174,0.03784409935648077,-0.006732534589445632,-0.0352478494106044,,0.9931295589711637,0.9528112841274767,0.12053610827650585,0.2012680211190514,,,,,94.25,0.05352699600050981,-0.1335392920395474,-0.35993208828522916,0.43324209245742074,0.3496134495030065,1.009,27409393664.0,5.325,False,4.38,5.2,0.1869348060499445,-0.6884683990943171,0.3946359681697611,0.0,,57.59271148135781,-0.3353314670550592,9.9890675,4.1465025,1.9339284,21.498,-0.33428,-0.38712,0.14279,-0.04,-0.0835,123.757,5.201,-18870501376.0
APA,APA Corporation,Energy,Oil & Gas E&P,45,5.720068064516128,Neutral,90.3,6.625,8.5,3.0,3.5,4.832500000000001,3.0,0.028455075533460356,0.047302348120855174,0.03784409935648077,-0.006732534589445632,-0.0352478494106044,,0.9931295589711637,0.9528112841274767,0.12053610827650585,0.2012680211190514,0.024011522232733517,0.09767802931379421,,,43.68000030517578,0.054206697523188296,0.23930715425162874,-0.07925800368516478,1.019417489837068,0.8543200428196739,0.366,15303354368.0,2.31,False,7.0249999999999995,8.274999999999999,0.05791682870291881,0.14027969949444224,0.05769230030260819,0.0,,53.12857932246562,-0.0786753755376764,9.21519,9.771375,2.1816003,3.417,0.26659,0.19564,0.56331,0.092,0.263,48.854,0.946,2146749952.0
BKR,Baker Hughes Company,Energy,Oil & Gas Equipment & Services,348,3.531749516129033,Débil,90.3,1.125,6.2,1.0,5.5,4.832500000000001,1.5,0.028455075533460356,0.047302348120855174,0.03784409935648077,-0.006732534589445632,-0.0352478494106044,,0.9931295589711637,0.9528112841274767,0.12053610827650585,0.2012680211190514,-0.006022998130125278,0.0037336385154825564,,,56.0,-0.076255138330793,-0.055789360094960605,-0.20465842920039767,0.2750455373406193,0.45602114005285016,0.961,55589748736.0,1.65,False,4.75,2.0,-0.3309315678017041,0.07942111926008473,0.2715773214285715,0.0,,37.64319340385537,-0.19055596873045322,18.006432,18.60193,2.7913468,11.287,0.16463,0.111669995,0.1283,-0.024,-0.042,80.925,2.095,4415000064.0
BP,BP p.l.c.,Energy,Oil & Gas Integrated,246,4.550780161290322,Débil,90.3,2.125,2.95,7.0,3.5,4.832500000000001,8.0,0.028455075533460356,0.047302348120855174,0.03784409935648077,-0.006732534589445632,-0.0352478494106044,,0.9931295589711637,0.9528112841274767,0.12053610827650585,0.2012680211190514,,,,,44.790000915527344,0.022840956467655493,0.07761008068307218,-0.07209444964724798,0.3688875585430118,0.7762058466577069,-0.22,115352371200.0,4.53,False,4.3999999999999995,7.300000000000001,-0.636207477923945,0.11164811342863838,0.14458113311240628,0.0,,53.98466073108267,-0.04620950194317238,21.430624,8.622548,7.93305,13.112,0.08868,0.02549,0.13149999,0.482,1.389,95.123,1.272,12878874624.0
CGNX,Cognex Corporation,Technology,Scientific & Technical Instruments,133,5.032611166253102,Neutral,90.3,3.021978021978022,6.076923076923077,4.450549450549451,7.967032967032967,4.774175824175825,2.197802197802198,0.07441372398217906,0.11847256167282387,0.0547580711232026,-0.01971598510283539,0.05460226265429918,,0.9937798417789561,0.9580285284744481,0.34643039504430995,0.581193586982789,,,,,64.97000122070312,0.04833272374009878,0.16828566122599176,-0.10853456063799216,0.8777457000203215,0.7933647131845122,1.49,10929503232.0,0.55,False,5.0989010989010985,6.4945054945054945,-0.7660484285811023,0.01790304388465732,0.2248568339974364,0.0,,61.5575647507833,-0.10161285098770124,61.292458,32.180096,6.706927,37.901,0.111490004,0.16051,0.29361,0.169,0.792,4.448,3.934,195671376.0
DOW,Dow Inc.,Basic Materials,Chemicals,313,4.020141268075639,Débil,90.3,4.7844827586206895,1.5862068965517242,5.172413793103448,2.586206896551724,4.775862068965519,9.827586206896552,0.028455075533460356,0.047302348120855174,0.03784409935648077,-0.006732534589445632,-0.0352478494106044,,0.9931295589711637,0.9528112841274767,0.12053610827650585,0.2012680211190514,0.050545312344600954,0.5196821568960318,,,27.969999313354492,-0.06387225174860456,-0.12540593225086838,-0.34557792902773765,0.35447938563460024,0.33137163030124456,0.424,20203870208.0,5.07,False,4.2844827586206895,3.3965517241379306,-0.27945784860203315,0.011761360053971695,0.202180937628607,0.0,,40.56247017051708,-0.30977306813359445,22.297928,16.293552,1.2739115,9.245,-0.0554,-0.03129,0.11594,0.197,0.469,111.913,1.749,237624992.0
VIAV,Viavi Solutions Inc.,Technology,Communication Equipment,204,4.708510669975186,Débil,90.3,3.85989010989011,2.956043956043956,8.241758241758241,3.626373626373626,4.774175824175825,8.186813186813186,0.07441372398217906,0.11847256167282387,0.0547580711232026,-0.01971598510283539,0.05460226265429918,,0.9937798417789561,0.9580285284744481,0.34643039504430995,0.581193586982789,,,,,47.099998474121094,0.23320377643457735,0.28549609572500456,-0.22058582700444984,2.851185484392567,0.7234439517452508,1.226,11621916672.0,1.56,False,5.618131868131868,4.472527472527473,-0.6132566268626651,0.01365630992539954,0.30421596581901555,0.0,,72.6320366151192,-0.1487439559836486,34.7154045,24.145054,8.03206,39.794,-0.02728,-0.02002,0.14308,0.525,3.265,48.243,1.846,158712496.0
ABNB,"Airbnb, Inc.",Consumer Cyclical,Travel Services,48,5.672144245858761,Neutral,90.3,1.2837837837837838,8.621621621621621,7.837837837837838,6.891891891891892,4.727027027027028,5.135135135135135,0.013466854559286846,0.00641521248646216,0.17413402323074625,-0.02615937933969528,-0.0352478494106044,,0.9925326961677924,0.6035688454817705,0.055309791349987814,0.025914492399164768,0.040483909022616414,0.05421911742267144,,,162.42999267578125,-0.03988929629443683,0.13320090918242466,-0.16036457084779643,0.4658423668963203,0.6246142162770137,1.161,97260748800.0,3.08,False,3.9189189189189193,8.682432432432432,-0.7777911299911824,0.032971932866714675,0.1359490754167305,0.0,,46.11677435378979,-0.1473491198121719,37.084473,26.253984,12.287616,30.8,0.34542,0.2045,0.21009001,0.165,0.334,32.004,1.408,3206874880.0
MRNA,"Moderna, Inc.",Healthcare,Biotechnology,154,4.9373254536290325,Débil,90.3,6.2890625,0.90625,4.296875,8.28125,4.7640625000000005,5.15625,0.028455075533460356,0.047302348120855174,0.03784409935648077,-0.006732534589445632,-0.0352478494106044,,0.9931295589711637,0.9528112841274767,0.12053610827650585,0.2012680211190514,0.0013483434095703272,0.04523705833180873,,,190.00999450683594,0.5706680320303199,1.8114088442985472,-0.09043912961117861,7.528276234597662,0.8987637885300094,1.106,75858812928.0,2.54,False,3.9140625,7.7578125,-0.5518564054126069,0.003944828193976982,-0.36494566870976464,0.0,,66.22189723105035,-0.06610641778827062,24.475063499999997,-42.691776,11.213337,-32.611,-0.38998002,-1.41427,-5.5793104,0.021,0.262,19.036,2.295,299249984.0
BRK-B,Berkshire Hathaway Inc. New,Financial Services,Insurance - Diversified,10,6.277388737014761,Neutral,90.3,6.313559322033898,4.0,6.483050847457627,9.491525423728813,4.711864406779662,5.847457627118644,0.028455075533460356,0.047302348120855174,0.03784409935648077,-0.006732534589445632,-0.0352478494106044,,0.9931295589711637,0.9528112841274767,0.12053610827650585,0.2012680211190514,,,,,502.6499938964844,-0.008861791386977624,0.020019273923392866,-0.06525459535001232,0.08327405421539269,0.52407424245876,0.603,1076027719680.0,3.33,False,8.177966101694915,7.796610169491526,42.01716155714547,0.06688977110497184,0.08955875191512752,0.0,,46.50096555206118,-0.05056474987309801,12.63257,23.223097,0.0009625145,-1.79,0.121199995,0.22296,0.32561,0.1,1.078,17.142,2.891,71975247872.0
BRK-A,Berkshire Hathaway Inc.,Financial Services,Insurance - Diversified,19,6.011936030617824,Neutral,90.3,5.211864406779661,4.0,6.483050847457627,9.491525423728813,4.711864406779662,5.847457627118644,0.028455075533460356,0.047302348120855174,0.03784409935648077,-0.006732534589445632,-0.0352478494106044,,0.9931295589711637,0.9528112841274767,0.12053610827650585,0.2012680211190514,,,,,754790.0,-0.007686847693031962,0.02111578534963532,-0.06365563705878774,0.08136103151862462,0.5253323219522122,0.603,1077190983680.0,3.33,False,6.872881355932204,8.084745762711865,0.10953201802520196,0.06681753650231222,0.05923866240941189,0.0,,47.36765818238172,-0.04916132852112898,12.6454735,23.332136,1.4453324,6.414,0.121199995,0.22296,0.32561,0.1,1.078,17.142,2.891,71975247872.0
LLY,Eli Lilly and Company,Healthcare,Drug Manufacturers - General,257,4.486053024193549,Débil,90.3,0.546875,9.84375,7.5,3.28125,4.7640625000000005,1.25,0.028455075533460356,0.047302348120855174,0.03784409935648077,-0.006732534589445632,-0.0352478494106044,,0.9931295589711637,0.9528112841274767,0.12053610827650585,0.2012680211190514,0.10265891622818545,0.1516498289384229,,,1142.8499755859375,-0.029550231668244997,0.064689719202637,-0.11588598956721663,0.45799575886449895,0.7055817130226758,0.502,1019126611968.0,0.6,False,2.3828125,5.421875,-0.8603735779733772,0.010858219088824523,0.16273677944360876,0.0,,43.04841498407388,-0.10738553345578439,38.376427,24.139105,30.073418,25.676,1.02286,0.33528998,0.54222,0.477,0.262,162.071,1.355,11065900032.0
JPM,JP Morgan Chase & Co.,Financial Services,Banks - Diversified,82,5.393232094040459,Neutral,90.3,4.004237288135593,8.35593220338983,7.5423728813559325,5.0,4.711864406779662,3.050847457627119,0.028455075533460356,0.047302348120855174,0.03784409935648077,-0.006732534589445632,-0.0352478494106044,,0.9931295589711637,0.9528112841274767,0.12053610827650585,0.2012680211190514,0.07357152951218428,,,,332.3800048828125,-0.057311198810358066,0.03318162580104356,-0.09309684888727832,0.19089933673526494,0.6096110398491131,0.975,883527974912.0,1.98,False,4.73728813559322,6.050847457627118,-0.20451858536160783,0.022540040223670094,0.13066217726454243,0.0,,34.4994142287498,-0.08981868790958011,14.228596,13.286049,2.4989662,7.49,0.17789,0.34921002,0.50394,0.304,0.469,140.535,1.5739999999999998,
ASML,ASML Holding N.V. - New York Re,Technology,Semiconductor Equipment & Materials,272,4.378808436724565,Débil,90.3,1.1538461538461537,8.505494505494505,2.6923076923076925,5.1098901098901095,4.774175824175825,2.087912087912088,0.07441372398217906,0.11847256167282387,0.0547580711232026,-0.01971598510283539,0.05460226265429918,,0.9937798417789561,0.9580285284744481,0.34643039504430995,0.581193586982789,0.04852088385299979,0.061710901443831574,,,1867.31005859375,0.08546085455806818,0.21341849111268174,-0.06632629722906958,0.9962476973666627,0.875393413737025,1.363,717233782784.0,0.5,False,3.2527472527472527,6.269230769230769,-0.9853397982210854,0.011764190715122889,0.12300803519434256,0.0,,64.78362746989687,-0.06017519062212737,64.94991,31.745806,1611.8478,2860.648,0.53942,0.30114,0.37057,0.213,0.285,9.092,1.334,8437675008.0
V,Visa Inc.,Financial Services,Credit Services,216,4.663854291962822,Débil,90.3,0.7203389830508472,9.830508474576272,2.9661016949152543,4.6610169491525415,4.711864406779662,0.3389830508474576,0.028455075533460356,0.047302348120855174,0.03784409935648077,-0.006732534589445632,-0.0352478494106044,,0.9931295589711637,0.9528112841274767,0.12053610827650585,0.2012680211190514,0.033955379142491235,0.031549581057872186,,,360.6600036621094,-0.021238246060611865,0.068941300173893,-0.06460563928181817,0.22719386049919832,0.7282941062621006,0.761,677086953472.0,0.74,False,4.440677966101695,7.466101694915253,-0.8039948611556162,0.030134978474140366,0.16276167510075856,0.0,,41.305548931390696,-0.06112357497517378,30.64231,24.03711,19.112877,21.611,0.6119,0.50782,0.66130996,0.144,0.102,67.821,0.985,20404000768.0
JNJ,Johnson & Johnson,Healthcare,Drug Manufacturers - General,295,4.205534374999999,Débil,90.3,1.875,7.84375,3.59375,4.84375,4.7640625000000005,1.875,0.028455075533460356,0.047302348120855174,0.03784409935648077,-0.006732534589445632,-0.0352478494106044,,0.9931295589711637,0.9528112841274767,0.12053610827650585,0.2012680211190514,0.016261667258497217,0.013517814228829706,,,256.0299987792969,-0.037719245467486395,0.060175459926820274,-0.08908813185577658,0.39952989384113313,0.7448282765647293,0.235,617006301184.0,2.07,False,3.203125,4.59375,-0.6770830161773035,0.027366211799779685,0.090781319890326,0.0,,32.63818010545151,-0.08045108101040006,29.736355,21.093262,7.2562633,18.686,0.25742,0.21482,0.2919,0.066,-0.009,57.709,1.089,16885125120.0
MA,Mastercard Incorporated,Financial Services,Credit Services,294,4.2165508474576265,Débil,90.3,0.7203389830508472,9.830508474576272,3.6440677966101696,0.9322033898305087,4.711864406779662,0.3389830508474576,0.028455075533460356,0.047302348120855174,0.03784409935648077,-0.006732534589445632,-0.0352478494106044,,0.9931295589711637,0.9528112841274767,0.12053610827650585,0.2012680211190514,0.033707610233953786,0.038546125939213575,,,552.260009765625,-0.031568947769632816,0.03759162442592956,-0.08144967854959839,0.1888831692190327,0.6417965749807988,0.735,483785244672.0,0.63,False,4.5,6.788135593220338,-0.9073048816564017,0.035059461797970926,0.20724620325659338,0.0,,38.8742802239618,-0.07935181000286322,30.327295,23.985432,86.3446,22.289,2.41202,0.46339,0.61108,0.141,0.221,439.583,1.061,16961250304.0
ABBV,AbbVie Inc.,Healthcare,Drug Manufacturers - General,79,5.410217086693549,Neutral,90.3,3.4375,7.65625,8.359375,1.71875,4.7640625000000005,7.8125,0.028455075533460356,0.047302348120855174,0.03784409935648077,-0.006732534589445632,-0.0352478494106044,,0.9931295589711637,0.9528112841274767,0.12053610827650585,0.2012680211190514,0.02494465878186073,0.029450054337207248,,,262.82000732421875,0.019770744912277483,0.13607532852779536,-0.02438840593853242,0.3778244158543578,0.9164548235531379,0.281,464433774592.0,2.66,False,3.6953125,8.6953125,-0.5750309539423044,0.03632434034501546,0.0610194894941829,0.0,,53.78515891020431,-0.012993809039130645,74.877495,16.164665,-78.24353,17.023,0.25742,0.098000005,0.40035,0.102,2.904,128.408,0.809,16870250496.0
AMAT,"Applied Materials, Inc.",Technology,Semiconductor Equipment & Materials,327,3.893463275434243,Débil,90.3,2.5,8.241758241758243,3.6263736263736264,4.835164835164835,2.0802197802197804,1.5384615384615385,0.04467216432105656,0.06705744687459783,0.06036179389472799,-0.04799644275519753,-0.16083449656520857,,0.9535253715467839,0.9516980436412839,0.19457916211715465,0.3051307823735825,0.06246555237045204,0.09487870816352689,,,540.0399780273438,0.10764207847872065,0.26693753199916803,-0.2698906566072117,1.655063805444168,0.6277434464492584,1.597,428574343168.0,0.4,False,3.598901098901099,4.478021978021978,-0.8300787033655875,0.007175826441841996,0.18314288940965873,0.0,,69.19906206322437,-0.2522580324024914,46.595337,29.255379,16.724163,41.178,0.41068,0.30052,0.33736,0.248,0.428,28.666,2.423,3075375104.0
COST,Costco Wholesale Corporation,Consumer Defensive,Discount Stores,136,5.022793010752689,Neutral,90.3,0.41666666666666685,5.142857142857142,7.380952380952381,7.3809523809523805,8.714285714285715,0.7142857142857142,0.02869004410661514,0.03240886543954835,0.03841852500854691,-0.0916555570152324,-0.0352478494106044,,0.9941444614375377,0.9769834393120982,0.12147620329286046,0.13804200371797326,0.03258663033156524,0.04126177887733809,,,920.6500244140625,-0.013487648784186401,-0.04210660129769239,-0.16037389474321706,0.09074002371165868,0.3033989241564829,0.855,408092835840.0,0.64,False,2.1785714285714284,6.511904761904762,-0.7889707438073489,0.017514397226032912,0.1491260217728403,0.0,,51.37768117015515,-0.1573636779156866,44.32595,36.8047,11.398273,27.358,0.28402,0.03043,0.03971,0.111,0.15,23.953,1.06,7147500032.0
CAT,"Caterpillar, Inc.",Industrials,Farm & Heavy Construction Machinery,124,5.095279091995221,Neutral,90.3,3.7037037037037037,8.703703703703704,8.24074074074074,2.962962962962963,4.7851851851851865,1.4814814814814814,0.028455075533460356,0.047302348120855174,0.03784409935648077,-0.006732534589445632,-0.0352478494106044,,0.9931295589711637,0.9528112841274767,0.12053610827650585,0.2012680211190514,0.05616559290547679,0.11637014255948655,,,845.4199829101562,0.025458998996830573,0.0650064132053596,-0.21243457333281512,0.7483610441736248,0.6134325285385164,1.594,388618321920.0,0.79,False,3.518518518518518,6.703703703703703,-0.8243815819840401,0.012992181920438056,0.1539899218394496,0.0,,58.83399352546302,-0.2046311642780001,36.40913,26.111473,20.036972,25.786,0.56972003,0.14511,0.22183001,0.24,0.682,232.783,1.368,5048999936.0
CVX,Chevron Corporation,Energy,Oil & Gas Integrated,70,5.505241451612903,Neutral,90.3,3.0,5.3999999999999995,9.0,6.75,4.832500000000001,7.0,0.028455075533460356,0.047302348120855174,0.03784409935648077,-0.006732534589445632,-0.0352478494106044,,0.9931295589711637,0.9528112841274767,0.12053610827650585,0.2012680211190514,0.13537202723551095,0.3761673237418545,,,206.69000244140625,0.02168732602253365,0.1091429159334516,-0.050922938555394204,0.4109495695365297,0.8444382443737726,0.491,405443805184.0,3.44,False,3.875,7.5,-0.2718411421193351,0.054098742779029096,0.08677244833686659,0.0,,51.93016974307163,-0.05087937555069359,19.874039,14.620831,2.1352272,8.694,0.12231,0.09834,0.21866,0.535,3.219,18.959,1.252,21934000128.0
GE,GE Aerospace,Industrials,Aerospace & Defense,228,4.643239665471923,Débil,90.3,2.314814814814815,8.555555555555555,7.037037037037037,3.3333333333333335,4.7851851851851865,0.5555555555555556,0.028455075533460356,0.047302348120855174,0.03784409935648077,-0.006732534589445632,-0.0352478494106044,,0.9931295589711637,0.9528112841274767,0.12053610827650585,0.2012680211190514,0.048144383894215645,0.04194985860505162,,,309.55999755859375,-0.09621107728687639,-0.04398515280581916,-0.2038884951172879,0.15116580848088113,0.33894769914611644,1.35,321187840000.0,0.6,False,4.425925925925926,4.962962962962963,-0.8161238663317525,0.020531988458840782,0.2818500553350458,0.0,,34.78044243948099,-0.18797545625268125,36.547813,34.11351,18.208342,29.142,0.48231998,0.17716,0.20571,0.211,0.194,113.225,0.982,6594625024.0
HSBC,"HSBC Holdings, plc.",Financial Services,Banks - Diversified,96,5.250384636413341,Neutral,90.3,4.216101694915254,8.05084745762712,6.1440677966101696,5.0,4.711864406779662,6.271186440677966,0.028455075533460356,0.047302348120855174,0.03784409935648077,-0.006732534589445632,-0.0352478494106044,,0.9931295589711637,0.9528112841274767,0.12053610827650585,0.2012680211190514,,,,,96.13999938964844,-0.06928385594085751,0.04454300580070614,-0.10915493523305753,0.48708429063647984,0.7277559368996633,0.571,328925478912.0,3.91,False,3.788135593220339,5.508474576271187,-0.5366828805812613,0.022540040223670094,0.10339089529286838,0.0,,32.23848118554781,-0.10435545282735906,13.734285,10.151137,7.631673,7.49,0.13104999,0.37797,0.58768004,0.254,0.341,140.535,1.5739999999999998,
HD,"Home Depot, Inc. (The)",Consumer Cyclical,Home Improvement Retail,245,4.558457367044464,Débil,90.3,3.3445945945945943,7.756756756756757,3.2432432432432434,2.027027027027027,5.127027027027028,8.378378378378379,0.013466854559286846,0.00641521248646216,0.17413402323074625,-0.02615937933969528,0.1286498216996654,,0.9925326961677924,0.6035688454817705,0.055309791349987814,0.025914492399164768,0.015510963890625552,0.01551352208713745,,,282.8500061035156,-0.12544058467777008,-0.16668054470744598,-0.28866029700094153,0.02056650226778145,0.047310807632101985,0.955,282196508672.0,3.3,False,4.391891891891891,4.175675675675675,-0.7414132372527776,0.0381387603788873,0.3335248077101307,0.0,,26.51351291622504,-0.20387145541418372,19.807425,17.650768,16.98799,13.912,1.0429599,0.0841,0.12858,0.057,0.046,380.261,1.078,10762625024.0
MS,Morgan Stanley,Financial Services,Capital Markets,174,4.848420448332423,Débil,90.3,4.788135593220339,6.5593220338983045,8.050847457627118,4.661016949152542,4.711864406779662,4.915254237288136,0.028455075533460356,0.047302348120855174,0.03784409935648077,-0.006732534589445632,-0.0352478494106044,,0.9931295589711637,0.9528112841274767,0.12053610827650585,0.2012680211190514,0.06360179988005427,,,,190.30999755859375,-0.09349255417517521,-0.018084774826142347,-0.1805812806949677,0.25335878265670275,0.4784230513442824,1.207,298894458880.0,2.45,False,3.3135593220338984,3.3389830508474576,-0.2781739440434611,-0.03269414756009703,0.2265701907128166,0.0,,30.01590954260979,-0.16273199710021036,15.384802,13.976374,2.8068907,-4.5605,0.17969999,0.25897,0.41567,0.28,0.624,517.282,1.999,
JPM-PC,J P Morgan Chase & Co Depositar,Financial Services,Banks - Diversified,16,6.064269546200109,Neutral,90.3,7.22457627118644,8.35593220338983,7.5423728813559325,5.0,4.711864406779662,8.47457627118644,0.028455075533460356,0.047302348120855174,0.03784409935648077,-0.006732534589445632,-0.0352478494106044,,0.9931295589711637,0.9528112841274767,0.12053610827650585,0.2012680211190514,,,,,22.860000610351562,-0.06421925717384547,-0.08594366076948812,-0.11119748793345396,0.008381147346782525,0.06229528208247901,0.975,,6.52,False,6.754237288135593,3.5338983050847457,7.786773504363326,0.022540040223670094,,0.0,,25.274646179507712,-0.08596559771508636,1.6955941,11.2889995,0.17187065,7.49,0.17789,0.34921002,0.50394,0.304,0.469,140.535,1.5739999999999998,
PANW,"Palo Alto Networks, Inc.",Technology,Software - Infrastructure,328,3.8927803970223325,Débil,90.3,1.0439560439560438,3.1813186813186816,5.549450549450549,4.065934065934066,2.5494505494505497,7.032967032967034,0.07441372398217906,0.10773810007810213,-0.5886360533536672,0.6086481035877777,0.05460226265429918,,0.9966000446135956,0.1910086553969297,0.34643039504430995,0.4669915264204314,0.0823552241716717,0.6610138664762585,,,403.239990234375,0.11915172225801718,0.6177919820294255,-0.015286959134615419,1.8891594915409833,0.976808766103712,0.908,329850322944.0,1.45,False,3.291208791208791,8.208791208791208,-0.9567899128412235,0.012856209623053628,-0.015673024470369668,0.0,,62.60289347789467,0.0,1008.1,82.6469,11.953872,207.454,0.01739,0.02674,0.05396,0.345,0.7725,9.337,0.871,4240624896.0
JPM-PD,J P Morgan Chase & Co Depositar,Financial Services,Banks - Diversified,20,5.995232094040459,Neutral,90.3,7.22457627118644,8.35593220338983,7.5423728813559325,5.0,4.711864406779662,8.813559322033898,0.028455075533460356,0.047302348120855174,0.03784409935648077,-0.006732534589445632,-0.0352478494106044,,0.9931295589711637,0.9528112841274767,0.12053610827650585,0.2012680211190514,,,,,21.6200008392334,-0.06258397117366055,-0.10639274949617217,-0.14881886459711025,0.010280413048289638,0.055000209808349965,0.975,,6.62,False,6.754237288135593,2.830508474576271,8.290732649198587,0.022540040223670094,,0.0,,28.27267408100903,-0.10386122669053185,1.6036197,11.2889995,0.16254784,7.49,0.17789,0.34921002,0.50394,0.304,0.469,140.535,1.5739999999999998,
GS,"Goldman Sachs Group, Inc. (The)",Financial Services,Capital Markets,221,4.6506886276653905,Débil,90.3,5.169491525423728,7.508474576271185,9.237288135593221,1.1864406779661014,4.711864406779662,4.067796610169491,0.028455075533460356,0.047302348120855174,0.03784409935648077,-0.006732534589445632,-0.0352478494106044,,0.9931295589711637,0.9528112841274767,0.12053610827650585,0.2012680211190514,0.09810996088920071,,,,902.5599975585938,-0.10391368839099435,-0.059485051434574165,-0.2178788398871795,0.2196591904955254,0.39265181303104923,1.283,262799654912.0,2.23,False,3.491525423728813,2.7881355932203387,-0.1953904156082329,-0.03269414756009703,0.23731386613719407,0.0,,32.13532340211647,-0.21273845370835712,13.941304,12.35921,2.492922,-4.5605,0.16902,0.31039,0.42176998,0.425,0.923,725.381,1.563,
RTX,RTX Corporation,Industrials,Aerospace & Defense,64,5.528348685782557,Neutral,90.3,5.0,6.111111111111111,6.944444444444445,4.444444444444445,4.7851851851851865,8.88888888888889,0.028455075533460356,0.047302348120855174,0.03784409935648077,-0.006732534589445632,-0.0352478494106044,,0.9931295589711637,0.9528112841274767,0.12053610827650585,0.2012680211190514,0.034601055488376393,0.043831535323103445,,,184.67999267578125,-0.10790111036182837,-0.05243596938538275,-0.18600144271958197,0.1865843785388157,0.40763605665049496,0.287,248903958528.0,1.58,False,7.537037037037037,4.231481481481481,-0.570415408363679,0.03969402724821899,0.2677948845874327,0.0,,24.05373432777904,-0.18098368807135448,32.514084,23.52195,3.7498477,17.72,0.12274,0.08276,0.12696,0.145,0.287,57.02,1.011,9880000512.0
RY,Royal Bank Of Canada,Financial Services,Banks - Diversified,187,4.763255057408419,Débil,90.3,2.98728813559322,7.898305084745763,2.0338983050847457,5.0,4.711864406779662,5.254237288135593,0.028455075533460356,0.047302348120855174,0.03784409935648077,-0.006732534589445632,-0.0352478494106044,,0.9931295589711637,0.9528112841274767,0.12053610827650585,0.2012680211190514,0.021820859876432522,,,,195.6699981689453,-0.0544410480499492,0.05060424735212132,-0.10477193499132853,0.36707886654751154,0.6964474836816718,0.915,270891384832.0,2.6,False,4.5593220338983045,6.067796610169491,-0.3265803263527156,0.022540040223670094,0.060219563250983876,0.0,,33.44076515927392,-0.09649852223301625,17.517458,15.582164,2.832304,7.49,0.16209,0.33870998,0.46436,0.089,0.128,140.535,1.5739999999999998,
ARM,Arm Holdings plc,Technology,Semiconductors,155,4.936901488833747,Débil,90.3,0.5769230769230771,5.373626373626374,5.0,8.241758241758243,6.570879120879123,5.604395604395604,0.15157463111841535,0.18686876297458943,0.08644022771707216,-0.014252269139233852,0.046344533934074575,,0.993489689607621,0.9967601092747992,0.8356987558501576,1.1192808609591967,,,,,307.489990234375,0.1590388380525969,0.43102844420724784,-0.3207643246424232,2.0742850453346833,0.5882669565452393,3.89,328398864384.0,0.91,False,2.675824175824176,6.681318681318681,-0.9563674668769874,0.004063655854910498,-0.06109138778812517,0.0,,58.51636924108829,-0.3003003772510499,310.59595,100.659294,38.05098,290.323,0.13352999,0.20247999,0.07603,0.224,1.083,5.62,5.252,1334499968.0
PM,Philip Morris International Inc,Consumer Defensive,Tobacco,69,5.508115053763441,Neutral,90.3,4.226190476190476,7.738095238095237,5.238095238095238,5.0,4.823809523809524,4.761904761904762,0.003854506623614832,0.014288791474738315,0.0,0.028690686208770404,-0.1069229189439744,,0.8643328893944904,0.8774866308495723,0.015236764355886168,0.05932175918302596,0.02535368016610256,0.07190490865726588,,,187.4600067138672,-0.01365805877080739,0.05458199554104781,-0.09770886256321143,0.3191190395740424,0.6907845653292793,0.395,292177674240.0,3.4,False,4.428571428571429,8.547619047619047,-0.596554529329505,0.03324817572481749,0.11028124690984309,0.0,,45.06850354341293,-0.06349598626838561,25.75,20.39653,-34.040314,18.782,0.13424,0.25559,0.40002,0.104,-0.075,81.617,0.98,9714374656.0
GEV,GE Vernova Inc.,Industrials,Specialty Industrial Machinery,62,5.541205017921147,Neutral,90.3,2.8703703703703702,8.481481481481481,8.055555555555555,4.62962962962963,4.7851851851851865,0.5555555555555556,0.028455075533460356,0.047302348120855174,0.03784409935648077,-0.006732534589445632,-0.0352478494106044,,0.9931295589711637,0.9528112841274767,0.12053610827650585,0.2012680211190514,0.05059046376290864,0.14992679074807772,,,988.7000122070312,0.023614054547986818,0.07940806931163436,-0.17328627505808714,0.8649087298306761,0.6887260239223636,0.967,263324024832.0,0.2,False,5.981481481481481,8.148148148148147,-0.8102029758140149,0.059706383882103704,0.24440273572320903,0.0,,57.774748417968716,-0.15845290116747415,28.362019,39.350037,22.022497,64.973,0.82577,0.23035,0.07466,0.219,0.328,28.364,0.85,15722125312.0
NVS,Novartis AG,Healthcare,Drug Manufacturers - General,218,4.654758669354839,Débil,90.3,4.765625,8.40625,1.71875,2.34375,4.7640625000000005,9.0625,0.028455075533460356,0.047302348120855174,0.03784409935648077,-0.006732534589445632,-0.0352478494106044,,0.9931295589711637,0.9528112841274767,0.12053610827650585,0.2012680211190514,,,,,141.0,-0.06513304283944954,-0.06438466769332196,-0.17282646955297432,0.15982561487209024,0.3974227858457762,0.49,268000804864.0,3.36,False,4.078125,4.015625,-0.595343536095133,0.044403784973850786,0.10841390070921997,0.0,,40.56129678765785,-0.13544666646582337,21.299093,14.333449,6.4513173,13.417,0.3035,0.22502,0.3462,0.008,-0.17,116.85,0.862,11900250112.0
UNH,UnitedHealth Group Incorporated,Healthcare,Healthcare Plans,229,4.6300293346774195,Débil,90.3,4.53125,4.8125,5.0,2.890625,4.7640625000000005,5.15625,0.028455075533460356,0.047302348120855174,0.03784409935648077,-0.006732534589445632,-0.0352478494106044,,0.9931295589711637,0.9528112841274767,0.12053610827650585,0.2012680211190514,0.0009250116145609579,0.1303111530600396,,,371.8999938964844,-0.05794155058799655,0.044081151570951604,-0.19435900979921938,0.45290461341752697,0.5637247454241885,0.622,333815513088.0,2.54,False,6.8125,4.46875,-0.47525729756782853,0.07271157249543816,0.29529445524563047,0.0,,41.30323954071624,-0.1424544816682902,23.901028,16.448336,3.4187956,14.136,0.14152999,0.03135,0.071329996,0.004,0.615,69.211,0.777,24272250880.0
MUFG,"Mitsubishi UFJ Financial Group,",Financial Services,Banks - Diversified,80,5.409195462001092,Neutral,90.3,3.834745762711864,5.1525423728813555,7.669491525423728,5.0,4.711864406779662,4.661016949152542,0.028455075533460356,0.047302348120855174,0.03784409935648077,-0.006732534589445632,-0.0352478494106044,,0.9931295589711637,0.9528112841274767,0.12053610827650585,0.2012680211190514,,,,,22.81999969482422,-0.0008406732799652872,0.1672663968360133,-0.05935697877888635,0.5608754921220396,0.8506223749817653,0.321,256856555520.0,2.38,False,4.915254237288135,9.050847457627118,-0.09763121502919125,0.022540040223670094,-0.024306735418143988,0.0,,47.479868891698736,-0.05428924622891552,15.523809,22.15534,1.779984,7.49,0.09458999,0.27446,0.45599997,0.288,0.509,140.535,1.5739999999999998,
BML-PH,Bank of America Corporation Dep,Financial Services,Banks - Diversified,46,5.713651448879169,Neutral,90.3,6.927966101694916,5.3559322033898304,5.338983050847457,5.0,4.711864406779662,8.305084745762713,0.028455075533460356,0.047302348120855174,0.03784409935648077,-0.006732534589445632,-0.0352478494106044,,0.9931295589711637,0.9528112841274767,0.12053610827650585,0.2012680211190514,,,,,18.29010009765625,-0.012428159257898086,-0.03876251217142579,-0.11556575930095503,0.002197265625,0.016502097800925927,1.164,,6.5,False,6.576271186440678,6.474576271186441,2.0493289180674368,0.022540040223670094,,0.0,,43.24986299308524,-0.048083436639091114,5.204923,11.2889995,0.4649001,7.49,0.111990005,0.29524,0.38305,0.168,0.341,140.535,1.5739999999999998,
BML-PG,Bank of America Corporation Dep,Financial Services,Banks - Diversified,35,5.818729907053034,Neutral,90.3,6.843220338983051,5.3559322033898304,5.338983050847457,5.0,4.711864406779662,8.64406779661017,0.028455075533460356,0.047302348120855174,0.03784409935648077,-0.006732534589445632,-0.0352478494106044,,0.9931295589711637,0.9528112841274767,0.12053610827650585,0.2012680211190514,,,,,18.43000030517578,-0.0075443694338866996,-0.03267138917698498,-0.1186035243818373,0.01654717623694335,0.10791377884020939,1.164,,6.56,False,6.516949152542374,7.296610169491524,2.0261817807169757,0.022540040223670094,,0.0,,46.53829523545783,-0.03540440702290162,5.2447357,11.2889995,0.46845612,7.49,0.111990005,0.29524,0.38305,0.168,0.341,140.535,1.5739999999999998,
SHEL,Shell PLC,Energy,Oil & Gas Integrated,13,6.128845483870968,Neutral,90.3,6.625,5.25,7.0,6.5,4.832500000000001,6.5,0.028455075533460356,0.047302348120855174,0.03784409935648077,-0.006732534589445632,-0.0352478494106044,,0.9931295589711637,0.9528112841274767,0.12053610827650585,0.2012680211190514,,,,,96.2300033569336,0.03961629762360319,0.12551357016252984,-0.02949923496612783,0.40225870101178285,0.9041927074003797,-0.22,274291736576.0,3.27,False,6.675,8.125,0.1939900422372347,0.0782319399186653,0.0788041814249818,0.0,,58.37202414245229,-0.027488566702345042,10.644912,9.341458,1.4826514,5.364,0.14341,0.08756,0.16691,0.447,2.2,40.2,1.435,21458374656.0
BAC-PB,Bank of America Corporation Dep,Financial Services,Banks - Diversified,109,5.180442044833242,Neutral,90.3,6.419491525423729,5.3559322033898304,5.338983050847457,5.0,4.711864406779662,8.983050847457628,0.028455075533460356,0.047302348120855174,0.03784409935648077,-0.006732534589445632,-0.0352478494106044,,0.9931295589711637,0.9528112841274767,0.12053610827650585,0.2012680211190514,,,,,22.399999618530273,-0.06568514587719698,-0.09725448410509852,-0.13110940191891884,0.013574643372410433,0.08152163547018262,1.164,,6.68,False,6.220338983050848,2.813559322033898,1.4898451826755275,0.022540040223670094,,0.0,,22.271326519309923,-0.09825728073077698,6.374502,11.2889995,0.5693661,7.49,0.111990005,0.29524,0.38305,0.168,0.341,140.535,1.5739999999999998,
AZN,AstraZeneca PLC,Healthcare,Drug Manufacturers - General,289,4.2586341733870965,Débil,90.3,5.15625,7.0625,3.984375,3.90625,4.7640625000000005,1.5625,0.028455075533460356,0.047302348120855174,0.03784409935648077,-0.006732534589445632,-0.0352478494106044,,0.9931295589711637,0.9528112841274767,0.12053610827650585,0.2012680211190514,,,,,156.89999389648438,-0.04075774701874113,-0.13906870222978263,-0.2623760335833559,0.022749455032164745,0.05885318543818512,0.205,243337101312.0,2.03,False,3.640625,2.6875,-0.5547183717894759,0.020158764140575776,0.35228003985763134,0.0,,37.88065400538314,-0.23459685988585124,23.452913,13.549222,4.8385606,13.668,0.21965,0.17021999,0.23459,0.064,0.025,64.225,0.886,4905375232.0
BAC-PK,Bank of America Corporation Dep,Financial Services,Banks - Diversified,117,5.136007927829415,Neutral,90.3,6.504237288135593,5.3559322033898304,5.338983050847457,5.0,4.711864406779662,9.152542372881356,0.028455075533460356,0.047302348120855174,0.03784409935648077,-0.006732534589445632,-0.0352478494106044,,0.9931295589711637,0.9528112841274767,0.12053610827650585,0.2012680211190514,,,,,21.309999465942383,-0.08609729371819963,-0.12564733421549346,-0.15570525095315435,0.013111954148119942,0.06557598220133729,1.164,,6.88,False,6.279661016949152,2.23728813559322,1.6172000253339682,0.022540040223670094,,0.0,,22.614804559615564,-0.1200950015203803,6.064314,11.2889995,0.5416603,7.49,0.111990005,0.29524,0.38305,0.168,0.341,140.535,1.5739999999999998,
SAP,SAP  SE,Technology,Software - Application,248,4.5414722084367245,Débil,90.3,2.8296703296703303,6.791208791208791,2.032967032967033,3.5714285714285716,4.774175824175825,6.263736263736264,0.07441372398217906,0.11847256167282387,0.0547580711232026,-0.01971598510283539,0.05460226265429918,,0.9937798417789561,0.9580285284744481,0.34643039504430995,0.581193586982789,0.022762624936942637,0.013443662482038744,,,208.57000732421875,0.016212069639630178,0.07700537740611835,-0.2587340252186845,0.43871150806524617,0.4662757135206653,0.775,240732389376.0,1.39,False,4.675824175824176,6.417582417582417,-0.8884655776831905,0.037762365652431386,0.2058301345746576,0.0,,48.95194175357611,-0.058544670736549634,27.55218,21.530163,65.646065,291.283,0.18320999,0.20413,0.2762,0.094,0.306,21.966,1.148,9090624512.0
BML-PL,Bank of America Corporation Dep,Financial Services,Banks - Diversified,37,5.799392837616183,Neutral,90.3,6.588983050847458,5.3559322033898304,5.338983050847457,5.0,4.711864406779662,7.627118644067796,0.028455075533460356,0.047302348120855174,0.03784409935648077,-0.006732534589445632,-0.0352478494106044,,0.9931295589711637,0.9528112841274767,0.12053610827650585,0.2012680211190514,,,,,19.979999542236328,0.03615536886853632,0.024717885478507506,-0.04080655102081954,0.09961472439385388,0.6804509557279431,1.164,,5.83,False,6.3389830508474585,8.050847457627118,1.791418039036087,0.022540040223670094,,0.0,,64.76062676502738,-0.010891149128407804,5.685828,11.2889995,0.5078542,7.49,0.111990005,0.29524,0.38305,0.168,0.341,140.535,1.5739999999999998,
AXP,American Express Company,Financial Services,Credit Services,355,3.289605795516676,Débil,90.3,1.6313559322033897,5.271186440677966,2.7966101694915255,1.8644067796610169,4.711864406779662,1.0169491525423728,0.028455075533460356,0.047302348120855174,0.03784409935648077,-0.006732534589445632,-0.0352478494106044,,0.9931295589711637,0.9528112841274767,0.12053610827650585,0.2012680211190514,0.031055719459584172,,,,302.7799987792969,-0.07749550057615584,-0.0897479737684086,-0.21861209636559176,0.040588372613316936,0.12235804785844229,1.048,204470304768.0,1.26,False,5.004237288135593,2.73728813559322,-0.5466411141057312,0.0664924080425616,0.24126012786581041,0.0,,32.80520572336921,-0.16259647469101343,18.361431,15.005756,5.9619966,14.5505,0.34377,0.16141,0.2032,0.128,0.11,172.38,1.553,
BHP,BHP Group Limited,Basic Materials,Other Industrial Metals & Mining,123,5.097413236929922,Neutral,90.3,3.3189655172413794,6.896551724137931,3.1034482758620685,4.137931034482758,4.775862068965519,7.931034482758621,0.028455075533460356,0.047302348120855174,0.03784409935648077,-0.006732534589445632,-0.0352478494106044,,0.9931295589711637,0.9528112841274767,0.12053610827650585,0.2012680211190514,0.09791062119480476,0.12186215009926475,,,86.06999969482422,-0.029085694780455973,0.08665941168413549,-0.12805187220317882,0.6494825545194369,0.7283472962566994,0.85,218744913920.0,4.68,False,4.586206896551724,8.137931034482758,-0.5151932735803535,0.043851878080731745,-0.09860194870355687,0.0,,47.53454644436508,-0.10884277112207351,22.297928,18.416054,4.293196,7.701,0.24002,0.16734,0.4334,0.183,-0.09,50.473,1.885,9592375296.0
C,"Citigroup, Inc.",Financial Services,Banks - Diversified,170,4.880840896664844,Débil,90.3,5.86864406779661,3.11864406779661,6.271186440677965,5.0,4.711864406779662,3.559322033898305,0.028455075533460356,0.047302348120855174,0.03784409935648077,-0.006732534589445632,-0.0352478494106044,,0.9931295589711637,0.9528112841274767,0.12053610827650585,0.2012680211190514,0.03782351709755112,,,,128.5,-0.04103905097940885,0.021525976968365335,-0.13152203298188703,0.37198377108691005,0.6416206261510128,1.097,215550623744.0,2.11,False,5.745762711864407,5.838983050847458,0.20452483072306582,0.022540040223670094,0.20661478599221805,0.0,,39.37437971212794,-0.11338416398575878,13.846983,9.962792,1.1199428,7.49,0.08529,0.21832001,0.36229,0.155,0.61,140.535,1.5739999999999998,
CRWD,"CrowdStrike Holdings, Inc.",Technology,Software - Infrastructure,331,3.8582203473945413,Débil,90.3,0.3021978021978025,2.758241758241758,4.945054945054945,4.5054945054945055,4.411538461538462,7.032967032967034,0.05725986152961707,1.0819543891300671,-0.8945155611930125,6.216447174862654e-05,0.10606530472650776,,0.999619082650299,0.9539245246136695,0.25752066717092936,0.581193586982789,0.059272379447272754,0.801463274836056,,,270.0400085449219,0.2383464038012606,0.7672694467035941,-0.012777487989943936,2.1517274573403578,0.9813947481059704,1.255,276503363584.0,1.45,False,2.868131868131868,7.093406593406593,-0.9932084450804509,0.007216496197862035,-0.125055575012338,0.0,,68.74649294367629,0.0,9001.334,168.1539,54.192257,2510.766,0.01461,0.00834,-0.02259,0.258,0.7725,15.958,1.57,1995385472.0
BML-PJ,Bank of America Corporation Dep,Financial Services,Banks - Diversified,28,5.867525150355386,Neutral,90.3,6.673728813559322,5.3559322033898304,5.338983050847457,5.0,4.711864406779662,7.966101694915254,0.028455075533460356,0.047302348120855174,0.03784409935648077,-0.006732534589445632,-0.0352478494106044,,0.9931295589711637,0.9528112841274767,0.12053610827650585,0.2012680211190514,,,,,19.760000228881836,0.0120207800683656,-0.009579400611001487,-0.07403501286876524,0.04938928459276881,0.37053278173705606,1.164,,6.21,False,6.398305084745763,8.288135593220339,1.8224964825968155,0.022540040223670094,,0.0,,59.163510409171856,-0.010600871059042309,5.6232214,11.2889995,0.50226223,7.49,0.111990005,0.29524,0.38305,0.168,0.341,140.535,1.5739999999999998,
AMGN,Amgen Inc.,Healthcare,Drug Manufacturers - General,179,4.806017237903227,Débil,90.3,1.9921875,9.28125,7.34375,2.421875,4.7640625000000005,2.8125,0.028455075533460356,0.047302348120855174,0.03784409935648077,-0.006732534589445632,-0.0352478494106044,,0.9931295589711637,0.9528112841274767,0.12053610827650585,0.2012680211190514,0.023508861204144773,0.020688093151922674,,,403.0400085449219,-0.014213945348060752,0.10678360394185082,-0.09840500963040089,0.39944447411431216,0.7233855784752682,0.426,217896321024.0,2.48,False,3.203125,6.484375,-0.7804927006532261,0.03967769988667103,-0.030012426281431193,0.0,,47.839795155373515,-0.09249749397440679,25.049099,16.484947,18.641998,15.259,0.91473,0.22951001,0.35548002,0.095,0.649,490.281,1.371,8645624832.0
TMO,Thermo Fisher Scientific Inc,Healthcare,Diagnostics & Research,232,4.616223387096775,Débil,90.3,2.0703125,6.09375,5.46875,5.0,4.7640625000000005,0.46875,0.028455075533460356,0.047302348120855174,0.03784409935648077,-0.006732534589445632,-0.0352478494106044,,0.9931295589711637,0.9528112841274767,0.12053610827650585,0.2012680211190514,0.02520077169410927,0.032754946175637394,,,654.7999877929688,0.06333361230896162,0.20764248815552921,-0.042171952967294035,0.5043535915477033,0.8839184562448412,0.854,242110529536.0,0.29,False,3.203125,8.71875,-0.6270888635691536,0.025761994160078728,-0.0029839459825807824,0.0,,56.66472662783572,-0.03650622870963194,35.2043,23.769205,4.595958,23.842,0.13515,0.15036,0.18751,0.105,0.094,80.575,1.551,6237250048.0
TM,Toyota Motor Corporation,Consumer Cyclical,Auto Manufacturers,103,5.22700802092415,Neutral,90.3,5.608108108108108,5.324324324324325,7.5675675675675675,4.72972972972973,4.727027027027028,8.91891891891892,0.013466854559286846,0.00641521248646216,0.17413402323074625,-0.02615937933969528,-0.0352478494106044,,0.9925326961677924,0.6035688454817705,0.055309791349987814,0.025914492399164768,,,,,181.49000549316406,-0.0477324526874624,-0.0995426988208119,-0.2708316372311609,0.09265506016354053,0.18586963155995248,0.337,214917464064.0,3.42,False,2.5472972972972974,6.027027027027027,-0.5669026810713386,-16.75044179460433,0.2897570825673743,0.0,,35.20151610997259,-0.16441064436841432,8.127631,11.501268,14.758681,6.249,0.12404,0.0863,0.07863,0.104,0.869,114.974,1.169,-3599962472448.0
IBM,International Business Machines,Technology,Information Technology Services,264,4.449283622828784,Débil,90.3,6.0989010989010985,6.56043956043956,1.043956043956044,0.43956043956043966,4.774175824175825,9.615384615384615,0.07441372398217906,0.11847256167282387,0.0547580711232026,-0.01971598510283539,0.05460226265429918,,0.9937798417789561,0.9580285284744481,0.34643039504430995,0.581193586982789,0.002670118249112843,-0.008127148359479412,,,222.63999938964844,-0.038463202173009026,-0.13007514202743042,-0.330325454521902,0.11772679044956291,0.1759585757458426,0.708,209756798976.0,3.0,False,7.079670329670329,2.3186813186813184,-0.5676774725592013,0.0574462905365881,0.08062343091789526,0.0,,41.56080138421548,-0.3189044147569905,19.772646,16.933722,6.088383,16.378,0.34460998,0.15522,0.16548,0.011,-0.018,188.97,0.791,12049750016.0
LIN,Linde plc,Basic Materials,Specialty Chemicals,311,4.0489354838709675,Débil,90.3,1.206896551724138,6.241379310344827,2.931034482758621,1.2931034482758619,4.775862068965519,5.862068965517241,0.028455075533460356,0.047302348120855174,0.03784409935648077,-0.006732534589445632,-0.0352478494106044,,0.9931295589711637,0.9528112841274767,0.12053610827650585,0.2012680211190514,0.022911598376161385,0.0170714141689053,,,479.4800109863281,-0.003345301338320672,-0.01324169402712394,-0.12535568955430854,0.2364743178769615,0.5716245542097501,0.727,221030776832.0,1.36,False,3.3793103448275863,7.689655172413793,-0.6415009205914972,0.01882430193494041,0.13164258690123298,0.0,,56.43199642725898,-0.11997111379692034,30.954165,24.515099,5.6557126,17.441,0.18400998,0.20435,0.28119,0.093,0.113,68.947,0.879,4160750080.0
BAC-PE,Bank of America Corporation Dep,Financial Services,Banks - Diversified,30,5.853618917441224,Neutral,90.3,6.758474576271187,5.3559322033898304,5.338983050847457,5.0,4.711864406779662,7.796610169491526,0.028455075533460356,0.047302348120855174,0.03784409935648077,-0.006732534589445632,-0.0352478494106044,,0.9931295589711637,0.9528112841274767,0.12053610827650585,0.2012680211190514,,,,,18.690000534057617,0.013142695591426445,-0.023160475910682488,-0.15544125666823538,0.04064590946868685,0.17506427829387194,1.164,,6.05,False,6.4576271186440675,8.110169491525422,1.9840839779806565,0.022540040223670094,,0.0,,58.12852799869406,-0.02342060111158683,5.318725,11.2889995,0.47506484,7.49,0.111990005,0.29524,0.38305,0.168,0.341,140.535,1.5739999999999998,
APH,Amphenol Corporation,Technology,Electronic Components,182,4.784054094292804,Débil,90.3,3.434065934065934,7.6923076923076925,5.549450549450549,2.6923076923076925,4.774175824175825,2.307692307692308,0.07441372398217906,0.11847256167282387,0.0547580711232026,-0.01971598510283539,0.05460226265429918,,0.9937798417789561,0.9580285284744481,0.34643039504430995,0.581193586982789,0.11997463698793676,0.15153039837539484,,,86.95999908447266,0.0737910168103697,0.17463828251661995,-0.025767431274113295,0.47377339351703496,0.923979477259053,1.242,214440476672.0,0.58,False,4.906593406593406,6.368131868131868,-0.8066229999340875,0.017806222832830395,0.14632257416616445,0.0,,64.30425322721642,-0.012081823535152678,43.48,26.450584,13.83832,23.752,0.38115,0.17729001,0.29779,0.55,0.593,120.415,1.888,3818374912.0
TD,Toronto Dominion Bank (The),Financial Services,Banks - Diversified,150,4.965924002186988,Débil,90.3,3.4110169491525424,5.3389830508474585,5.084745762711864,5.0,4.711864406779662,5.423728813559322,0.028455075533460356,0.047302348120855174,0.03784409935648077,-0.006732534589445632,-0.0352478494106044,,0.9931295589711637,0.9528112841274767,0.12053610827650585,0.2012680211190514,0.027745866936614155,,,,117.87999725341797,-0.02151864449103713,0.09397277646100499,-0.06049256990979546,0.5122514079976648,0.8402777199793343,0.866,192500006912.0,2.75,False,4.677966101694915,7.635593220338983,-0.23548472279544164,0.022540040223670094,0.013532463384374527,0.0,,41.91246559075261,-0.05544876305387538,17.887709,14.98956,2.1520655,7.49,0.12828,0.26617,0.3802,0.115,0.45,140.535,1.5739999999999998,
STX,Seagate Technology Holdings PLC,Technology,Computer Hardware,244,4.569427543424318,Débil,90.3,2.6098901098901104,8.824175824175823,7.142857142857143,2.197802197802198,4.774175824175825,0.32967032967032966,0.07441372398217906,0.11847256167282387,0.0547580711232026,-0.01971598510283539,0.05460226265429918,,0.9937798417789561,0.9580285284744481,0.34643039504430995,0.581193586982789,0.10762946973447522,0.28116115309864187,,,848.989990234375,-0.00819320316440919,0.3103928890272827,-0.2585240259961791,3.062153063322368,0.6837499895666399,2.087,193054392320.0,0.31,False,3.368131868131868,5.813186813186813,-0.9356110363631751,0.01006840607272022,0.3251039622851486,0.0,,46.457127173485325,-0.2228104812971906,61.07842,15.332644,88.85295,48.09,3.7152898,0.26108998,0.4307,0.485,1.488,179.88,1.67,1943750016.0
MCD,McDonald's Corporation,Consumer Cyclical,Restaurants,116,5.139555318221447,Neutral,90.3,6.047297297297297,7.918918918918919,2.972972972972973,4.121621621621622,4.727027027027028,8.64864864864865,0.013466854559286846,0.00641521248646216,0.17413402323074625,-0.02615937933969528,-0.0352478494106044,,0.9925326961677924,0.6035688454817705,0.055309791349987814,0.025914492399164768,0.009327406674259424,0.004169757697182495,,,231.88999938964844,-0.10765205245166365,-0.20106215635957336,-0.3214630595767419,0.009929878444529416,0.02033172275413255,0.414,164095000576.0,3.33,False,5.621621621621621,3.25,-0.5347957141547504,0.03816310606671776,0.2816719167806738,0.0,,24.01418912562052,-0.2448543547100928,18.83753,16.775675,-160.36653,14.59,0.13569,0.3172,0.46485,0.037,0.057,101.9265,1.081,6262374912.0
TTE,TotalEnergies SE,Energy,Oil & Gas Integrated,119,5.1336035483870965,Neutral,90.3,7.125,5.0,5.0,4.0,4.832500000000001,8.5,0.028455075533460356,0.047302348120855174,0.03784409935648077,-0.006732534589445632,-0.0352478494106044,,0.9931295589711637,0.9528112841274767,0.12053610827650585,0.2012680211190514,,,,,84.4000015258789,-0.04730296977468362,0.019771995489308303,-0.10374852367124454,0.47063951081859035,0.7343665450211774,0.06,186310868992.0,5.02,False,6.499999999999999,3.0749999999999997,0.20707500480775298,0.07262793987924035,0.15995258566413306,0.0,,36.22670184432498,-0.08767049154478057,10.563205,7.8576097,1.4619021,5.592,0.14479999,0.09083,0.12788999,0.278,1.06,48.045,1.061,13531374592.0
TMUS,"T-Mobile US, Inc.",Communication Services,Telecom Services,201,4.719951870967742,Débil,90.3,4.25,7.24,5.0,2.0,4.796000000000001,6.6000000000000005,0.028455075533460356,0.047302348120855174,0.03784409935648077,-0.006732534589445632,-0.0352478494106044,,0.9931295589711637,0.9528112841274767,0.12053610827650585,0.2012680211190514,0.01832544944925923,0.01116582935701922,,,163.63999938964844,-0.07291687077349218,-0.14504801090618413,-0.29166306211735593,0.017598404263717615,0.04030763978989368,0.331,175531982848.0,2.89,False,5.289999999999999,4.199999999999999,-0.35154359710662797,0.0645808205665647,0.4778782748840462,0.0,,37.77946724401067,-0.17484061666949047,17.117153,11.33467,3.126003,8.469,0.17994,0.11455,0.2522,0.079,0.053,214.035,0.924,11335999488.0
PEP,"Pepsico, Inc.",Consumer Defensive,Beverages - Non-Alcoholic,166,4.895249462365591,Débil,90.3,5.0,7.190476190476191,7.976190476190476,2.857142857142857,4.823809523809524,5.7142857142857135,0.003854506623614832,0.014288791474738315,0.0,0.028690686208770404,-0.1069229189439744,,0.8643328893944904,0.8774866308495723,0.015236764355886168,0.05932175918302596,0.015243802744868059,0.004974309079313556,,,125.88999938964844,-0.08222034738679262,-0.14584368451073482,-0.26586191165355466,0.005832529479453896,0.015759917738524202,0.361,171965743104.0,4.71,False,5.428571428571429,2.0,-0.5816627800045027,0.04554322814901282,0.1864615992069163,0.0,,26.047249796993455,-0.1887594440636408,16.520998,14.10948,7.7820363,11.339,0.51508,0.10785,0.16836001,0.064,1.37,238.949,0.934,7831875072.0
ADI,"Analog Devices, Inc.",Technology,Semiconductors,107,5.18254565756824,Neutral,90.3,3.8461538461538467,6.879120879120879,6.978021978021978,3.626373626373627,5.99835164835165,6.153846153846154,0.08305179519153434,0.11847256167282387,0.08725123366411797,0.023795283850190238,0.0026784903366001587,,0.9981569393241789,0.9989295024888831,0.3941520069501159,0.6080985647254193,0.08960233796390253,0.12575316157803768,,,417.1499938964844,0.11317475335229155,0.16246327824426166,-0.06449733377478784,0.8666934885957147,0.8707066799877916,1.205,202136485888.0,1.09,False,5.329670329670329,4.197802197802198,-0.7254443049185971,0.020517518100606348,0.12841605390699984,0.0,,72.28287606624839,-0.060741355702466866,49.542755,25.516695,6.0247836,29.309,0.12227,0.29787,0.39503,0.396,1.635,27.314,1.25,4147339008.0
WFC-PL,Wells Fargo & Company 7.50% Non,Financial Services,Banks - Diversified,196,4.731081465281575,Débil,90.3,4.088983050847458,5.254237288135593,2.9661016949152543,5.0,4.711864406779662,9.322033898305085,0.028455075533460356,0.047302348120855174,0.03784409935648077,-0.006732534589445632,-0.0352478494106044,,0.9931295589711637,0.9528112841274767,0.12053610827650585,0.2012680211190514,,,,,1080.0,-0.055122987554132585,-0.0869921488933203,-0.1428503400820641,0.0176678445229681,0.09434436952802656,0.916,,6.95,False,5.686440677966102,4.042372881355932,0.17817286675650446,0.022540040223670094,,0.0,,31.31126787843958,-0.07761155003954422,12.053354500000001,11.2889995,19.842,7.49,0.12575,0.27232,0.37387002,0.095,0.25,140.535,1.5739999999999998,
BA,Boeing Company (The),Industrials,Aerospace & Defense,279,4.3429589008363205,Débil,90.3,2.7314814814814814,7.148148148148149,4.2592592592592595,1.9444444444444442,4.7851851851851865,5.185185185185185,0.028455075533460356,0.047302348120855174,0.03784409935648077,-0.006732534589445632,-0.0352478494106044,,0.9931295589711637,0.9528112841274767,0.12053610827650585,0.2012680211190514,0.019645461226542777,0.11015650719545368,,,193.55999755859375,-0.08973341190742257,-0.12341801060542057,-0.2390013856552241,0.09498216642300017,0.21642172671556772,1.213,152984027136.0,1.01,False,4.4907407407407405,4.981481481481482,-0.8862964924194561,0.03677099719043966,0.4126011234177165,0.0,,41.20280126721365,-0.19551125250048168,69.37634,46.90283,25.085535,-62.435,1.73537,0.025910001,4.0000003e-05,0.08,0.066,790.875,1.138,5625375232.0
BLK,"BlackRock, Inc.",Financial Services,Asset Management,149,4.968557135046474,Débil,90.3,1.7796610169491522,4.508474576271187,5.593220338983051,9.152542372881356,4.711864406779662,3.898305084745763,0.028455075533460356,0.047302348120855174,0.03784409935648077,-0.006732534589445632,-0.0352478494106044,,0.9931295589711637,0.9528112841274767,0.12053610827650585,0.2012680211190514,0.06478663072535129,0.07446087009994323,,,1059.6300048828125,-0.04468676162056384,-0.0012683562094659706,-0.13140809803530296,0.15504856700292402,0.4701371835492067,1.429,172164644864.0,2.15,False,5.508474576271185,6.084745762711865,-0.4425476137910962,0.04401673064749313,0.24399695547105704,0.0,,43.15824139696342,-0.09956721497306323,25.39861,16.476572,2.850736,15.553,0.122779995,0.24089001,0.35079,0.306,0.196,23.192,2.447,7578124800.0
WFC-PY,Wells Fargo & Company Depositar,Financial Services,Banks - Diversified,129,5.055532804811373,Neutral,90.3,7.139830508474577,5.254237288135593,2.9661016949152543,5.0,4.711864406779662,9.491525423728813,0.028455075533460356,0.047302348120855174,0.03784409935648077,-0.006732534589445632,-0.0352478494106044,,0.9931295589711637,0.9528112841274767,0.12053610827650585,0.2012680211190514,,,,,20.18000030517578,-0.06271538014481093,-0.1310583465816455,-0.19404760210491034,0.018158349613563107,0.06896491495339388,0.916,,6.98,False,6.635593220338983,2.3728813559322033,2.811998495420651,0.022540040223670094,,0.0,,29.76811135097016,-0.13722592892412355,4.176325,11.2889995,0.37075144,7.49,0.12575,0.27232,0.37387002,0.095,0.25,140.535,1.5739999999999998,
ETN,"Eaton Corporation, PLC",Industrials,Specialty Industrial Machinery,113,5.17088870967742,Neutral,90.3,2.5462962962962967,7.333333333333334,3.518518518518518,4.2592592592592595,4.7851851851851865,5.185185185185185,0.028455075533460356,0.047302348120855174,0.03784409935648077,-0.006732534589445632,-0.0352478494106044,,0.9931295589711637,0.9528112841274767,0.12053610827650585,0.2012680211190514,0.05273122430934751,0.04666561516843775,,,436.1099853515625,0.03463783131866105,0.12225531187371552,-0.0876360139088651,0.3981469137970073,0.7477720697950536,1.168,169385115648.0,1.01,False,5.138888888888889,9.36111111111111,-0.753618870399066,0.01833765053155469,0.10330929389777177,0.0,,56.30712422624722,-0.051852349218605744,44.320118,26.888998,8.363089,28.696,0.19684,0.12752,0.16563,0.214,-0.159,105.059,1.24,3106125056.0
UBS,UBS Group AG Registered,Financial Services,Banks - Diversified,298,4.185776107162384,Débil,90.3,4.343220338983051,2.9491525423728815,3.7288135593220337,5.0,4.711864406779662,4.23728813559322,0.028455075533460356,0.047302348120855174,0.03784409935648077,-0.006732534589445632,-0.0352478494106044,,0.9931295589711637,0.9528112841274767,0.12053610827650585,0.2012680211190514,,,,,47.709999084472656,-0.09248616028104861,0.015339675595086977,-0.14780746477676776,0.31450610509636734,0.5797358600544772,0.832,146075713536.0,2.31,False,4.974576271186441,4.525423728813559,-0.08004599422697734,0.022540040223670094,0.1534967733401349,0.0,,33.03910104411035,-0.1437545219086302,16.22789,11.707602,1.6382803,7.49,0.10672,0.17949,0.30999002,0.146,0.206,140.535,1.5739999999999998,
UNP,Union Pacific Corporation,Industrials,Railroads,21,5.958721146953405,Neutral,90.3,5.277777777777779,9.296296296296296,4.62962962962963,3.1481481481481484,4.7851851851851865,9.814814814814815,0.028455075533460356,0.047302348120855174,0.03784409935648077,-0.006732534589445632,-0.0352478494106044,,0.9931295589711637,0.9528112841274767,0.12053610827650585,0.2012680211190514,0.028744964884262713,0.01787695988679862,,,278.2799987792969,-0.043971541837077854,0.051787728384536935,-0.11933922345866366,0.29114275868462336,0.6246267049501978,0.966,165319327744.0,2.09,False,6.8888888888888875,6.814814814814815,-0.6571366133180645,0.028555342829062115,0.18196299210444833,0.0,,44.63778696153826,-0.09995686668548609,22.496363,19.616856,8.50801,14.816,0.39696,0.28847,0.40982,0.115,0.066,150.772,0.986,4720750080.0
TJX,"TJX Companies, Inc. (The)",Consumer Cyclical,Apparel Retail,200,4.721291281604184,Débil,90.3,2.2297297297297294,7.513513513513514,5.810810810810811,4.45945945945946,5.127027027027028,0.8108108108108109,0.016202887855658595,0.045802819435994534,-0.006963386487620732,0.029581261653560748,0.08261276351185097,,0.9844793015266118,0.9999383680273671,0.0670453355672207,0.2012680211190514,0.012649419799834468,0.04516123797944582,,,132.67999267578125,-0.061776566788096066,-0.13099103917456167,-0.21952945484834563,0.08063196510654214,0.20965676992336402,0.593,145944543232.0,1.44,False,3.8243243243243237,6.743243243243242,-0.7451000225323624,0.03013559094846419,0.2797709479448476,0.0,,48.42447717386922,-0.20967507964767787,24.570368,22.98078,14.093903,17.439,0.62171,0.09729,0.10909,0.054,0.236,134.419,1.147,4398125056.0
GILD,"Gilead Sciences, Inc.",Healthcare,Drug Manufacturers - General,322,3.963247580645161,Débil,90.3,2.8515625,3.8125,4.765625,2.34375,4.7640625000000005,2.1875,0.028455075533460356,0.047302348120855174,0.03784409935648077,-0.006732534589445632,-0.0352478494106044,,0.9931295589711637,0.9528112841274767,0.12053610827650585,0.2012680211190514,0.024246719814848015,-0.009295693933359264,,,144.74000549316406,0.012751442041876393,0.059801889346582815,-0.07978888999196343,0.3198979162243669,0.7365107178913305,0.35,179471122432.0,2.22,False,4.4609375,6.375,-0.5750309539423044,0.05443145880865229,0.09612991556431227,0.0,,44.47629457855264,-0.0519420499829042,25.049099,14.636303,15.184643,13.984,-0.2068,-0.10637999,0.33679,0.102,0.025,223.465,1.265,9768875008.0
DE,Deere & Company,Industrials,Farm & Heavy Construction Machinery,101,5.23526027479092,Neutral,90.3,2.7777777777777777,6.777777777777778,5.555555555555555,3.7037037037037037,4.7851851851851865,1.8518518518518516,0.028455075533460356,0.047302348120855174,0.03784409935648077,-0.006732534589445632,-0.0352478494106044,,0.9931295589711637,0.9528112841274767,0.12053610827650585,0.2012680211190514,0.025593271800280062,0.0013973283235076792,,,687.0,0.06103302917053166,0.1705906728970943,-0.04744738082693223,0.5866050808314087,0.8812712511276107,0.911,185232654336.0,0.97,False,6.5,9.49074074074074,-0.7013698842470986,0.024381500811448804,0.00703624454148466,0.0,,56.57549270120251,-0.029374511919511907,38.124306,30.074898,6.617796,27.628,0.18242,0.10168,0.13372,0.049,0.074,230.298,2.132,4516250112.0
WELL,Welltower Inc.,Real Estate,REIT - Healthcare Facilities,227,4.644226979472141,Débil,90.3,0.22727272727272735,4.2727272727272725,6.818181818181818,7.727272727272727,4.981818181818183,1.8181818181818183,0.028455075533460356,0.047302348120855174,0.03784409935648077,-0.006732534589445632,-0.0352478494106044,,0.9931295589711637,0.9528112841274767,0.12053610827650585,0.2012680211190514,0.08467345169347339,0.07878181545643376,,,227.7100067138672,-0.03532656504135079,0.06458033073877867,-0.10771940942842007,0.390595460848044,0.6993986518738895,0.76,164081467392.0,1.5,False,2.3181818181818183,9.363636363636363,-0.7506108923319766,0.01679753597897419,0.1507857901443812,0.0,,40.15716522194254,-0.09322959238359677,102.572075,71.60692,3.5269425,54.652,0.03836,0.12149999,0.16561002,0.391,0.356,41.375,1.317,2756164352.0
SMFG,Sumitomo Mitsui Financial Group,Financial Services,Banks - Diversified,126,5.087459540732641,Neutral,90.3,3.665254237288136,4.762711864406779,6.610169491525424,5.0,4.711864406779662,4.406779661016949,0.028455075533460356,0.047302348120855174,0.03784409935648077,-0.006732534589445632,-0.0352478494106044,,0.9931295589711637,0.9528112841274767,0.12053610827650585,0.2012680211190514,,,,,25.399999618530273,-0.021571663384812312,0.11132742894090364,-0.08037655255140219,0.6732542568201763,0.8215433776953596,0.388,160500760576.0,2.34,False,5.152542372881356,7.847457627118644,-0.02096411783671126,0.022540040223670094,0.24055119973357209,0.0,,43.53570827557519,-0.07837445171511546,14.941175,61.951218,1.5710881,7.49,0.08569,0.27818,0.40895998,0.248,0.35,140.535,1.5739999999999998,
RIO,Rio Tinto Plc,Basic Materials,Other Industrial Metals & Mining,97,5.249419911012237,Neutral,90.3,5.775862068965517,6.172413793103448,4.655172413793103,3.9655172413793105,4.775862068965519,8.793103448275861,0.028455075533460356,0.047302348120855174,0.03784409935648077,-0.006732534589445632,-0.0352478494106044,,0.9931295589711637,0.9528112841274767,0.12053610827650585,0.2012680211190514,,,,,94.20999908447266,-0.04569250771395028,-0.013706154527334258,-0.16317286299100497,0.44162202118550375,0.6110522778842401,0.664,153222168576.0,5.01,False,5.310344827586206,5.431034482758619,-0.13207759605466807,0.02346592575614533,0.1001781234183543,0.0,,39.26888954683491,-0.1406754890319377,12.765582,10.96651,2.3398073,7.445,0.19312,0.19584998,0.28049,0.155,0.469,31.872,1.424,3595500032.0
SCCO,Southern Copper Corporation,Basic Materials,Copper,50,5.65354338153504,Neutral,90.3,1.077586206896552,9.672413793103448,6.724137931034482,5.344827586206897,4.775862068965519,6.8965517241379315,0.028455075533460356,0.047302348120855174,0.03784409935648077,-0.006732534589445632,-0.0352478494106044,,0.9931295589711637,0.9528112841274767,0.12053610827650585,0.2012680211190514,,,,,205.5399932861328,0.04594357576505215,0.1324709713318155,-0.06902802207567349,0.775825814637723,0.8549077506563452,1.151,173546389504.0,2.21,False,3.6206896551724137,9.22413793103448,-0.7715773477233928,0.028839552388870884,-0.16590242483205042,0.0,,56.232350760268474,-0.06445154237050466,30.81559,28.247522,13.993736,17.119,0.49897,0.35866,0.61162996,0.406,0.716,67.863,5.06,5005000192.0
BKNG,Booking Holdings Inc. Common St,Consumer Cyclical,Travel Services,61,5.542047689625109,Neutral,90.3,6.351351351351351,9.108108108108109,7.22972972972973,3.4459459459459465,4.727027027027028,0.40540540540540543,0.013466854559286846,0.00641521248646216,0.17413402323074625,-0.02615937933969528,-0.0352478494106044,,0.9925326961677924,0.6035688454817705,0.055309791349987814,0.025914492399164768,0.020009404511843035,0.003372450829155799,,,159.02000427246094,-0.16247427553942018,-0.13073004094314467,-0.29323060418754443,0.059144826644871085,0.11862845628731784,1.068,119484530688.0,1.05,False,7.277027027027026,4.364864864864865,-0.147056661728032,0.0646600455767277,0.49717698153295076,0.0,,30.45947990445508,-0.2565803280751391,17.649279,12.858299,-11.178125,11.922,0.34542,0.25527,0.34412,0.081,1.3,177.11,1.094,7725875200.0
BBVA,Banco Bilbao Vizcaya Argentaria,Financial Services,Banks - Diversified,57,5.598205030071077,Neutral,90.3,5.27542372881356,8.45762711864407,4.322033898305085,5.0,4.711864406779662,6.440677966101695,0.028455075533460356,0.047302348120855174,0.03784409935648077,-0.006732534589445632,-0.0352478494106044,,0.9931295589711637,0.9528112841274767,0.12053610827650585,0.2012680211190514,0.046732657846909005,,,,26.979999542236328,-0.04937742527724742,0.10005257836493886,-0.0897436051877083,0.5072625442590128,0.7734241518088866,0.89,148458668032.0,4.01,False,4.8559322033898304,6.991525423728813,-0.12563424944188328,0.022540040223670094,-0.09093141526543469,0.0,,36.99848810980724,-0.08974358644356435,12.607476,10.870397,2.3343613,7.49,0.18924,0.32562,0.56409,0.202,0.152,140.535,1.5739999999999998,
BUD,Anheuser-Busch Inbev SA Sponsor,Consumer Defensive,Beverages - Brewers,235,4.603959139784946,Débil,90.3,3.1547619047619047,5.619047619047619,8.333333333333332,4.0476190476190474,4.823809523809524,1.4285714285714284,0.003854506623614832,0.014288791474738315,0.0,0.028690686208770404,-0.1069229189439744,,0.8643328893944904,0.8774866308495723,0.015236764355886168,0.05932175918302596,,,,,73.43000030517578,-0.07913448542672608,-0.03657548961493473,-0.15207851841598397,0.2565024008414747,0.5323153517462992,0.783,144593125376.0,1.84,False,5.095238095238095,4.404761904761904,-0.6084077880693692,0.07395666152310004,0.3125834073189613,0.0,,31.21299583482508,-0.15090197207666411,15.825432,14.953823,9.271689,47.348,0.11392,0.14896,0.27341,0.11,1.249,71.88,0.664,10693624832.0
